QID	cand_solfracs	cand_slack	dual_coil	coil_cons_degree	coil_obj_count	coil_obj_mean	coil_obj_max	coil_obj_min	coil_obj_variance	coil_y_count	coil_y_mean	coil_y_max	coil_y_min	coil_y_variance	coil_product_mean	coil_product_max	coil_product_min	coil_product_variance	coil_weight	coil_weight_C512	coil_weight_C008	coil_weight_RH	coil_num_SR	coil_constraint_bc	coil_in_up	coil_cons_bind_count	coil_cons_bind_max	coil_cons_bind_min	coil_cons_bind_mean	coil_cons_bind_variance	coil_label	
0	0.639105	0.360895	0	0.09375	0.046875	0.596222	0.614906	0.614906	0.00027293	0.046875	0.213035	0.639105	0.639105	0.0907679	0.130997	0.39299	0	0.0343202	0.589656	0.196552	0	0.125617	0	0	0	0.4375	0.046875	0	0.0245536	0.000478316	0	
0	0.290811	0.709189	0	0.03125	0.015625	0.593867	0.593867	0.593867	0	0.015625	0.290811	0.290811	0.290811	0	0.172703	0.172703	0.172703	0	0.398475	0	0.132825	0.0386271	0	0	0	0.4375	0.015625	0	0.00669643	5.97895e-05	1	
0	0.709189	0.290811	0	0.09375	0.046875	0.599024	0.632551	0.632551	0.000628703	0.046875	0.236396	0.709189	0.709189	0.111766	0.13528	0.40584	0	0.0366014	0.427395	0	0.142465	0.101035	0	0	1	0.4375	0.046875	0	0.0200893	0.000538106	0	
0	0.639105	0.360895	0	0.09375	0.046875	0.607396	0.632551	0.632551	0.000585367	0.046875	0.213035	0.639105	0.639105	0.0907679	0.130997	0.39299	0	0.0343202	0.473806	0	0.157935	0.100937	0	0	0	0.4375	0.046875	0	0.0223214	0.000478316	0	
0	0.709189	0.290811	0	0.09375	0.046875	0.599024	0.632551	0.632551	0.000628703	0.046875	0.236396	0.709189	0.709189	0.111766	0.13528	0.40584	0	0.0366014	0.675683	0.225228	0	0.159729	0	0	1	0.4375	0.046875	0	0.0200893	0.000538106	0	
0	0.290811	0.709189	0	0.09375	0.046875	0.574672	0.593867	0.593867	0.000184232	0.046875	0.0969372	0.290811	0.290811	0.0187936	0.0575678	0.172703	0	0.0066281	0.380984	0.126995	0	0.0369315	0	0	0	0.4375	0.046875	0	0.015625	0.000418527	1	
0	0.290811	0.709189	0	0.09375	0.046875	0.574672	0.593867	0.593867	0.000184232	0.046875	0.0969372	0.290811	0.290811	0.0187936	0.0575678	0.172703	0	0.0066281	0.407221	0.13574	0	0.0394749	0	0	0	0.4375	0.046875	0	0.015625	0.000418527	1	
0	0.290811	0.709189	0	0.09375	0.046875	0.574672	0.593867	0.593867	0.000184232	0.046875	0.0969372	0.290811	0.290811	0.0187936	0.0575678	0.172703	0	0.0066281	0.425563	0.141854	0	0.0412529	0	0	0	0.4375	0.046875	0	0.015625	0.000418527	1	
0	0.360895	0.639105	0	0.15625	0.078125	0.607447	0.633155	0.633155	0.000617607	0.078125	0.0721789	0.360895	0.360895	0.0208392	0.0408726	0.204363	0	0.00668227	0.583096	0.194365	0	0.0701454	0	0	1	0.4375	0.078125	0	0.0424107	0.000956633	0	
1	0.871467	0.128533	0	0.09375	0.046875	0.599024	0.632551	0.632551	0.000628703	0.046875	0.290489	0.871467	0.871467	0.168768	0.166235	0.498706	0	0.0552683	0.427395	0	0.142465	0.124154	0	0	1	0.375	0.046875	0	0.0234375	0.000549316	0	
1	0.128533	0.871467	0	0.0625	0.03125	0.573678	0.587728	0.587728	0.000197406	0.03125	0.0642666	0.128533	0.128533	0.00413019	0.0377713	0.0755426	0	0.00142667	0.50536	0.168453	0	0.0216518	0	0	0	0.375	0.03125	0	0.0130208	0.000196669	1	
1	0.871467	0.128533	0	0.09375	0.046875	0.599024	0.632551	0.632551	0.000628703	0.046875	0.290489	0.871467	0.871467	0.168768	0.166235	0.498706	0	0.0552683	0.675683	0.225228	0	0.196278	0	0	1	0.375	0.046875	0	0.0234375	0.000549316	0	
1	0.128533	0.871467	0	0.15625	0.078125	0.59997	0.633155	0.633155	0.000832711	0.078125	0.0257066	0.128533	0.128533	0.00264332	0.0151085	0.0755426	0	0.000913068	0.603398	0.201133	0	0.0258522	0	0	0	0.375	0.078125	0	0.0338542	0.00125461	1	
1	0.903461	0.0965389	0	0.125	0.0625	0.603208	0.633155	0.633155	0.000357554	0.0625	0.225865	0.774928	0.774928	0.103243	0.136229	0.469372	0	0.037946	0.509012	0	0.169671	0.153291	0	0	1	0.375	0.0625	0	0.0338542	0.000847711	0	
2	0.88693	0.11307	0	0.09375	0.046875	0.596222	0.614906	0.614906	0.00027293	0.046875	0.295643	0.621355	0.621355	0.0647991	0.180387	0.382075	0	0.0245571	0.589656	0.196552	0	0.174328	0	0	0	0.375	0.046875	0	0.0286458	0.000440809	0	
2	0.621355	0.378645	0	0.09375	0.046875	0.607396	0.632551	0.632551	0.000585367	0.046875	0.207118	0.621355	0.621355	0.085796	0.127358	0.382075	0	0.0324403	0.473806	0	0.157935	0.0981338	0	0	0	0.375	0.046875	0	0.0260417	0.000461155	1	
2	0.378645	0.621355	0	0.15625	0.078125	0.607447	0.633155	0.633155	0.000617607	0.078125	0.075729	0.265575	0.265575	0.0109281	0.0446229	0.159087	0	0.00389042	0.583096	0.194365	0	0.0735954	0	0	1	0.375	0.078125	0	0.0494792	0.00076633	1	
3	0.817403	0.182597	0	0.0625	0.03125	0.617136	0.618513	0.618513	1.89746e-06	0.03125	0.408701	0.817403	0.817403	0.167037	0.252787	0.505575	0	0.0639014	0.395547	0	0.131849	0.107774	0	0	0	0.5	0.03125	0	0.015625	0.000244141	1	
3	0.0732027	0.926797	0	0.0625	0.03125	0.579471	0.593867	0.593867	0.000207261	0.03125	0.0366014	0.0732027	0.0732027	0.00133966	0.0217363	0.0434727	0	0.000472469	0.407221	0.13574	0	0.00993656	0	0	0	0.5	0.03125	0	0.0117188	0.000167847	0	
4	0.0944018	0.905598	0	0.09375	0.046875	0.596222	0.614906	0.614906	0.00027293	0.046875	0.0314673	0.0944018	0.0944018	0.00198038	0.0188497	0.0565492	0	0.000710626	0.589656	0.196552	0	0.0185549	0	0	0	0.5	0.046875	0	0.0234375	0.000427246	0	
4	0.795537	0.204463	0	0.09375	0.046875	0.608368	0.633155	0.633155	0.000370245	0.046875	0.265179	0.795537	0.795537	0.14064	0.160618	0.481855	0	0.0515965	0.509012	0	0.169671	0.134979	0	0	1	0.5	0.046875	0	0.0234375	0.000427246	1	
5	0.272488	0.727512	0	0.125	0.0625	0.599039	0.614906	0.614906	0.000228512	0.0625	0.0681219	0.272488	0.272488	0.0139218	0.0408069	0.163228	0	0.00499561	0.589656	0.196552	0	0.053558	1	0	0	0.5625	0.0625	0	0.0329861	0.000675154	1	
5	0.621355	0.378645	0	0.15625	0.078125	0.609577	0.632551	0.632551	0.000369827	0.078125	0.124271	0.621355	0.621355	0.0617732	0.0768248	0.384124	0	0.0236082	0.473806	0	0.157935	0.0981338	0	0	0	0.5625	0.078125	0	0.0381944	0.00103684	0	
6	0.902327	0.0976733	0	0.03125	0.015625	0.614906	0.614906	0.614906	0	0.015625	0.902327	0.902327	0.902327	0	0.554846	0.554846	0.554846	0	0.605428	0	0.201809	0.182098	0	0	1	0.3125	0.015625	0	0.009375	5.85938e-05	0	
6	0.902327	0.0976733	0	0.0625	0.03125	0.594819	0.614906	0.614906	0.000403492	0.03125	0.451163	0.902327	0.902327	0.203548	0.277423	0.554846	0	0.0769636	0.589656	0.196552	0	0.177354	0	0	0	0.3125	0.03125	0	0.01875	0.000234375	0	
6	0.826877	0.173123	0	0.09375	0.046875	0.599024	0.632551	0.632551	0.000628703	0.046875	0.275626	0.826877	0.826877	0.151939	0.15773	0.473189	0	0.0497572	0.427395	0	0.142465	0.117801	0	0	1	0.3125	0.046875	0	0.028125	0.000527344	0	
6	0.902327	0.0976733	0	0.09375	0.046875	0.607396	0.632551	0.632551	0.000585367	0.046875	0.300776	0.902327	0.902327	0.180932	0.184949	0.554846	0	0.0684121	0.473806	0	0.157935	0.142509	0	0	0	0.3125	0.046875	0	0.028125	0.000527344	0	
6	0.826877	0.173123	0	0.09375	0.046875	0.599024	0.632551	0.632551	0.000628703	0.046875	0.275626	0.826877	0.826877	0.151939	0.15773	0.473189	0	0.0497572	0.675683	0.225228	0	0.186235	0	0	1	0.3125	0.046875	0	0.028125	0.000527344	0	
6	0.270796	0.729204	0	0.03125	0.015625	0.565074	0.565074	0.565074	0	0.015625	0.270796	0.270796	0.270796	0	0.15302	0.15302	0.15302	0	0.380984	0.126995	0	0.0343896	0	0	0	0.3125	0.015625	0	0.00625	5.85938e-05	1	
6	0.270796	0.729204	0	0.03125	0.015625	0.565074	0.565074	0.565074	0	0.015625	0.270796	0.270796	0.270796	0	0.15302	0.15302	0.15302	0	0.407221	0.13574	0	0.036758	0	0	0	0.3125	0.015625	0	0.00625	5.85938e-05	1	
6	0.270796	0.729204	0	0.03125	0.015625	0.565074	0.565074	0.565074	0	0.015625	0.270796	0.270796	0.270796	0	0.15302	0.15302	0.15302	0	0.425563	0.141854	0	0.0384136	0	0	0	0.3125	0.015625	0	0.00625	5.85938e-05	1	
7	0.939543	0.0604569	0	0.09375	0.046875	0.596222	0.614906	0.614906	0.00027293	0.046875	0.313181	0.85465	0.85465	0.147795	0.192128	0.525529	0	0.0560094	0.589656	0.196552	0	0.184669	0	0	0	0.375	0.046875	0	0.0286458	0.000440809	0	
7	0.85465	0.14535	0	0.09375	0.046875	0.607396	0.632551	0.632551	0.000585367	0.046875	0.284883	0.85465	0.85465	0.162317	0.175176	0.525529	0	0.0613736	0.473806	0	0.157935	0.134979	0	0	0	0.375	0.046875	0	0.0260417	0.000461155	0	
7	0.14535	0.85465	0	0.09375	0.046875	0.599461	0.633087	0.633087	0.00074424	0.046875	0.0484501	0.0848935	0.0848935	0.00127323	0.0283628	0.0508535	0	0.000448254	0.583096	0.194365	0	0.0282511	0	0	1	0.375	0.046875	0	0.0260417	0.000379774	1	
8	0.124253	0.875747	0	0.09375	0.046875	0.596222	0.614906	0.614906	0.00027293	0.046875	0.0414175	0.124253	0.124253	0.00343082	0.0248102	0.0744307	0	0.00123109	0.589656	0.196552	0	0.0244221	0	0	0	0.5	0.046875	0	0.0214844	0.000484467	0	
8	0.756493	0.243507	0	0.09375	0.046875	0.599024	0.632551	0.632551	0.000628703	0.046875	0.252164	0.756493	0.756493	0.127174	0.144304	0.432911	0	0.041647	0.427395	0	0.142465	0.107774	0	0	1	0.5	0.046875	0	0.0175781	0.000514984	0	
8	0.756493	0.243507	0	0.09375	0.046875	0.599024	0.632551	0.632551	0.000628703	0.046875	0.252164	0.756493	0.756493	0.127174	0.144304	0.432911	0	0.041647	0.675683	0.225228	0	0.170383	0	0	1	0.5	0.046875	0	0.0175781	0.000514984	0	
8	0.243507	0.756493	0	0.09375	0.046875	0.617497	0.633155	0.633155	0.000488201	0.046875	0.0811691	0.243507	0.243507	0.0131768	0.0475854	0.142756	0	0.00452874	0.603398	0.201133	0	0.0489773	0	0	0	0.5	0.046875	0	0.0195312	0.000411987	1	
9	0.682392	0.317608	0	0.09375	0.046875	0.596222	0.614906	0.614906	0.00027293	0.046875	0.227464	0.682392	0.682392	0.10348	0.139869	0.419607	0	0.0391267	0.589656	0.196552	0	0.134126	0	0	0	0.5	0.046875	0	0.0214844	0.000484467	1	
9	0.682392	0.317608	0	0.125	0.0625	0.609222	0.632551	0.632551	0.000449026	0.0625	0.170598	0.682392	0.682392	0.0873111	0.104902	0.419607	0	0.0330132	0.473806	0	0.157935	0.107774	0	0	0	0.5	0.0625	0	0.0253906	0.000728607	1	
9	0.0622096	0.93779	0	0.0625	0.03125	0.579471	0.593867	0.593867	0.000207261	0.03125	0.0311048	0.0622096	0.0622096	0.00096751	0.0184721	0.0369443	0	0.00034122	0.407221	0.13574	0	0.00844436	0	0	0	0.5	0.03125	0	0.0117188	0.000167847	0	
9	0.317608	0.682392	0	0.15625	0.078125	0.607447	0.633155	0.633155	0.000617607	0.078125	0.0635216	0.317608	0.317608	0.01614	0.0359702	0.179851	0	0.00517542	0.583096	0.194365	0	0.0617319	0	0	1	0.5	0.078125	0	0.0371094	0.00103378	0	
10	1	1.11022e-16	0	0.21875	0.109375	0.602667	0.623086	0.623086	0.000302556	0.109375	0.142857	0.949446	0.949446	0.108735	0.0811319	0.53764	0	0.0348425	0.605428	0	0.201809	0.201809	0	0	1	0.4375	0.109375	0	0.0446429	0.00233179	0	
10	0.0505544	0.949446	0	0.09375	0.046875	0.596222	0.614906	0.614906	0.00027293	0.046875	0.0168515	0.0505544	0.0505544	0.000567943	0.0100945	0.0302834	0	0.000203797	0.589656	0.196552	0	0.00993656	0	0	0	0.4375	0.046875	0	0.0200893	0.000538106	0	
10	1	1.11022e-16	0	0.15625	0.078125	0.607447	0.633155	0.633155	0.000617607	0.078125	0.2	0.949446	0.949446	0.140801	0.113585	0.53764	0	0.0450933	0.583096	0.194365	0	0.194365	0	0	1	0.4375	0.078125	0	0.03125	0.00132533	0	
10	0.858106	0.141894	0	0.1875	0.09375	0.60515	0.633155	0.633155	0.00031172	0.09375	0.143018	0.858106	0.858106	0.10227	0.0840555	0.504333	0	0.0353267	0.509012	0	0.169671	0.145595	0	0	1	0.4375	0.09375	0	0.0424107	0.00172393	1	
11	0.613097	0.386903	0	0.0625	0.03125	0.573678	0.587728	0.587728	0.000197406	0.03125	0.306548	0.613097	0.613097	0.093972	0.180167	0.360334	0	0.0324602	0.50536	0.168453	0	0.103278	0	0	0	0.625	0.03125	0	0.009375	0.00015625	0	
11	0.386903	0.613097	0	0.15625	0.078125	0.609577	0.632551	0.632551	0.000369827	0.078125	0.0773806	0.386903	0.386903	0.023951	0.0444731	0.222366	0	0.00791143	0.473806	0	0.157935	0.0611056	0	0	0	0.625	0.078125	0	0.0453125	0.000803223	1	
11	0.185613	0.814387	0	0.0625	0.03125	0.634732	0.639342	0.639342	2.12542e-05	0.03125	0.0928065	0.185613	0.185613	0.00861304	0.0593351	0.11867	0	0.00352065	0.598475	0	0.199492	0.0370282	0	0	0	0.625	0.03125	0	0.0078125	0.000158691	1	
11	0.613097	0.386903	0	0.15625	0.078125	0.59997	0.633155	0.633155	0.000832711	0.078125	0.122619	0.613097	0.613097	0.0601421	0.0720669	0.360334	0	0.0207745	0.603398	0.201133	0	0.123314	0	0	0	0.625	0.078125	0	0.028125	0.000966797	0	
12	0.701397	0.298603	0	0.125	0.0625	0.609103	0.639342	0.639342	0.000776318	0.0625	0.175349	0.701397	0.701397	0.092242	0.100345	0.401381	0	0.0302076	0.427395	0	0.142465	0.0999245	0	0	1	0.5	0.0625	0	0.0234375	0.000915527	1	
12	0.890709	0.109291	0	0.0625	0.03125	0.625377	0.632551	0.632551	5.14599e-05	0.03125	0.445355	0.890709	0.890709	0.198341	0.27532	0.55064	0	0.0758011	0.473806	0	0.157935	0.140674	0	0	0	0.5	0.03125	0	0.015625	0.000183105	0	
12	0.701397	0.298603	0	0.125	0.0625	0.609103	0.639342	0.639342	0.000776318	0.0625	0.175349	0.701397	0.701397	0.092242	0.100345	0.401381	0	0.0302076	0.675683	0.225228	0	0.157974	0	0	1	0.5	0.0625	0	0.0234375	0.000915527	1	
12	0.298603	0.701397	0	0.03125	0.015625	0.565074	0.565074	0.565074	0	0.015625	0.298603	0.298603	0.298603	0	0.168733	0.168733	0.168733	0	0.380984	0.126995	0	0.037921	0	0	0	0.5	0.015625	0	0.00390625	4.57764e-05	0	
12	0.298603	0.701397	0	0.03125	0.015625	0.565074	0.565074	0.565074	0	0.015625	0.298603	0.298603	0.298603	0	0.168733	0.168733	0.168733	0	0.407221	0.13574	0	0.0405325	0	0	0	0.5	0.015625	0	0.00390625	4.57764e-05	0	
12	0.298603	0.701397	0	0.03125	0.015625	0.565074	0.565074	0.565074	0	0.015625	0.298603	0.298603	0.298603	0	0.168733	0.168733	0.168733	0	0.425563	0.141854	0	0.0423582	0	0	0	0.5	0.015625	0	0.00390625	4.57764e-05	0	
13	0.624563	0.375437	0	0.0625	0.03125	0.594819	0.614906	0.614906	0.000403492	0.03125	0.312281	0.624563	0.624563	0.0975197	0.192024	0.384048	0	0.0368732	0.589656	0.196552	0	0.122759	0	0	0	0.4375	0.03125	0	0.015625	0.000209263	0	
13	0.375437	0.624563	0	0.1875	0.09375	0.636545	0.691619	0.691619	0.00202367	0.09375	0.0625728	0.375437	0.375437	0.0195768	0.0400054	0.240033	0	0.00800217	0.427395	0	0.142465	0.0534866	0	0	1	0.4375	0.09375	0	0.0424107	0.00172393	0	
13	0.624563	0.375437	0	0.0625	0.03125	0.573678	0.587728	0.587728	0.000197406	0.03125	0.312281	0.624563	0.624563	0.0975197	0.183537	0.367073	0	0.0336857	0.50536	0.168453	0	0.10521	0	0	0	0.4375	0.03125	0	0.0133929	0.000169404	0	
13	0.710517	0.289483	0	0.15625	0.078125	0.633588	0.691619	0.691619	0.00152074	0.078125	0.142103	0.624563	0.624563	0.0593	0.0880546	0.384048	0	0.0223772	0.473806	0	0.157935	0.112216	0	0	0	0.4375	0.078125	0	0.0379464	0.000966598	0	
13	0.375437	0.624563	0	0.15625	0.078125	0.62553	0.691238	0.691238	0.00170045	0.078125	0.0750874	0.375437	0.375437	0.0225525	0.0480065	0.240033	0	0.0092185	0.675683	0.225228	0	0.0845588	0	0	1	0.4375	0.078125	0	0.0357143	0.00137516	0	
13	0.375437	0.624563	0	0.0625	0.03125	0.634732	0.639342	0.639342	2.12542e-05	0.03125	0.187719	0.375437	0.375437	0.0352382	0.120016	0.240033	0	0.0144039	0.598475	0	0.199492	0.0748966	0	0	0	0.4375	0.03125	0	0.0111607	0.000189334	1	
13	0.624563	0.375437	0	0.09375	0.046875	0.577869	0.587728	0.587728	0.000166726	0.046875	0.208188	0.624563	0.624563	0.0866842	0.122358	0.367073	0	0.0299429	0.603398	0.201133	0	0.12562	0	0	0	0.4375	0.046875	0	0.0223214	0.000408562	0	
14	0.747398	0.252602	0	0.03125	0.015625	0.614906	0.614906	0.614906	0	0.015625	0.747398	0.747398	0.747398	0	0.45958	0.45958	0.45958	0	0.605428	0	0.201809	0.150832	0	0	1	0.375	0.015625	0	0.0078125	6.10352e-05	0	
14	0.781967	0.218033	0	0.0625	0.03125	0.594819	0.614906	0.614906	0.000403492	0.03125	0.390984	0.747398	0.747398	0.127032	0.239724	0.45958	0.0198678	0.0483367	0.589656	0.196552	0	0.153697	0	0	0	0.375	0.03125	0	0.015625	0.000244141	0	
14	0.781967	0.218033	0	0.09375	0.046875	0.607396	0.632551	0.632551	0.000585367	0.046875	0.260656	0.747398	0.747398	0.118658	0.159816	0.45958	0	0.044995	0.473806	0	0.157935	0.1235	0	0	0	0.375	0.046875	0	0.0260417	0.000461155	0	
14	0.218033	0.781967	0	0.0625	0.03125	0.60645	0.612478	0.612478	3.6337e-05	0.03125	0.109016	0.218033	0.218033	0.0118846	0.0667702	0.13354	0	0.00445826	0.352392	0	0.117464	0.025611	0	0	1	0.375	0.03125	0	0.015625	0.000244141	0	
14	0.218033	0.781967	0	0.09375	0.046875	0.602831	0.612478	0.612478	5.04215e-05	0.046875	0.0726776	0.218033	0.218033	0.0105641	0.0445135	0.13354	0	0.00396289	0.363811	0.12127	0	0.0264409	0	0	1	0.375	0.046875	0	0.0208333	0.000461155	1	
14	0.218033	0.781967	0	0.125	0.0625	0.62842	0.705188	0.705188	0.00200226	0.0625	0.0545082	0.218033	0.218033	0.00891343	0.0333851	0.13354	0	0.00334369	0.37319	0.124397	0	0.0271225	0	0	1	0.375	0.0625	0	0.0260417	0.000786675	1	
14	0.218033	0.781967	0	0.09375	0.046875	0.637753	0.705188	0.705188	0.00232128	0.046875	0.0726776	0.218033	0.218033	0.0105641	0.0445135	0.13354	0	0.00396289	0.559493	0.186498	0	0.0406626	0	0	1	0.375	0.046875	0	0.0182292	0.000440809	1	
15	0.481187	0.518813	0	0.125	0.0625	0.609103	0.639342	0.639342	0.000776318	0.0625	0.120297	0.410451	0.410451	0.0288971	0.076214	0.259631	0	0.0115548	0.427395	0	0.142465	0.0685524	0	0	1	0.6875	0.0625	0	0.0184659	0.000746546	1	
15	0.929264	0.0707363	0	0.0625	0.03125	0.573678	0.587728	0.587728	0.000197406	0.03125	0.464632	0.929264	0.929264	0.215883	0.273077	0.546155	0	0.0745712	0.50536	0.168453	0	0.156538	0	0	0	0.6875	0.03125	0	0.00852273	0.000149309	0	
15	0.481187	0.518813	0	0.125	0.0625	0.609103	0.639342	0.639342	0.000776318	0.0625	0.120297	0.410451	0.410451	0.0288971	0.076214	0.259631	0	0.0115548	0.675683	0.225228	0	0.108377	0	0	1	0.6875	0.0625	0	0.0184659	0.000746546	1	
15	0.0707363	0.929264	0	0.0625	0.03125	0.634732	0.639342	0.639342	2.12542e-05	0.03125	0.0353681	0.0707363	0.0707363	0.0012509	0.0226123	0.0452246	0	0.000511317	0.598475	0	0.199492	0.0141113	0	0	0	0.6875	0.03125	0	0.00710227	0.000149309	0	
15	0.929264	0.0707363	0	0.15625	0.078125	0.59997	0.633155	0.633155	0.000832711	0.078125	0.185853	0.929264	0.929264	0.138165	0.109231	0.546155	0	0.0477256	0.603398	0.201133	0	0.186905	0	0	0	0.6875	0.078125	0	0.0255682	0.000944279	0	
16	0.793581	0.206419	0	0.0625	0.03125	0.573678	0.587728	0.587728	0.000197406	0.03125	0.39679	0.793581	0.793581	0.157443	0.233205	0.46641	0	0.0543845	0.50536	0.168453	0	0.133681	0	0	0	0.4375	0.03125	0	0.0111607	0.000189334	0	
16	0.703836	0.296164	0	0.09375	0.046875	0.601287	0.639342	0.639342	0.000790738	0.046875	0.234612	0.703836	0.703836	0.110086	0.134259	0.402777	0	0.036051	0.675683	0.225228	0	0.158523	0	0	1	0.4375	0.046875	0	0.0267857	0.000538106	0	
16	0.502583	0.497417	0	0.09375	0.046875	0.6307	0.639342	0.639342	4.66741e-05	0.046875	0.167528	0.296164	0.296164	0.0153751	0.104824	0.184403	0	0.00598606	0.598475	0	0.199492	0.100261	0	0	0	0.4375	0.046875	0	0.0200893	0.000398597	1	
16	0.793581	0.206419	0	0.15625	0.078125	0.59997	0.633155	0.633155	0.000832711	0.078125	0.158716	0.793581	0.793581	0.100763	0.093282	0.46641	0	0.0348061	0.603398	0.201133	0	0.159615	0	0	0	0.4375	0.078125	0	0.0290179	0.00121572	0	
16	0.206419	0.793581	0	0.03125	0.015625	0.630121	0.630121	0.630121	0	0.015625	0.206419	0.206419	0.206419	0	0.130069	0.130069	0.130069	0	0.478094	0	0.159365	0.0328959	0	0	0	0.4375	0.015625	0	0.00446429	4.98246e-05	0	
16	0.793581	0.206419	0	0.125	0.0625	0.603208	0.633155	0.633155	0.000357554	0.0625	0.198395	0.793581	0.793581	0.118082	0.116602	0.46641	0	0.0407884	0.509012	0	0.169671	0.134647	0	0	1	0.4375	0.0625	0	0.0290179	0.000866948	0	
17	0.910336	0.0896642	0	0.09375	0.046875	0.599024	0.632551	0.632551	0.000628703	0.046875	0.303445	0.910336	0.910336	0.184158	0.17365	0.520949	0	0.0603084	0.427395	0	0.142465	0.129691	0	0	1	0.5	0.046875	0	0.0175781	0.000514984	0	
17	0.910336	0.0896642	0	0.09375	0.046875	0.599024	0.632551	0.632551	0.000628703	0.046875	0.303445	0.910336	0.910336	0.184158	0.17365	0.520949	0	0.0603084	0.675683	0.225228	0	0.205033	0	0	1	0.5	0.046875	0	0.0175781	0.000514984	0	
17	0.858045	0.141955	0	0.0625	0.03125	0.561696	0.561951	0.561951	6.49404e-08	0.03125	0.429023	0.858045	0.858045	0.18406	0.240871	0.481742	0	0.0580188	0.463187	0	0.154396	0.132479	0	0	1	0.5	0.03125	0	0.015625	0.000244141	0	
17	0.0896642	0.910336	0	0.09375	0.046875	0.602831	0.612478	0.612478	5.04215e-05	0.046875	0.0298881	0.0896642	0.0896642	0.00178659	0.0178011	0.0534034	0	0.00063376	0.363811	0.12127	0	0.0108736	0	0	1	0.5	0.046875	0	0.015625	0.000427246	1	
17	0.0896642	0.910336	0	0.125	0.0625	0.62842	0.705188	0.705188	0.00200226	0.0625	0.0224161	0.0896642	0.0896642	0.00150744	0.0133508	0.0534034	0	0.000534735	0.37319	0.124397	0	0.0111539	0	0	1	0.5	0.0625	0	0.0195312	0.000717163	1	
17	0.0896642	0.910336	0	0.09375	0.046875	0.637753	0.705188	0.705188	0.00232128	0.046875	0.0298881	0.0896642	0.0896642	0.00178659	0.0178011	0.0534034	0	0.00063376	0.559493	0.186498	0	0.0167222	0	0	1	0.5	0.046875	0	0.0136719	0.000392914	1	
18	0.0982057	0.901794	0	0.09375	0.046875	0.596222	0.614906	0.614906	0.00027293	0.046875	0.0327352	0.0982057	0.0982057	0.00214319	0.0196093	0.0588279	0	0.000769049	0.589656	0.196552	0	0.0193025	0	0	0	0.5	0.046875	0	0.0214844	0.000484467	0	
18	0.756493	0.243507	0	0.09375	0.046875	0.599024	0.632551	0.632551	0.000628703	0.046875	0.252164	0.756493	0.756493	0.127174	0.144304	0.432911	0	0.041647	0.427395	0	0.142465	0.107774	0	0	1	0.5	0.046875	0	0.0175781	0.000514984	0	
18	0.756493	0.243507	0	0.09375	0.046875	0.599024	0.632551	0.632551	0.000628703	0.046875	0.252164	0.756493	0.756493	0.127174	0.144304	0.432911	0	0.041647	0.675683	0.225228	0	0.170383	0	0	1	0.5	0.046875	0	0.0175781	0.000514984	0	
18	0.243507	0.756493	0	0.15625	0.078125	0.607447	0.633155	0.633155	0.000617607	0.078125	0.0487015	0.145302	0.145302	0.00377955	0.0282215	0.0822795	0	0.00124968	0.583096	0.194365	0	0.0473294	0	0	1	0.5	0.078125	0	0.0410156	0.000850677	1	
19	0.880703	0.119297	0	0.21875	0.109375	0.602667	0.623086	0.623086	0.000302556	0.109375	0.125815	0.880703	0.880703	0.0949761	0.0712448	0.498713	0	0.0304549	0.605428	0	0.201809	0.177734	0	0	1	0.75	0.109375	0	0.0299479	0.00180901	1	
19	0.244023	0.755977	0	0.1875	0.09375	0.609653	0.625277	0.625277	0.000524766	0.09375	0.0406705	0.119297	0.119297	0.00309475	0.0242121	0.0744666	0	0.00109729	0.407221	0.13574	0	0.0331238	0	0	0	0.75	0.09375	0	0.0429688	0.00146993	0	
19	0.880703	0.119297	0	0.15625	0.078125	0.607447	0.633155	0.633155	0.000617607	0.078125	0.176141	0.880703	0.880703	0.124102	0.0997427	0.498713	0	0.0397944	0.583096	0.194365	0	0.171178	0	0	1	0.75	0.078125	0	0.0234375	0.000956217	0	
20	0.816888	0.183112	0	0.0625	0.03125	0.616452	0.618204	0.618204	3.0697e-06	0.03125	0.408444	0.816888	0.816888	0.166827	0.252502	0.505003	0	0.0637571	0.473806	0	0.157935	0.129015	0	0	0	0.5	0.03125	0	0.015625	0.000183105	0	
20	0.689058	0.310942	0	0.03125	0.015625	0.565074	0.565074	0.565074	0	0.015625	0.689058	0.689058	0.689058	0	0.389369	0.389369	0.389369	0	0.380984	0.126995	0	0.0875066	0	0	0	0.5	0.015625	0	0.00390625	4.57764e-05	0	
20	0.310942	0.689058	0	0.03125	0.015625	0.630121	0.630121	0.630121	0	0.015625	0.310942	0.310942	0.310942	0	0.195931	0.195931	0.195931	0	0.598475	0	0.199492	0.0620303	0	0	0	0.5	0.015625	0	0.00390625	4.57764e-05	0	
20	0.689058	0.310942	0	0.03125	0.015625	0.565074	0.565074	0.565074	0	0.015625	0.689058	0.689058	0.689058	0	0.389369	0.389369	0.389369	0	0.407221	0.13574	0	0.093533	0	0	0	0.5	0.015625	0	0.00390625	4.57764e-05	0	
20	0.689058	0.310942	0	0.03125	0.015625	0.565074	0.565074	0.565074	0	0.015625	0.689058	0.689058	0.689058	0	0.389369	0.389369	0.389369	0	0.425563	0.141854	0	0.0977459	0	0	0	0.5	0.015625	0	0.00390625	4.57764e-05	0	
20	0.310942	0.689058	0	0.03125	0.015625	0.630121	0.630121	0.630121	0	0.015625	0.310942	0.310942	0.310942	0	0.195931	0.195931	0.195931	0	0.478094	0	0.159365	0.0495531	0	0	0	0.5	0.015625	0	0.00390625	4.57764e-05	1	
21	0.87607	0.12393	0	0.15625	0.078125	0.61017	0.635003	0.635003	0.000573848	0.078125	0.175214	0.68754	0.68754	0.0677485	0.107337	0.42504	0	0.0260051	0.605428	0	0.201809	0.176799	1	0	1	0.5625	0.078125	0	0.0451389	0.000892168	1	
21	0.68754	0.31246	0	0.0625	0.03125	0.625377	0.632551	0.632551	5.14599e-05	0.03125	0.34377	0.68754	0.68754	0.118178	0.21252	0.42504	0	0.0451646	0.473806	0	0.157935	0.108587	0	0	0	0.5625	0.03125	0	0.0138889	0.000186873	0	
21	0.12393	0.87607	0	0.0625	0.03125	0.60645	0.612478	0.612478	3.6337e-05	0.03125	0.0619648	0.12393	0.12393	0.00383964	0.0379521	0.0759042	0	0.00144036	0.352392	0	0.117464	0.0145573	0	0	1	0.5625	0.03125	0	0.0104167	0.000217014	0	
21	0.12393	0.87607	0	0.09375	0.046875	0.602831	0.612478	0.612478	5.04215e-05	0.046875	0.0413099	0.12393	0.12393	0.00341301	0.0253014	0.0759042	0	0.00128032	0.363811	0.12127	0	0.015029	0	0	1	0.5625	0.046875	0	0.0138889	0.000403887	0	
21	0.12393	0.87607	0	0.125	0.0625	0.62842	0.705188	0.705188	0.00200226	0.0625	0.0309824	0.12393	0.12393	0.00287973	0.0189761	0.0759042	0	0.00108027	0.37319	0.124397	0	0.0154164	0	0	1	0.5625	0.0625	0	0.0173611	0.000675154	0	
21	0.12393	0.87607	0	0.09375	0.046875	0.637753	0.705188	0.705188	0.00232128	0.046875	0.0413099	0.12393	0.12393	0.00341301	0.0253014	0.0759042	0	0.00128032	0.559493	0.186498	0	0.0231126	0	0	1	0.5625	0.046875	0	0.0121528	0.000367718	0	
22	0.703674	0.296326	0	0.15625	0.078125	0.60082	0.618204	0.618204	0.000344302	0.078125	0.140735	0.386903	0.386903	0.0302013	0.0848201	0.234346	0	0.0109905	0.605428	0	0.201809	0.142008	1	0	1	0.625	0.078125	0	0.0484375	0.000900879	0	
22	0.613097	0.386903	0	0.0625	0.03125	0.573678	0.587728	0.587728	0.000197406	0.03125	0.306548	0.613097	0.613097	0.093972	0.180167	0.360334	0	0.0324602	0.50536	0.168453	0	0.103278	0	0	0	0.625	0.03125	0	0.0078125	0.000158691	1	
22	0.613097	0.386903	0	0.15625	0.078125	0.59997	0.633155	0.633155	0.000832711	0.078125	0.122619	0.613097	0.613097	0.0601421	0.0720669	0.360334	0	0.0207745	0.603398	0.201133	0	0.123314	0	0	0	0.625	0.078125	0	0.0234375	0.00098877	1	
23	0.399609	0.600391	0	0.0625	0.03125	0.573678	0.587728	0.587728	0.000197406	0.03125	0.199805	0.399609	0.399609	0.0399219	0.117431	0.234862	0	0.01379	0.50536	0.168453	0	0.0673155	0	0	0	0.6875	0.03125	0	0.00852273	0.000149309	0	
23	0.399609	0.600391	0	0.15625	0.078125	0.59997	0.633155	0.633155	0.000832711	0.078125	0.0799218	0.399609	0.399609	0.02555	0.0469723	0.234862	0	0.00882559	0.603398	0.201133	0	0.0803745	0	0	0	0.6875	0.078125	0	0.0255682	0.000944279	0	
23	0.703735	0.296265	0	0.0625	0.03125	0.60645	0.612478	0.612478	3.6337e-05	0.03125	0.351868	0.703735	0.703735	0.123811	0.215511	0.431023	0	0.0464451	0.352392	0	0.117464	0.0826637	0	0	1	0.6875	0.03125	0	0.00852273	0.000193698	1	
23	0.703735	0.296265	0	0.09375	0.046875	0.602831	0.612478	0.612478	5.04215e-05	0.046875	0.234578	0.703735	0.703735	0.110054	0.143674	0.431023	0	0.0412846	0.363811	0.12127	0	0.0853423	0	0	1	0.6875	0.046875	0	0.0113636	0.000359149	1	
23	0.703735	0.296265	0	0.125	0.0625	0.62842	0.705188	0.705188	0.00200226	0.0625	0.175934	0.703735	0.703735	0.0928582	0.107756	0.431023	0	0.0348339	0.37319	0.124397	0	0.0875423	0	0	1	0.6875	0.0625	0	0.0142045	0.000597237	1	
23	0.703735	0.296265	0	0.09375	0.046875	0.637753	0.705188	0.705188	0.00232128	0.046875	0.234578	0.703735	0.703735	0.110054	0.143674	0.431023	0	0.0412846	0.559493	0.186498	0	0.131245	0	0	1	0.6875	0.046875	0	0.00994318	0.000322831	1	
24	0.72974	0.27026	0	0.03125	0.015625	0.574732	0.574732	0.574732	0	0.015625	0.72974	0.72974	0.72974	0	0.419405	0.419405	0.419405	0	0.589656	0.196552	0	0.143432	0	0	0	0.375	0.015625	0	0.0078125	6.10352e-05	0	
24	0.27026	0.72974	0	0.125	0.0625	0.609103	0.639342	0.639342	0.000776318	0.0625	0.0675651	0.150056	0.150056	0.00467643	0.0406807	0.085871	0	0.00166508	0.427395	0	0.142465	0.0385026	0	0	1	0.375	0.0625	0	0.03125	0.000976562	0	
24	0.72974	0.27026	0	0.0625	0.03125	0.603641	0.632551	0.632551	0.000835751	0.03125	0.36487	0.72974	0.72974	0.13313	0.209702	0.419405	0	0.0439751	0.473806	0	0.157935	0.115252	0	0	0	0.375	0.03125	0	0.015625	0.000244141	0	
24	0.27026	0.72974	0	0.125	0.0625	0.609103	0.639342	0.639342	0.000776318	0.0625	0.0675651	0.150056	0.150056	0.00467643	0.0406807	0.085871	0	0.00166508	0.675683	0.225228	0	0.06087	0	0	1	0.375	0.0625	0	0.03125	0.000976562	0	
24	0.120204	0.879796	0	0.0625	0.03125	0.634732	0.639342	0.639342	2.12542e-05	0.03125	0.0601021	0.120204	0.120204	0.00361226	0.0384258	0.0768516	0	0.00147654	0.598475	0	0.199492	0.0239797	0	0	0	0.375	0.03125	0	0.0130208	0.000196669	1	
25	0.145105	0.854895	0	0.1875	0.09375	0.609653	0.625277	0.625277	0.000524766	0.09375	0.0241842	0.0620621	0.0620621	0.000772394	0.0144881	0.0387399	0	0.00027389	0.407221	0.13574	0	0.0196966	0	0	0	0.6875	0.09375	0	0.046875	0.00142045	0	
25	0.937938	0.0620621	0	0.09375	0.046875	0.561441	0.561951	0.561951	1.73174e-07	0.046875	0.312646	0.937938	0.937938	0.195495	0.175532	0.526597	0	0.0616232	0.471789	0.157263	0	0.147503	0	0	1	0.6875	0.046875	0	0.0127841	0.000435821	0	
25	0.937938	0.0620621	0	0.0625	0.03125	0.561696	0.561951	0.561951	6.49404e-08	0.03125	0.468969	0.937938	0.937938	0.219932	0.263298	0.526597	0	0.069326	0.463187	0	0.154396	0.144814	0	0	1	0.6875	0.03125	0	0.00852273	0.000193698	0	
25	0.937938	0.0620621	0	0.09375	0.046875	0.561441	0.561951	0.561951	1.73174e-07	0.046875	0.312646	0.937938	0.937938	0.195495	0.175532	0.526597	0	0.0616232	0.700577	0	0.233526	0.219033	0	0	1	0.6875	0.046875	0	0.0127841	0.000435821	1	
26	0.720575	0.279425	0	0.03125	0.015625	0.614906	0.614906	0.614906	0	0.015625	0.720575	0.720575	0.720575	0	0.443086	0.443086	0.443086	0	0.605428	0	0.201809	0.145419	0	0	1	0.5	0.015625	0	0.0078125	6.10352e-05	1	
26	0.863574	0.136426	0	0.09375	0.046875	0.599024	0.632551	0.632551	0.000628703	0.046875	0.287858	0.863574	0.863574	0.165725	0.16473	0.494189	0	0.0542718	0.427395	0	0.142465	0.123029	0	0	1	0.5	0.046875	0	0.0234375	0.000549316	0	
26	0.136426	0.863574	0	0.125	0.0625	0.634028	0.65161	0.65161	0.000397231	0.0625	0.0341064	0.136426	0.136426	0.00348974	0.0217844	0.0871375	0	0.00142368	0.352392	0	0.117464	0.0160251	0	0	1	0.5	0.0625	0	0.0253906	0.000850677	0	
26	0.136426	0.863574	0	0.1875	0.09375	0.680218	0.821336	0.821336	0.00532369	0.09375	0.0227376	0.136426	0.136426	0.00258499	0.0145229	0.0871375	0	0.00105457	0.363811	0.12127	0	0.0165444	0	0	1	0.5	0.09375	0	0.0351562	0.00157166	0	
26	0.136426	0.863574	0	0.15625	0.078125	0.68719	0.821336	0.821336	0.00609683	0.078125	0.0272851	0.136426	0.136426	0.00297791	0.0174275	0.0871375	0	0.00121487	0.37319	0.124397	0	0.0169709	0	0	1	0.5	0.078125	0	0.0292969	0.0010643	0	
26	0.136426	0.863574	0	0.09375	0.046875	0.667885	0.719574	0.719574	0.00134326	0.046875	0.0454752	0.136426	0.136426	0.00413599	0.0290458	0.0871375	0	0.00168732	0.392654	0.130885	0	0.017856	0	0	0	0.5	0.046875	0	0.015625	0.000427246	0	
27	0.0505544	0.949446	0	0.09375	0.046875	0.596222	0.614906	0.614906	0.00027293	0.046875	0.0168515	0.0505544	0.0505544	0.000567943	0.0100945	0.0302834	0	0.000203797	0.589656	0.196552	0	0.00993656	0	0	0	0.625	0.046875	0	0.01875	0.000429688	1	
27	0.844068	0.155932	0	0.0625	0.03125	0.561696	0.561951	0.561951	6.49404e-08	0.03125	0.422034	0.844068	0.844068	0.178113	0.236947	0.473894	0	0.056144	0.463187	0	0.154396	0.130321	0	0	1	0.625	0.03125	0	0.0125	0.000234375	0	
28	0.828099	0.171901	0	0.125	0.0625	0.596475	0.614906	0.614906	0.000335946	0.0625	0.207025	0.828099	0.828099	0.128578	0.125394	0.501577	0	0.0471712	0.605428	0	0.201809	0.167118	0	0	1	0.5	0.0625	0	0.03125	0.000793457	1	
28	0.0944018	0.905598	0	0.15625	0.078125	0.611782	0.63522	0.63522	0.000526928	0.078125	0.0188804	0.0944018	0.0944018	0.00142587	0.0119932	0.059966	0	0.000575347	0.589656	0.196552	0	0.0185549	0	0	0	0.5	0.078125	0	0.0351562	0.00120544	0	
29	1	2.22045e-16	0.0406224	0.1875	0.09375	0.610789	0.625277	0.625277	0.000220296	0.09375	0.166667	0.914486	0.914486	0.112009	0.103028	0.565622	0	0.0428602	0.398475	0	0.132825	0.132825	0	0	0	0.75	0.09375	0	0.0481771	0.00176832	0	
29	1	1.11022e-16	0.0720355	0.1875	0.09375	0.622208	0.625277	0.625277	1.36854e-05	0.09375	0.166667	0.914486	0.914486	0.112009	0.103177	0.565622	0	0.0428346	0.395547	0	0.131849	0.131849	0	0	0	0.75	0.09375	0	0.046875	0.00170898	0	
29	1	1.11022e-16	-0.00368226	0.21875	0.109375	0.605466	0.625277	0.625277	0.000481246	0.109375	0.142857	0.914486	0.914486	0.0994094	0.0883094	0.565622	0	0.0380371	0.380984	0.126995	0	0.126995	0	0	0	0.75	0.109375	0	0.0520833	0.00217014	0	
29	0.114018	0.885982	0	0.1875	0.09375	0.609653	0.625277	0.625277	0.000524766	0.09375	0.019003	0.0285045	0.0285045	0.000180557	0.0117279	0.0178232	0	6.88694e-05	0.407221	0.13574	0	0.0154768	0	0	0	0.75	0.09375	0	0.0429688	0.00146993	0	
29	1	1.11022e-16	-0.00785223	0.21875	0.109375	0.60441	0.625277	0.625277	0.000450934	0.109375	0.142857	0.914486	0.914486	0.0994094	0.0883138	0.565622	0	0.0380364	0.425563	0.141854	0	0.141854	0	0	0	0.75	0.109375	0	0.0533854	0.00221592	0	
29	0.971495	0.0285045	0	0.1875	0.09375	0.617357	0.635003	0.635003	0.000623123	0.09375	0.161916	0.942991	0.942991	0.122124	0.091875	0.533985	0	0.039132	0.583096	0.194365	0	0.188825	0	0	1	0.75	0.09375	0	0.0351562	0.00134786	1	
29	0.844068	0.155932	0	0.0625	0.03125	0.561696	0.561951	0.561951	6.49404e-08	0.03125	0.422034	0.844068	0.844068	0.178113	0.236947	0.473894	0	0.056144	0.463187	0	0.154396	0.130321	0	0	1	0.75	0.03125	0	0.0104167	0.000217014	0	
30	0.128736	0.871264	0	0.21875	0.109375	0.612828	0.63522	0.63522	0.000490169	0.109375	0.0183909	0.042912	0.042912	0.000450966	0.01146	0.0272586	0	0.000175339	0.589656	0.196552	0	0.0253033	0	0	0	0.5625	0.109375	0	0.0503472	0.00210383	0	
30	0.957088	0.042912	0	0.09375	0.046875	0.561441	0.561951	0.561951	1.73174e-07	0.046875	0.319029	0.840215	0.840215	0.138094	0.179096	0.471731	0	0.0435338	0.471789	0.157263	0	0.150515	0	0	1	0.5625	0.046875	0	0.015625	0.000488281	0	
30	0.840215	0.159785	0	0.0625	0.03125	0.561696	0.561951	0.561951	6.49404e-08	0.03125	0.420107	0.840215	0.840215	0.17649	0.235865	0.471731	0	0.0556325	0.463187	0	0.154396	0.129726	0	0	1	0.5625	0.03125	0	0.0104167	0.000217014	1	
30	0.957088	0.042912	0	0.09375	0.046875	0.561441	0.561951	0.561951	1.73174e-07	0.046875	0.319029	0.840215	0.840215	0.138094	0.179096	0.471731	0	0.0435338	0.700577	0	0.233526	0.223505	0	0	1	0.5625	0.046875	0	0.015625	0.000488281	1	
31	0.751441	0.248559	0	0.21875	0.109375	0.602667	0.623086	0.623086	0.000302556	0.109375	0.107349	0.751441	0.751441	0.0691425	0.0660094	0.462066	0	0.0261435	0.605428	0	0.201809	0.151648	0	0	1	0.375	0.109375	0	0.0572917	0.001926	1	
31	0.0570931	0.942907	0	0.0625	0.03125	0.579471	0.593867	0.593867	0.000207261	0.03125	0.0285466	0.0570931	0.0570931	0.000814906	0.0169529	0.0339057	0	0.0002874	0.407221	0.13574	0	0.00774984	0	0	0	0.375	0.03125	0	0.015625	0.00016276	0	
32	0.315168	0.684832	0	0.125	0.0625	0.604927	0.632551	0.632551	0.000576078	0.0625	0.078792	0.315168	0.315168	0.0186245	0.0490588	0.196235	0	0.0072203	0.427395	0	0.142465	0.0449004	0	0	1	0.5	0.0625	0	0.0214844	0.000789642	0	
32	0.315168	0.684832	0	0.0625	0.03125	0.626379	0.630121	0.630121	1.40026e-05	0.03125	0.157584	0.315168	0.315168	0.0248327	0.0981176	0.196235	0	0.00962707	0.598475	0	0.199492	0.0628733	0	0	0	0.5	0.03125	0	0.0078125	0.000183105	1	
32	0.991487	0.00851265	0	0.0625	0.03125	0.579471	0.593867	0.593867	0.000207261	0.03125	0.495744	0.991487	0.991487	0.245762	0.294406	0.588812	0	0.0866748	0.407221	0.13574	0	0.134585	0	0	0	0.5	0.03125	0	0.0117188	0.000167847	0	
32	0.684832	0.315168	0	0.15625	0.078125	0.59997	0.633155	0.633155	0.000832711	0.078125	0.136966	0.684832	0.684832	0.0750392	0.0804991	0.402495	0	0.0259204	0.603398	0.201133	0	0.137742	0	0	0	0.5	0.078125	0	0.0351562	0.000961304	0	
32	0.684832	0.315168	0	0.125	0.0625	0.609552	0.633155	0.633155	0.000749855	0.0625	0.171208	0.684832	0.684832	0.0879366	0.0969495	0.387798	0	0.0281976	0.583096	0.194365	0	0.133108	0	0	1	0.5	0.0625	0	0.0292969	0.000637054	0	
33	0.152745	0.847255	0	0.21875	0.109375	0.612828	0.63522	0.63522	0.000490169	0.109375	0.0218207	0.050915	0.050915	0.000634857	0.0135973	0.0323422	0	0.000246837	0.589656	0.196552	0	0.0300223	0	0	0	0.5625	0.109375	0	0.0503472	0.00210383	0	
33	0.949085	0.050915	0	0.09375	0.046875	0.599024	0.632551	0.632551	0.000628703	0.046875	0.316362	0.949085	0.949085	0.200169	0.181041	0.543123	0	0.0655518	0.427395	0	0.142465	0.135211	0	0	1	0.5625	0.046875	0	0.015625	0.000488281	1	
33	0.949085	0.050915	0	0.125	0.0625	0.608023	0.635023	0.635023	0.000714517	0.0625	0.237271	0.949085	0.949085	0.168893	0.135781	0.543123	0	0.0553093	0.675683	0.225228	0	0.21376	0	0	1	0.5625	0.0625	0	0.0208333	0.000868056	0	
33	0.82229	0.17771	0	0.0625	0.03125	0.561696	0.561951	0.561951	6.49404e-08	0.03125	0.411145	0.82229	0.82229	0.16904	0.230834	0.461667	0	0.0532842	0.463187	0	0.154396	0.126958	0	0	1	0.5625	0.03125	0	0.0138889	0.000241127	0	
34	1	1.11022e-16	0.00317391	0.1875	0.09375	0.610038	0.634565	0.634565	0.000741732	0.09375	0.166667	0.981699	0.981699	0.1329	0.0980865	0.576973	0	0.0458841	0.50536	0.168453	0	0.168453	0	0	0	0.8125	0.09375	0	0.0396635	0.00137528	0	
34	0.0732027	0.926797	0	0.1875	0.09375	0.609653	0.625277	0.625277	0.000524766	0.09375	0.0122005	0.0183007	0.0183007	7.44255e-05	0.00752961	0.011443	0	2.83879e-05	0.407221	0.13574	0	0.00993656	0	0	0	0.8125	0.09375	0	0.0396635	0.00148796	0	
34	0.844068	0.155932	0	0.0625	0.03125	0.561696	0.561951	0.561951	6.49404e-08	0.03125	0.422034	0.844068	0.844068	0.178113	0.236947	0.473894	0	0.056144	0.463187	0	0.154396	0.130321	0	0	1	0.8125	0.03125	0	0.00961538	0.000208025	1	
35	0.0732027	0.926797	0	0.1875	0.09375	0.609653	0.625277	0.625277	0.000524766	0.09375	0.0122005	0.0183007	0.0183007	7.44255e-05	0.00752961	0.011443	0	2.83879e-05	0.407221	0.13574	0	0.00993656	0	0	0	0.75	0.09375	0	0.0364583	0.00147841	1	
36	0.0944018	0.905598	0	0.25	0.125	0.617651	0.651413	0.651413	0.00059173	0.125	0.0118002	0.0944018	0.0944018	0.000974717	0.00768682	0.0614945	0	0.00041361	0.589656	0.196552	0	0.0185549	0	0	0	0.5	0.125	0	0.0605469	0.00283432	1	
36	0.77531	0.22469	0	0.0625	0.03125	0.561696	0.561951	0.561951	6.49404e-08	0.03125	0.387655	0.77531	0.77531	0.150276	0.217645	0.435291	0	0.0473695	0.463187	0	0.154396	0.119705	0	0	1	0.5	0.03125	0	0.015625	0.000244141	0	
37	0.209701	0.790299	0	0.03125	0.015625	0.635023	0.635023	0.635023	0	0.015625	0.209701	0.209701	0.209701	0	0.133165	0.133165	0.133165	0	0.675683	0.225228	0	0.0472303	0	0	1	0.6875	0.015625	0	0.00568182	5.64954e-05	1	
37	0.675111	0.324889	0	0.0625	0.03125	0.561696	0.561951	0.561951	6.49404e-08	0.03125	0.337556	0.675111	0.675111	0.113944	0.189518	0.379035	0	0.0359169	0.463187	0	0.154396	0.104234	0	0	1	0.6875	0.03125	0	0.0113636	0.000225981	0	
38	0.0155229	0.984477	0	0.21875	0.109375	0.605466	0.625277	0.625277	0.000481246	0.109375	0.00221756	0.00388074	0.00388074	3.68819e-06	0.00136484	0.00242654	0	1.39848e-06	0.380984	0.126995	0	0.00197133	0	0	0	0.6875	0.109375	0	0.0454545	0.00192891	1	
38	0.996119	0.00388074	0	0.28125	0.140625	0.613265	0.635003	0.635003	0.000694373	0.140625	0.11068	0.996119	0.996119	0.0980004	0.0650497	0.585448	0	0.0338517	0.603398	0.201133	0	0.200352	0	0	0	0.6875	0.140625	0	0.046875	0.00266335	0	
39	1	2.22045e-16	0.0759933	0.28125	0.140625	0.613405	0.635003	0.635003	0.00041765	0.140625	0.111111	0.931022	0.931022	0.084142	0.0633601	0.527208	0	0.0269372	0.605428	0	0.201809	0.201809	0	0	1	0.5625	0.140625	0	0.0677083	0.00249566	0	
39	1	2.22045e-16	-0.00589158	0.21875	0.109375	0.619815	0.635003	0.635003	0.000570367	0.109375	0.142857	0.931022	0.931022	0.103647	0.081463	0.527208	0	0.0331588	0.583096	0.194365	0	0.194365	0	0	1	0.5625	0.109375	0	0.0572917	0.00179036	0	
39	0.0229925	0.977007	0	0.09375	0.046875	0.602831	0.612478	0.612478	5.04215e-05	0.046875	0.00766418	0.0229925	0.0229925	0.000117479	0.00456473	0.0136942	0	4.16735e-05	0.363811	0.12127	0	0.00278831	0	0	1	0.5625	0.046875	0	0.0104167	0.000379774	0	
39	0.0229925	0.977007	0	0.125	0.0625	0.62842	0.705188	0.705188	0.00200226	0.0625	0.00574813	0.0229925	0.0229925	9.91231e-05	0.00342355	0.0136942	0	3.5162e-05	0.37319	0.124397	0	0.00286019	0	0	1	0.5625	0.0625	0	0.0138889	0.000675154	0	
39	0.0229925	0.977007	0	0.09375	0.046875	0.637753	0.705188	0.705188	0.00232128	0.046875	0.00766418	0.0229925	0.0229925	0.000117479	0.00456473	0.0136942	0	4.16735e-05	0.559493	0.186498	0	0.00428805	0	0	1	0.5625	0.046875	0	0.0104167	0.000379774	1	
40	0.0191288	0.980871	0	0.0625	0.03125	0.636664	0.672905	0.672905	0.00131344	0.03125	0.00956441	0.0191288	0.0191288	9.14779e-05	0.00643594	0.0128719	0	4.14213e-05	0.363811	0.12127	0	0.00231976	0	0	1	0.625	0.03125	0	0.00625	0.00015625	0	
40	0.0191288	0.980871	0	0.0625	0.03125	0.636664	0.672905	0.672905	0.00131344	0.03125	0.00956441	0.0191288	0.0191288	9.14779e-05	0.00643594	0.0128719	0	4.14213e-05	0.37319	0.124397	0	0.00237956	0	0	1	0.625	0.03125	0	0.00625	0.00015625	0	
40	0.0191288	0.980871	0	0.03125	0.015625	0.672905	0.672905	0.672905	0	0.015625	0.0191288	0.0191288	0.0191288	0	0.0128719	0.0128719	0.0128719	0	0.42871	0.142903	0	0.00273357	0	0	0	0.625	0.015625	0	0.003125	3.90625e-05	1	
40	0.0191288	0.980871	0	0.03125	0.015625	0.672905	0.672905	0.672905	0	0.015625	0.0191288	0.0191288	0.0191288	0	0.0128719	0.0128719	0.0128719	0	0.392654	0.130885	0	0.00250367	0	0	0	0.625	0.015625	0	0.003125	3.90625e-05	1	
41	0.682392	0.317608	0	0.09375	0.046875	0.621818	0.632551	0.632551	5.96428e-05	0.046875	0.227464	0.682392	0.682392	0.10348	0.140619	0.421857	0	0.0395475	0.473806	0	0.157935	0.107774	0	0	0	0.5	0.046875	0	0.0195312	0.000411987	1	
41	0.0732027	0.926797	0	0.0625	0.03125	0.579471	0.593867	0.593867	0.000207261	0.03125	0.0366014	0.0732027	0.0732027	0.00133966	0.0217363	0.0434727	0	0.000472469	0.407221	0.13574	0	0.00993656	0	0	0	0.5	0.03125	0	0.0117188	0.000167847	0	
42	0.900181	0.099819	0	0.03125	0.015625	0.614906	0.614906	0.614906	0	0.015625	0.900181	0.900181	0.900181	0	0.553527	0.553527	0.553527	0	0.605428	0	0.201809	0.181665	0	0	1	0.4375	0.015625	0	0.00669643	5.97895e-05	0	
42	0.930529	0.0694706	0	0.0625	0.03125	0.594819	0.614906	0.614906	0.000403492	0.03125	0.465265	0.900181	0.900181	0.189152	0.285485	0.553527	0.0174422	0.0718467	0.589656	0.196552	0	0.182897	0	0	0	0.4375	0.03125	0	0.0133929	0.000239158	0	
42	0.930529	0.0694706	0	0.09375	0.046875	0.607396	0.632551	0.632551	0.000585367	0.046875	0.310176	0.900181	0.900181	0.174206	0.190323	0.553527	0	0.0660092	0.473806	0	0.157935	0.146963	0	0	0	0.4375	0.046875	0	0.0223214	0.000478316	0	
42	0.0694706	0.930529	0	0.0625	0.03125	0.60645	0.612478	0.612478	3.6337e-05	0.03125	0.0347353	0.0694706	0.0694706	0.00120654	0.0212746	0.0425492	0	0.000452609	0.352392	0	0.117464	0.0081603	0	0	1	0.4375	0.03125	0	0.0133929	0.000239158	0	
42	0.0694706	0.930529	0	0.09375	0.046875	0.602831	0.612478	0.612478	5.04215e-05	0.046875	0.0231569	0.0694706	0.0694706	0.00107248	0.0141831	0.0425492	0	0.000402319	0.363811	0.12127	0	0.00842472	0	0	1	0.4375	0.046875	0	0.0178571	0.000448422	1	
42	0.0694706	0.930529	0	0.125	0.0625	0.62842	0.705188	0.705188	0.00200226	0.0625	0.0173676	0.0694706	0.0694706	0.000904905	0.0106373	0.0425492	0	0.000339457	0.37319	0.124397	0	0.0086419	0	0	1	0.4375	0.0625	0	0.0223214	0.000757334	1	
42	0.0694706	0.930529	0	0.09375	0.046875	0.637753	0.705188	0.705188	0.00232128	0.046875	0.0231569	0.0694706	0.0694706	0.00107248	0.0141831	0.0425492	0	0.000402319	0.559493	0.186498	0	0.0129561	0	0	1	0.4375	0.046875	0	0.015625	0.000418527	1	
43	0.0944018	0.905598	0	0.125	0.0625	0.599039	0.614906	0.614906	0.000228512	0.0625	0.0236005	0.0944018	0.0944018	0.00167094	0.0141373	0.0565492	0	0.000599591	0.589656	0.196552	0	0.0185549	1	0	0	0.5625	0.0625	0	0.0329861	0.000675154	1	
43	0.85465	0.14535	0	0.15625	0.078125	0.609577	0.632551	0.632551	0.000369827	0.078125	0.17093	0.85465	0.85465	0.116868	0.10567	0.528348	0	0.0446642	0.473806	0	0.157935	0.134979	0	0	0	0.5625	0.078125	0	0.0399306	0.000928337	0	
44	0.0732027	0.926797	0	0.0625	0.03125	0.579471	0.593867	0.593867	0.000207261	0.03125	0.0366014	0.0732027	0.0732027	0.00133966	0.0217363	0.0434727	0	0.000472469	0.407221	0.13574	0	0.00993656	0	0	0	0.5	0.03125	0	0.0117188	0.000167847	0	
44	0.70436	0.29564	0	0.21875	0.109375	0.60208	0.633155	0.633155	0.000323762	0.109375	0.100623	0.70436	0.70436	0.0607497	0.0591389	0.413972	0	0.0209844	0.509012	0	0.169671	0.119509	0	0	1	0.5	0.109375	0	0.0507812	0.00205994	1	
45	0.756493	0.243507	0	0.0625	0.03125	0.58226	0.59226	0.59226	0.0001	0.03125	0.378246	0.756493	0.756493	0.14307	0.216455	0.432911	0	0.0468529	0.427395	0	0.142465	0.107774	0	0	1	0.5	0.03125	0	0.0117188	0.000228882	0	
45	0.756493	0.243507	0	0.0625	0.03125	0.58226	0.59226	0.59226	0.0001	0.03125	0.378246	0.756493	0.756493	0.14307	0.216455	0.432911	0	0.0468529	0.675683	0.225228	0	0.170383	0	0	1	0.5	0.03125	0	0.0117188	0.000228882	0	
45	0.258446	0.741554	0	0.1875	0.09375	0.604023	0.633155	0.633155	0.000776085	0.09375	0.0430744	0.243507	0.243507	0.00806443	0.0254071	0.143116	0	0.00278268	0.603398	0.201133	0	0.051982	0	0	0	0.5	0.09375	0	0.0449219	0.00124741	1	
45	0.243507	0.756493	0	0.125	0.0625	0.609552	0.633155	0.633155	0.000749855	0.0625	0.0608768	0.228569	0.228569	0.0094107	0.0346198	0.129431	0	0.00301003	0.583096	0.194365	0	0.0473294	0	0	1	0.5	0.0625	0	0.0292969	0.000637054	0	
46	0.0404473	0.959553	0	0.15625	0.078125	0.677613	0.75638	0.75638	0.00323311	0.078125	0.00808945	0.0404473	0.0404473	0.000261757	0.00513457	0.0256729	0	0.000105455	0.363811	0.12127	0	0.00490506	0	0	1	0.75	0.078125	0	0.015625	0.000854492	1	
46	0.0404473	0.959553	0	0.15625	0.078125	0.677613	0.75638	0.75638	0.00323311	0.078125	0.00808945	0.0404473	0.0404473	0.000261757	0.00513457	0.0256729	0	0.000105455	0.37319	0.124397	0	0.0050315	0	0	1	0.75	0.078125	0	0.015625	0.000854492	0	
47	0.560055	0.439945	0	0.03125	0.015625	0.565074	0.565074	0.565074	0	0.015625	0.560055	0.560055	0.560055	0	0.316472	0.316472	0.316472	0	0.380984	0.126995	0	0.0711239	0	0	0	0.5625	0.015625	0	0.00347222	4.21971e-05	0	
47	0.176566	0.823434	0	0.0625	0.03125	0.634732	0.639342	0.639342	2.12542e-05	0.03125	0.088283	0.176566	0.176566	0.00779388	0.056443	0.112886	0	0.00318581	0.598475	0	0.199492	0.0352234	0	0	0	0.5625	0.03125	0	0.0104167	0.00016276	0	
47	0.560055	0.439945	0	0.03125	0.015625	0.565074	0.565074	0.565074	0	0.015625	0.560055	0.560055	0.560055	0	0.316472	0.316472	0.316472	0	0.407221	0.13574	0	0.076022	0	0	0	0.5625	0.015625	0	0.00347222	4.21971e-05	0	
47	0.560055	0.439945	0	0.03125	0.015625	0.565074	0.565074	0.565074	0	0.015625	0.560055	0.560055	0.560055	0	0.316472	0.316472	0.316472	0	0.425563	0.141854	0	0.0794462	0	0	0	0.5625	0.015625	0	0.00347222	4.21971e-05	0	
47	0.439945	0.560055	0	0.03125	0.015625	0.605698	0.605698	0.605698	0	0.015625	0.439945	0.439945	0.439945	0	0.266474	0.266474	0.266474	0	0.509012	0	0.169671	0.0746457	0	0	1	0.5625	0.015625	0	0.00868056	6.02816e-05	1	
48	0.662321	0.337679	0	0.0625	0.03125	0.625377	0.632551	0.632551	5.14599e-05	0.03125	0.33116	0.662321	0.662321	0.109667	0.204725	0.409449	0	0.0419122	0.473806	0	0.157935	0.104604	0	0	0	0.5	0.03125	0	0.015625	0.000183105	0	
48	0.87607	0.12393	0	0.15625	0.078125	0.607702	0.633155	0.633155	0.000366845	0.078125	0.175214	0.87607	0.87607	0.1228	0.102978	0.514891	0	0.0424181	0.509012	0	0.169671	0.148643	0	0	1	0.5	0.078125	0	0.0488281	0.0010643	1	
48	0.12393	0.87607	0	0.0625	0.03125	0.60645	0.612478	0.612478	3.6337e-05	0.03125	0.0619648	0.12393	0.12393	0.00383964	0.0379521	0.0759042	0	0.00144036	0.352392	0	0.117464	0.0145573	0	0	1	0.5	0.03125	0	0.0117188	0.000228882	0	
48	0.12393	0.87607	0	0.09375	0.046875	0.602831	0.612478	0.612478	5.04215e-05	0.046875	0.0413099	0.12393	0.12393	0.00341301	0.0253014	0.0759042	0	0.00128032	0.363811	0.12127	0	0.015029	0	0	1	0.5	0.046875	0	0.015625	0.000427246	0	
48	0.12393	0.87607	0	0.125	0.0625	0.62842	0.705188	0.705188	0.00200226	0.0625	0.0309824	0.12393	0.12393	0.00287973	0.0189761	0.0759042	0	0.00108027	0.37319	0.124397	0	0.0154164	0	0	1	0.5	0.0625	0	0.0195312	0.000717163	0	
48	0.12393	0.87607	0	0.09375	0.046875	0.637753	0.705188	0.705188	0.00232128	0.046875	0.0413099	0.12393	0.12393	0.00341301	0.0253014	0.0759042	0	0.00128032	0.559493	0.186498	0	0.0231126	0	0	1	0.5	0.046875	0	0.0136719	0.000392914	0	
49	0.0236902	0.97631	0	0.0625	0.03125	0.65777	0.684949	0.684949	0.000738732	0.03125	0.0118451	0.0236902	0.0236902	0.000140306	0.00811328	0.0162266	0	6.58254e-05	0.42871	0.142903	0	0.00338541	0	0	0	0.8125	0.03125	0	0.00600962	0.000132905	1	
49	0.0236902	0.97631	0	0.0625	0.03125	0.692858	0.700766	0.700766	6.25457e-05	0.03125	0.0118451	0.0236902	0.0236902	0.000140306	0.00811328	0.0162266	0	6.58254e-05	0.357988	0.119329	0	0.00282693	0	0	0	0.8125	0.03125	0	0.00480769	0.000127126	1	
49	0.0236902	0.97631	0	0.0625	0.03125	0.692858	0.700766	0.700766	6.25457e-05	0.03125	0.0118451	0.0236902	0.0236902	0.000140306	0.00811328	0.0162266	0	6.58254e-05	0.471616	0.157205	0	0.00372422	0	0	0	0.8125	0.03125	0	0.00480769	0.000127126	1	
50	0.0298633	0.970137	0	0.03125	0.015625	0.704369	0.704369	0.704369	0	0.015625	0.0298633	0.0298633	0.0298633	0	0.0210348	0.0210348	0.0210348	0	0.37319	0.124397	0	0.0037149	0	0	1	0.8125	0.015625	0	0.00360577	4.33386e-05	0	
50	0.0298633	0.970137	0	0.125	0.0625	0.669599	0.704369	0.704369	0.000407935	0.0625	0.00746583	0.0298633	0.0298633	0.000167216	0.0052587	0.0210348	0	8.29618e-05	0.625014	0.208338	0	0.00622166	0	0	0	0.8125	0.0625	0	0.0180288	0.000520063	1	
51	0.0441179	0.955882	0	0.09375	0.046875	0.599024	0.632551	0.632551	0.000628703	0.046875	0.014706	0.0441179	0.0441179	0.000432531	0.00841563	0.0252469	0	0.000141646	0.427395	0	0.142465	0.00628525	0	0	1	0.625	0.046875	0	0.009375	0.000351562	1	
51	0.0441179	0.955882	0	0.09375	0.046875	0.599024	0.632551	0.632551	0.000628703	0.046875	0.014706	0.0441179	0.0441179	0.000432531	0.00841563	0.0252469	0	0.000141646	0.675683	0.225228	0	0.00993656	0	0	1	0.625	0.046875	0	0.009375	0.000351562	1	
52	0.77531	0.22469	0	0.0625	0.03125	0.561696	0.561951	0.561951	6.49404e-08	0.03125	0.387655	0.77531	0.77531	0.150276	0.217645	0.435291	0	0.0473695	0.463187	0	0.154396	0.119705	0	0	1	0.5	0.03125	0	0.015625	0.000244141	0	
52	0.0890614	0.910939	0	0.0625	0.03125	0.740313	0.821336	0.821336	0.0065646	0.03125	0.0445307	0.0890614	0.0890614	0.00198298	0.0293587	0.0587174	0	0.000861933	0.625014	0.208338	0	0.0185549	0	0	0	0.5	0.03125	0	0.0117188	0.000167847	1	
53	0.890788	0.109212	0	0.03125	0.015625	0.614906	0.614906	0.614906	0	0.015625	0.890788	0.890788	0.890788	0	0.547751	0.547751	0.547751	0	0.605428	0	0.201809	0.179769	0	0	1	0.5	0.015625	0	0.0078125	6.10352e-05	1	
53	0.963366	0.0366342	0	0.09375	0.046875	0.599024	0.632551	0.632551	0.000628703	0.046875	0.321122	0.963366	0.963366	0.206239	0.183765	0.551296	0	0.0675393	0.427395	0	0.142465	0.137246	0	0	1	0.5	0.046875	0	0.0234375	0.000549316	0	
53	0.0366342	0.963366	0	0.0625	0.03125	0.687737	0.723863	0.723863	0.00130513	0.03125	0.0183171	0.0366342	0.0366342	0.000335516	0.0119356	0.0238712	0	0.000142459	0.603398	0.201133	0	0.00736834	0	0	0	0.5	0.03125	0	0.00976562	0.000179291	0	
53	0.0366342	0.963366	0	0.09375	0.046875	0.632465	0.65161	0.65161	0.000519865	0.046875	0.0122114	0.0366342	0.0366342	0.000298236	0.00795707	0.0238712	0	0.00012663	0.352392	0	0.117464	0.0043032	0	0	1	0.5	0.046875	0	0.0175781	0.000514984	0	
53	0.0366342	0.963366	0	0.15625	0.078125	0.688519	0.821336	0.821336	0.00597507	0.078125	0.00732684	0.0366342	0.0366342	0.00021473	0.00477424	0.0238712	0	9.11735e-05	0.363811	0.12127	0	0.00444264	0	0	1	0.5	0.078125	0	0.0253906	0.00115585	0	
53	0.0366342	0.963366	0	0.125	0.0625	0.699308	0.821336	0.821336	0.0068868	0.0625	0.00915855	0.0366342	0.0366342	0.000251637	0.0059678	0.0238712	0	0.000106844	0.37319	0.124397	0	0.00455717	0	0	1	0.5	0.0625	0	0.0195312	0.000717163	0	
54	1	1.11022e-16	0.0716536	0.1875	0.09375	0.622208	0.625277	0.625277	1.36854e-05	0.09375	0.166667	0.86854	0.86854	0.0989093	0.104009	0.542153	0	0.038543	0.395547	0	0.131849	0.131849	0	0	0	0.6875	0.09375	0	0.0426136	0.00164644	0	
54	1	1.11022e-16	0.00747857	0.1875	0.09375	0.609653	0.625277	0.625277	0.000524766	0.09375	0.166667	0.86854	0.86854	0.0989093	0.103829	0.542153	0	0.0385709	0.407221	0.13574	0	0.13574	0	0	0	0.6875	0.09375	0	0.0426136	0.00169083	0	
54	0.95618	0.04382	0	0.28125	0.140625	0.613265	0.635003	0.635003	0.000694373	0.140625	0.106242	0.95618	0.95618	0.0902993	0.0624416	0.561974	0	0.0311916	0.603398	0.201133	0	0.192319	0	0	0	0.6875	0.140625	0	0.046875	0.00266335	0	
54	0.17528	0.82472	0	0.21875	0.109375	0.60441	0.625277	0.625277	0.000450934	0.109375	0.02504	0.04382	0.04382	0.000470251	0.015418	0.0273996	0	0.000178469	0.425563	0.141854	0	0.0248642	0	0	0	0.6875	0.109375	0	0.0454545	0.00192891	1	
55	0.0027554	0.997245	0	0.09375	0.046875	0.602831	0.612478	0.612478	5.04215e-05	0.046875	0.000918467	0.0027554	0.0027554	1.68716e-06	0.000547032	0.0016411	0	5.98488e-07	0.363811	0.12127	0	0.000334148	0	0	1	0.5625	0.046875	0	0.0104167	0.000379774	0	
55	0.0027554	0.997245	0	0.125	0.0625	0.62842	0.705188	0.705188	0.00200226	0.0625	0.00068885	0.0027554	0.0027554	1.42354e-06	0.000410274	0.0016411	0	5.04974e-07	0.37319	0.124397	0	0.000342762	0	0	1	0.5625	0.0625	0	0.0138889	0.000675154	0	
55	0.0027554	0.997245	0	0.09375	0.046875	0.637753	0.705188	0.705188	0.00232128	0.046875	0.000918467	0.0027554	0.0027554	1.68716e-06	0.000547032	0.0016411	0	5.98488e-07	0.559493	0.186498	0	0.000513876	0	0	1	0.5625	0.046875	0	0.0104167	0.000379774	1	
56	0.55466	0.44534	0	0.0625	0.03125	0.58226	0.59226	0.59226	0.0001	0.03125	0.27733	0.55466	0.55466	0.076912	0.158705	0.31741	0	0.0251872	0.427395	0	0.142465	0.0790197	0	0	1	0.5625	0.03125	0	0.0104167	0.000217014	1	
56	0.55466	0.44534	0	0.0625	0.03125	0.58226	0.59226	0.59226	0.0001	0.03125	0.27733	0.55466	0.55466	0.076912	0.158705	0.31741	0	0.0251872	0.675683	0.225228	0	0.124925	0	0	1	0.5625	0.03125	0	0.0104167	0.000217014	1	
56	0.20055	0.79945	0	0.0625	0.03125	0.585982	0.605698	0.605698	0.000388686	0.03125	0.100275	0.20055	0.20055	0.010055	0.0567823	0.113565	0	0.00322423	0.583096	0.194365	0	0.0389799	0	0	1	0.5625	0.03125	0	0.015625	0.000217014	1	
56	0.24479	0.75521	0	0.0625	0.03125	0.60645	0.612478	0.612478	3.6337e-05	0.03125	0.122395	0.24479	0.24479	0.0149806	0.0749644	0.149929	0	0.00561966	0.352392	0	0.117464	0.0287541	0	0	1	0.5625	0.03125	0	0.0104167	0.000217014	0	
56	0.24479	0.75521	0	0.09375	0.046875	0.602831	0.612478	0.612478	5.04215e-05	0.046875	0.0815968	0.24479	0.24479	0.0133161	0.0499762	0.149929	0	0.00499525	0.363811	0.12127	0	0.0296858	0	0	1	0.5625	0.046875	0	0.0138889	0.000403887	0	
56	0.24479	0.75521	0	0.125	0.0625	0.62842	0.705188	0.705188	0.00200226	0.0625	0.0611976	0.24479	0.24479	0.0112354	0.0374822	0.149929	0	0.00421474	0.37319	0.124397	0	0.0304511	0	0	1	0.5625	0.0625	0	0.0173611	0.000675154	0	
56	0.24479	0.75521	0	0.09375	0.046875	0.637753	0.705188	0.705188	0.00232128	0.046875	0.0815968	0.24479	0.24479	0.0133161	0.0499762	0.149929	0	0.00499525	0.559493	0.186498	0	0.0456528	0	0	1	0.5625	0.046875	0	0.0121528	0.000367718	0	
57	0.00229238	0.997708	0	0.0625	0.03125	0.636664	0.672905	0.672905	0.00131344	0.03125	0.00114619	0.00229238	0.00229238	1.31375e-06	0.000771276	0.00154255	0	5.94866e-07	0.363811	0.12127	0	0.000277997	0	0	1	0.625	0.03125	0	0.00625	0.00015625	0	
57	0.00229238	0.997708	0	0.0625	0.03125	0.636664	0.672905	0.672905	0.00131344	0.03125	0.00114619	0.00229238	0.00229238	1.31375e-06	0.000771276	0.00154255	0	5.94866e-07	0.37319	0.124397	0	0.000285164	0	0	1	0.625	0.03125	0	0.00625	0.00015625	0	
57	0.00229238	0.997708	0	0.03125	0.015625	0.672905	0.672905	0.672905	0	0.015625	0.00229238	0.00229238	0.00229238	0	0.00154255	0.00154255	0.00154255	0	0.42871	0.142903	0	0.000327588	0	0	0	0.625	0.015625	0	0.003125	3.90625e-05	1	
57	0.00229238	0.997708	0	0.03125	0.015625	0.672905	0.672905	0.672905	0	0.015625	0.00229238	0.00229238	0.00229238	0	0.00154255	0.00154255	0.00154255	0	0.392654	0.130885	0	0.000300037	0	0	0	0.625	0.015625	0	0.003125	3.90625e-05	1	
58	0.00484716	0.995153	0	0.15625	0.078125	0.677613	0.75638	0.75638	0.00323311	0.078125	0.000969431	0.00484716	0.00484716	3.75919e-06	0.000615322	0.00307661	0	1.51448e-06	0.363811	0.12127	0	0.000587817	0	0	1	0.6875	0.078125	0	0.0170455	0.000907961	1	
58	0.00484716	0.995153	0	0.15625	0.078125	0.677613	0.75638	0.75638	0.00323311	0.078125	0.000969431	0.00484716	0.00484716	3.75919e-06	0.000615322	0.00307661	0	1.51448e-06	0.37319	0.124397	0	0.00060297	0	0	1	0.6875	0.078125	0	0.0170455	0.000907961	1	
59	0.910336	0.0896642	0	0.125	0.0625	0.609103	0.639342	0.639342	0.000776318	0.0625	0.227584	0.910336	0.910336	0.155383	0.130237	0.520949	0	0.0508852	0.427395	0	0.142465	0.129691	0	0	1	0.4375	0.0625	0	0.0267857	0.000956633	0	
59	0.868843	0.131157	0	0.0625	0.03125	0.625377	0.632551	0.632551	5.14599e-05	0.03125	0.434422	0.868843	0.868843	0.188722	0.268561	0.537122	0	0.072125	0.473806	0	0.157935	0.137221	0	0	0	0.4375	0.03125	0	0.015625	0.000209263	0	
59	0.910336	0.0896642	0	0.125	0.0625	0.609103	0.639342	0.639342	0.000776318	0.0625	0.227584	0.910336	0.910336	0.155383	0.130237	0.520949	0	0.0508852	0.675683	0.225228	0	0.205033	0	0	1	0.4375	0.0625	0	0.0267857	0.000956633	0	
59	0.0896642	0.910336	0	0.0625	0.03125	0.60645	0.612478	0.612478	3.6337e-05	0.03125	0.0448321	0.0896642	0.0896642	0.00200992	0.0274587	0.0549174	0	0.00075398	0.352392	0	0.117464	0.0105323	0	0	1	0.4375	0.03125	0	0.0133929	0.000239158	1	
59	0.0896642	0.910336	0	0.09375	0.046875	0.602831	0.612478	0.612478	5.04215e-05	0.046875	0.0298881	0.0896642	0.0896642	0.00178659	0.0183058	0.0549174	0	0.000670204	0.363811	0.12127	0	0.0108736	0	0	1	0.4375	0.046875	0	0.0178571	0.000448422	1	
59	0.0896642	0.910336	0	0.125	0.0625	0.62842	0.705188	0.705188	0.00200226	0.0625	0.0224161	0.0896642	0.0896642	0.00150744	0.0137293	0.0549174	0	0.000565485	0.37319	0.124397	0	0.0111539	0	0	1	0.4375	0.0625	0	0.0223214	0.000757334	1	
59	0.0896642	0.910336	0	0.09375	0.046875	0.637753	0.705188	0.705188	0.00232128	0.046875	0.0298881	0.0896642	0.0896642	0.00178659	0.0183058	0.0549174	0	0.000670204	0.559493	0.186498	0	0.0167222	0	0	1	0.4375	0.046875	0	0.015625	0.000418527	1	
60	0.410597	0.589403	0	0.125	0.0625	0.609103	0.639342	0.639342	0.000776318	0.0625	0.102649	0.410597	0.410597	0.0316107	0.065628	0.262512	0	0.0129211	0.427395	0	0.142465	0.0584958	0	0	1	0.625	0.0625	0	0.01875	0.000820312	1	
60	0.333338	0.666662	0	0.03125	0.015625	0.618513	0.618513	0.618513	0	0.015625	0.333338	0.333338	0.333338	0	0.206174	0.206174	0.206174	0	0.395547	0	0.131849	0.0439503	0	0	0	0.625	0.015625	0	0.00625	5.85937e-05	0	
60	0.589403	0.410597	0	0.15625	0.078125	0.609577	0.632551	0.632551	0.000369827	0.078125	0.117881	0.589403	0.589403	0.0555833	0.0677497	0.338749	0	0.0183601	0.473806	0	0.157935	0.0930874	0	0	0	0.625	0.078125	0	0.0453125	0.000803223	0	
60	0.410597	0.589403	0	0.125	0.0625	0.609103	0.639342	0.639342	0.000776318	0.0625	0.102649	0.410597	0.410597	0.0316107	0.065628	0.262512	0	0.0129211	0.675683	0.225228	0	0.0924778	0	0	1	0.625	0.0625	0	0.01875	0.000820312	1	
60	0.410597	0.589403	0	0.0625	0.03125	0.634732	0.639342	0.639342	2.12542e-05	0.03125	0.205299	0.410597	0.410597	0.0421475	0.131256	0.262512	0	0.0172281	0.598475	0	0.199492	0.0819107	0	0	0	0.625	0.03125	0	0.0078125	0.000158691	0	
60	0.666662	0.333338	0	0.0625	0.03125	0.579471	0.593867	0.593867	0.000207261	0.03125	0.333331	0.666662	0.666662	0.111109	0.197954	0.395908	0	0.0391859	0.407221	0.13574	0	0.0904929	0	0	0	0.625	0.03125	0	0.009375	0.00015625	0	
61	0.00283901	0.997161	0	0.03125	0.015625	0.684949	0.684949	0.684949	0	0.015625	0.00283901	0.00283901	0.00283901	0	0.00194457	0.00194457	0.00194457	0	0.42871	0.142903	0	0.000405703	0	0	0	0.6875	0.015625	0	0.00284091	3.63184e-05	1	
61	0.00283901	0.997161	0	0.0625	0.03125	0.692858	0.700766	0.700766	6.25457e-05	0.03125	0.0014195	0.00283901	0.00283901	2.01499e-06	0.000972287	0.00194457	0	9.45343e-07	0.357988	0.119329	0	0.000338777	0	0	0	0.6875	0.03125	0	0.00568182	0.000145274	1	
61	0.00283901	0.997161	0	0.0625	0.03125	0.692858	0.700766	0.700766	6.25457e-05	0.03125	0.0014195	0.00283901	0.00283901	2.01499e-06	0.000972287	0.00194457	0	9.45343e-07	0.471616	0.157205	0	0.000446307	0	0	0	0.6875	0.03125	0	0.00568182	0.000145274	1	
62	0.00357879	0.996421	0	0.03125	0.015625	0.704369	0.704369	0.704369	0	0.015625	0.00357879	0.00357879	0.00357879	0	0.00252079	0.00252079	0.00252079	0	0.37319	0.124397	0	0.000445189	0	0	1	0.6875	0.015625	0	0.00426136	4.84246e-05	0	
62	0.00357879	0.996421	0	0.125	0.0625	0.669599	0.704369	0.704369	0.000407935	0.0625	0.000894697	0.00357879	0.00357879	2.40145e-06	0.000630197	0.00252079	0	1.19145e-06	0.625014	0.208338	0	0.000745598	0	0	0	0.6875	0.0625	0	0.0213068	0.000544777	1	
63	0.00528704	0.994713	0	0.09375	0.046875	0.599024	0.632551	0.632551	0.000628703	0.046875	0.00176235	0.00528704	0.00528704	6.21173e-06	0.00100852	0.00302556	0	2.03423e-06	0.427395	0	0.142465	0.000753218	0	0	1	0.5625	0.046875	0	0.0104167	0.000379774	1	
63	0.00528704	0.994713	0	0.09375	0.046875	0.599024	0.632551	0.632551	0.000628703	0.046875	0.00176235	0.00528704	0.00528704	6.21173e-06	0.00100852	0.00302556	0	2.03423e-06	0.675683	0.225228	0	0.00119079	0	0	1	0.5625	0.046875	0	0.0104167	0.000379774	1	
64	0.0570931	0.942907	0	0.0625	0.03125	0.579471	0.593867	0.593867	0.000207261	0.03125	0.0285466	0.0570931	0.0570931	0.000814906	0.0169529	0.0339057	0	0.0002874	0.407221	0.13574	0	0.00774984	0	0	0	0.4375	0.03125	0	0.0133929	0.000169404	0	
64	0.70436	0.29564	0	0.1875	0.09375	0.60515	0.633155	0.633155	0.00031172	0.09375	0.117393	0.70436	0.70436	0.0689059	0.0689954	0.413972	0	0.0238018	0.509012	0	0.169671	0.119509	0	0	1	0.4375	0.09375	0	0.0491071	0.00142498	1	
65	0.157543	0.842457	0	0.125	0.0625	0.603213	0.634565	0.634565	0.000972667	0.0625	0.0393856	0.157543	0.157543	0.00465368	0.0231481	0.0925922	0	0.0016075	0.50536	0.168453	0	0.0265386	0	0	0	0.625	0.0625	0	0.028125	0.000380859	0	
65	0.157543	0.842457	0	0.25	0.125	0.611887	0.635003	0.635003	0.000764074	0.125	0.0196928	0.157543	0.157543	0.00271465	0.011574	0.0925922	0	0.000937706	0.603398	0.201133	0	0.031687	0	0	0	0.625	0.125	0	0.0609375	0.0016333	0	
65	0.845507	0.154493	0	0.0625	0.03125	0.60645	0.612478	0.612478	3.6337e-05	0.03125	0.422753	0.845507	0.845507	0.17872	0.258927	0.517854	0	0.0670433	0.352392	0	0.117464	0.0993167	0	0	1	0.625	0.03125	0	0.009375	0.000205078	1	
65	0.996951	0.00304919	0	0.0625	0.03125	0.561696	0.561951	0.561951	6.49404e-08	0.03125	0.498475	0.996951	0.996951	0.248478	0.279865	0.559729	0	0.0783242	0.471789	0.157263	0	0.156783	0	0	1	0.625	0.03125	0	0.009375	0.000205078	0	
65	0.996951	0.00304919	0	0.0625	0.03125	0.561696	0.561951	0.561951	6.49404e-08	0.03125	0.498475	0.996951	0.996951	0.248478	0.279865	0.559729	0	0.0783242	0.463187	0	0.154396	0.153925	0	0	1	0.625	0.03125	0	0.009375	0.000205078	0	
65	0.845507	0.154493	0	0.09375	0.046875	0.602831	0.612478	0.612478	5.04215e-05	0.046875	0.281836	0.845507	0.845507	0.158863	0.172618	0.517854	0	0.0595941	0.363811	0.12127	0	0.102535	0	0	1	0.625	0.046875	0	0.0125	0.000380859	1	
65	0.845507	0.154493	0	0.125	0.0625	0.62842	0.705188	0.705188	0.00200226	0.0625	0.211377	0.845507	0.845507	0.13404	0.129464	0.517854	0	0.0502825	0.37319	0.124397	0	0.105178	0	0	1	0.625	0.0625	0	0.015625	0.000634766	1	
65	0.996951	0.00304919	0	0.0625	0.03125	0.561696	0.561951	0.561951	6.49404e-08	0.03125	0.498475	0.996951	0.996951	0.248478	0.279865	0.559729	0	0.0783242	0.700577	0	0.233526	0.232814	0	0	1	0.625	0.03125	0	0.009375	0.000205078	0	
65	0.845507	0.154493	0	0.09375	0.046875	0.637753	0.705188	0.705188	0.00232128	0.046875	0.281836	0.845507	0.845507	0.158863	0.172618	0.517854	0	0.0595941	0.559493	0.186498	0	0.157685	0	0	1	0.625	0.046875	0	0.0109375	0.000344238	1	
66	0.77531	0.22469	0	0.0625	0.03125	0.561696	0.561951	0.561951	6.49404e-08	0.03125	0.387655	0.77531	0.77531	0.150276	0.217645	0.435291	0	0.0473695	0.463187	0	0.154396	0.119705	0	0	1	0.625	0.03125	0	0.0125	0.000234375	0	
66	0.0357199	0.96428	0	0.0625	0.03125	0.636664	0.672905	0.672905	0.00131344	0.03125	0.0178599	0.0357199	0.0357199	0.000318977	0.012018	0.0240361	0	0.000144433	0.363811	0.12127	0	0.00433176	0	0	1	0.625	0.03125	0	0.0078125	0.000158691	0	
66	0.0357199	0.96428	0	0.0625	0.03125	0.636664	0.672905	0.672905	0.00131344	0.03125	0.0178599	0.0357199	0.0357199	0.000318977	0.012018	0.0240361	0	0.000144433	0.37319	0.124397	0	0.00444343	0	0	1	0.625	0.03125	0	0.0078125	0.000158691	0	
66	0.0357199	0.96428	0	0.09375	0.046875	0.677529	0.719574	0.719574	0.00106316	0.046875	0.0119066	0.0357199	0.0357199	0.000283535	0.00801203	0.0240361	0	0.000128385	0.42871	0.142903	0	0.00510449	0	0	0	0.625	0.046875	0	0.0109375	0.000344238	1	
66	0.0357199	0.96428	0	0.0625	0.03125	0.69624	0.719574	0.719574	0.0005445	0.03125	0.0178599	0.0357199	0.0357199	0.000318977	0.012018	0.0240361	0	0.000144433	0.392654	0.130885	0	0.00467519	0	0	0	0.625	0.03125	0	0.00625	0.00015625	0	
67	0.0498304	0.95017	0	0.125	0.0625	0.603213	0.634565	0.634565	0.000972667	0.0625	0.0124576	0.0498304	0.0498304	0.000465575	0.00732168	0.0292867	0	0.000160821	0.50536	0.168453	0	0.00839409	0	0	0	0.4375	0.0625	0	0.0267857	0.00060786	0	
67	0.0498304	0.95017	0	0.25	0.125	0.611887	0.635003	0.635003	0.000764074	0.125	0.0062288	0.0498304	0.0498304	0.000271585	0.00366084	0.0292867	0	9.38122e-05	0.603398	0.201133	0	0.0100225	0	0	0	0.4375	0.125	0	0.0602679	0.00240155	0	
67	0.95017	0.0498304	0	0.0625	0.03125	0.561696	0.561951	0.561951	6.49404e-08	0.03125	0.475085	0.95017	0.95017	0.225706	0.266732	0.533464	0	0.071146	0.471789	0.157263	0	0.149427	0	0	1	0.4375	0.03125	0	0.0133929	0.000239158	0	
67	0.95017	0.0498304	0	0.0625	0.03125	0.561696	0.561951	0.561951	6.49404e-08	0.03125	0.475085	0.95017	0.95017	0.225706	0.266732	0.533464	0	0.071146	0.463187	0	0.154396	0.146702	0	0	1	0.4375	0.03125	0	0.0133929	0.000239158	0	
67	0.95017	0.0498304	0	0.0625	0.03125	0.561696	0.561951	0.561951	6.49404e-08	0.03125	0.475085	0.95017	0.95017	0.225706	0.266732	0.533464	0	0.071146	0.700577	0	0.233526	0.221889	0	0	1	0.4375	0.03125	0	0.0133929	0.000239158	1	
67	0.894901	0.105099	0	0.09375	0.046875	0.637753	0.705188	0.705188	0.00232128	0.046875	0.2983	0.894901	0.894901	0.177966	0.182702	0.548107	0	0.0667604	0.559493	0.186498	0	0.166897	0	0	1	0.4375	0.046875	0	0.0178571	0.000378667	0	
68	0.862277	0.137723	0	0.125	0.0625	0.603213	0.634565	0.634565	0.000972667	0.0625	0.215569	0.741816	0.741816	0.0947304	0.128107	0.435986	0	0.0325705	0.50536	0.168453	0	0.145254	0	0	0	0.625	0.0625	0	0.0265625	0.000441895	0	
68	0.621355	0.378645	0	0.0625	0.03125	0.625377	0.632551	0.632551	5.14599e-05	0.03125	0.310678	0.621355	0.621355	0.0965206	0.192062	0.384124	0	0.0368878	0.473806	0	0.157935	0.0981338	0	0	0	0.625	0.03125	0	0.0140625	0.000168457	0	
68	0.258184	0.741816	0	0.0625	0.03125	0.602591	0.640109	0.640109	0.00140754	0.03125	0.129092	0.258184	0.258184	0.0166647	0.0729465	0.145893	0	0.00532119	0.380984	0.126995	0	0.0327879	0	0	0	0.625	0.03125	0	0.00625	0.00015625	1	
68	0.258184	0.741816	0	0.0625	0.03125	0.602591	0.640109	0.640109	0.00140754	0.03125	0.129092	0.258184	0.258184	0.0166647	0.0729465	0.145893	0	0.00532119	0.407221	0.13574	0	0.0350459	0	0	0	0.625	0.03125	0	0.00625	0.00015625	1	
68	0.862277	0.137723	0	0.25	0.125	0.611887	0.635003	0.635003	0.000764074	0.125	0.107785	0.741816	0.741816	0.0589828	0.0640534	0.435986	0	0.0203881	0.603398	0.201133	0	0.173432	0	0	0	0.625	0.125	0	0.059375	0.00179687	0	
68	0.258184	0.741816	0	0.0625	0.03125	0.602591	0.640109	0.640109	0.00140754	0.03125	0.129092	0.258184	0.258184	0.0166647	0.0729465	0.145893	0	0.00532119	0.425563	0.141854	0	0.0366245	0	0	0	0.625	0.03125	0	0.00625	0.00015625	1	
69	0.901105	0.0988946	0	0.09375	0.046875	0.599024	0.632551	0.632551	0.000628703	0.046875	0.300368	0.901105	0.901105	0.180442	0.171889	0.515667	0	0.0590916	0.427395	0	0.142465	0.128376	0	0	1	0.5625	0.046875	0	0.0208333	0.000542535	0	
69	0.730582	0.269418	0	0.125	0.0625	0.605686	0.62568	0.62568	0.000350692	0.0625	0.182645	0.730582	0.730582	0.100078	0.107346	0.429384	0	0.0345694	0.509012	0	0.169671	0.123958	0	0	1	0.5625	0.0625	0	0.0329861	0.000675154	0	
69	0.0988946	0.901105	0	0.21875	0.109375	0.679174	0.821336	0.821336	0.00456971	0.109375	0.0141278	0.0988946	0.0988946	0.00119757	0.00950667	0.0665467	0	0.00054226	0.363811	0.12127	0	0.011993	0	0	1	0.5625	0.109375	0	0.0347222	0.00199532	0	
69	0.0988946	0.901105	0	0.1875	0.09375	0.684809	0.821336	0.821336	0.00510903	0.09375	0.0164824	0.0988946	0.0988946	0.00135835	0.0110911	0.0665467	0	0.000615064	0.37319	0.124397	0	0.0123022	0	0	1	0.5625	0.09375	0	0.0295139	0.0014347	0	
69	0.0988946	0.901105	0	0.15625	0.078125	0.716608	0.821336	0.821336	0.00360306	0.078125	0.0197789	0.0988946	0.0988946	0.00156482	0.0133093	0.0665467	0	0.000708554	0.42871	0.142903	0	0.0141324	0	0	0	0.5625	0.078125	0	0.0208333	0.000976562	0	
69	0.0988946	0.901105	0	0.125	0.0625	0.66914	0.719574	0.719574	0.00101217	0.0625	0.0247236	0.0988946	0.0988946	0.00183378	0.0166367	0.0665467	0	0.000830336	0.392654	0.130885	0	0.0129438	0	0	0	0.5625	0.0625	0	0.0173611	0.000675154	1	
70	0.85465	0.14535	0	0.0625	0.03125	0.625377	0.632551	0.632551	5.14599e-05	0.03125	0.427325	0.85465	0.85465	0.182606	0.264174	0.528348	0	0.0697878	0.473806	0	0.157935	0.134979	0	0	0	0.4375	0.03125	0	0.015625	0.000209263	0	
70	0.0922518	0.907748	0	0.09375	0.046875	0.6399	0.65161	0.65161	6.91732e-05	0.046875	0.0307506	0.0922518	0.0922518	0.0018912	0.0195267	0.0585802	0	0.000762587	0.603398	0.201133	0	0.0185549	0	0	0	0.4375	0.046875	0	0.0223214	0.000408562	1	
71	0.85465	0.14535	0	0.125	0.0625	0.614303	0.635023	0.635023	0.000582129	0.0625	0.213662	0.85465	0.85465	0.136955	0.131382	0.525529	0	0.051784	0.473806	0	0.157935	0.134979	0	0	0	0.5625	0.0625	0	0.03125	0.000705295	0	
71	0.0813798	0.91862	0	0.125	0.0625	0.668666	0.723863	0.723863	0.00112683	0.0625	0.0203449	0.0813798	0.0813798	0.00124175	0.0135185	0.0540741	0	0.000548251	0.603398	0.201133	0	0.0163681	0	0	0	0.5625	0.0625	0	0.0208333	0.000596788	1	
72	0.682392	0.317608	0	0.125	0.0625	0.609222	0.632551	0.632551	0.000449026	0.0625	0.170598	0.414002	0.414002	0.031754	0.102206	0.254572	0	0.0117041	0.473806	0	0.157935	0.107774	0	0	0	0.5	0.0625	0	0.0292969	0.000637054	1	
72	0.73161	0.26839	0	0.15625	0.078125	0.59997	0.633155	0.633155	0.000832711	0.078125	0.146322	0.73161	0.73161	0.0856404	0.0859975	0.429988	0	0.0295823	0.603398	0.201133	0	0.147151	0	0	0	0.5	0.078125	0	0.0351562	0.000961304	0	
72	0.317608	0.682392	0	0.15625	0.078125	0.607447	0.633155	0.633155	0.000617607	0.078125	0.0635216	0.317608	0.317608	0.01614	0.0380511	0.190256	0	0.00579156	0.583096	0.194365	0	0.0617319	0	0	1	0.5	0.078125	0	0.0390625	0.000915527	0	
73	0.03714	0.96286	0	0.09375	0.046875	0.602831	0.612478	0.612478	5.04215e-05	0.046875	0.01238	0.03714	0.03714	0.000306529	0.00737344	0.0221203	0	0.000108735	0.363811	0.12127	0	0.00450398	0	0	1	0.5625	0.046875	0	0.0104167	0.000379774	0	
73	0.03714	0.96286	0	0.125	0.0625	0.62842	0.705188	0.705188	0.00200226	0.0625	0.009285	0.03714	0.03714	0.000258634	0.00553008	0.0221203	0	9.17453e-05	0.37319	0.124397	0	0.00462009	0	0	1	0.5625	0.0625	0	0.0138889	0.000675154	0	
73	0.03714	0.96286	0	0.09375	0.046875	0.637753	0.705188	0.705188	0.00232128	0.046875	0.01238	0.03714	0.03714	0.000306529	0.00737344	0.0221203	0	0.000108735	0.559493	0.186498	0	0.00692653	0	0	1	0.5625	0.046875	0	0.0104167	0.000379774	1	
74	0.946819	0.0531809	0	0.15625	0.078125	0.60082	0.618204	0.618204	0.000344302	0.078125	0.189364	0.804967	0.804967	0.0977602	0.113579	0.487567	0	0.0359346	0.605428	0	0.201809	0.191077	1	0	1	0.625	0.078125	0	0.0484375	0.000900879	0	
74	0.0531809	0.946819	0	0.0625	0.03125	0.573678	0.587728	0.587728	0.000197406	0.03125	0.0265904	0.0531809	0.0531809	0.000707051	0.015628	0.0312559	0	0.000244233	0.50536	0.168453	0	0.0089585	0	0	0	0.625	0.03125	0	0.0078125	0.000158691	0	
74	0.0531809	0.946819	0	0.15625	0.078125	0.59997	0.633155	0.633155	0.000832711	0.078125	0.0106362	0.0531809	0.0531809	0.000452513	0.00625118	0.0312559	0	0.000156309	0.603398	0.201133	0	0.0106964	0	0	0	0.625	0.078125	0	0.0234375	0.00098877	0	
74	0.858148	0.141852	0	0.125	0.0625	0.603208	0.633155	0.633155	0.000357554	0.0625	0.214537	0.804967	0.804967	0.116674	0.129706	0.487567	0	0.042851	0.509012	0	0.169671	0.145602	0	0	1	0.625	0.0625	0	0.0234375	0.000744629	1	
75	0.203252	0.796748	0	0.03125	0.015625	0.625277	0.625277	0.625277	0	0.015625	0.203252	0.203252	0.203252	0	0.127089	0.127089	0.127089	0	0.395547	0	0.131849	0.0267985	0	0	0	0.75	0.015625	0	0.00390625	4.57764e-05	0	
75	0.203252	0.796748	0	0.0625	0.03125	0.595176	0.625277	0.625277	0.000906098	0.03125	0.101626	0.203252	0.203252	0.0103278	0.0635443	0.127089	0	0.00403788	0.380984	0.126995	0	0.0258119	0	0	0	0.75	0.03125	0	0.00651042	0.00014072	0	
75	0.155676	0.844324	0	0.03125	0.015625	0.630121	0.630121	0.630121	0	0.015625	0.155676	0.155676	0.155676	0	0.0980944	0.0980944	0.0980944	0	0.598475	0	0.199492	0.031056	0	0	0	0.75	0.015625	0	0.00260417	3.39084e-05	0	
75	0.203252	0.796748	0	0.0625	0.03125	0.595176	0.625277	0.625277	0.000906098	0.03125	0.101626	0.203252	0.203252	0.0103278	0.0635443	0.127089	0	0.00403788	0.407221	0.13574	0	0.0275895	0	0	0	0.75	0.03125	0	0.00651042	0.00014072	0	
75	0.203252	0.796748	0	0.0625	0.03125	0.595176	0.625277	0.625277	0.000906098	0.03125	0.101626	0.203252	0.203252	0.0103278	0.0635443	0.127089	0	0.00403788	0.425563	0.141854	0	0.0288322	0	0	0	0.75	0.03125	0	0.00651042	0.00014072	0	
75	0.155676	0.844324	0	0.03125	0.015625	0.630121	0.630121	0.630121	0	0.015625	0.155676	0.155676	0.155676	0	0.0980944	0.0980944	0.0980944	0	0.478094	0	0.159365	0.0248092	0	0	0	0.75	0.015625	0	0.00260417	3.39084e-05	1	
76	0.667255	0.332745	0	0.09375	0.046875	0.592485	0.618513	0.618513	0.000476916	0.046875	0.222418	0.667255	0.667255	0.0989398	0.137569	0.412706	0	0.0378503	0.380984	0.126995	0	0.0847378	0	0	0	0.4375	0.046875	0	0.0223214	0.000408562	0	
76	0.0156912	0.984309	0	0.0625	0.03125	0.634732	0.639342	0.639342	2.12542e-05	0.03125	0.00784562	0.0156912	0.0156912	6.15538e-05	0.00501604	0.0100321	0	2.51606e-05	0.598475	0	0.199492	0.00313027	0	0	0	0.4375	0.03125	0	0.0133929	0.000169404	1	
77	0.890745	0.109255	0	0.125	0.0625	0.609103	0.639342	0.639342	0.000776318	0.0625	0.222686	0.890745	0.890745	0.148768	0.127434	0.509738	0	0.0487186	0.427395	0	0.142465	0.1269	0	0	1	0.4375	0.0625	0	0.0267857	0.000956633	0	
77	0.871944	0.128056	0	0.0625	0.03125	0.625377	0.632551	0.632551	5.14599e-05	0.03125	0.435972	0.871944	0.871944	0.190072	0.26952	0.539039	0	0.0726408	0.473806	0	0.157935	0.137711	0	0	0	0.4375	0.03125	0	0.015625	0.000209263	0	
77	0.890745	0.109255	0	0.125	0.0625	0.609103	0.639342	0.639342	0.000776318	0.0625	0.222686	0.890745	0.890745	0.148768	0.127434	0.509738	0	0.0487186	0.675683	0.225228	0	0.20062	0	0	1	0.4375	0.0625	0	0.0267857	0.000956633	0	
77	0.109255	0.890745	0	0.0625	0.03125	0.622892	0.645362	0.645362	0.000504888	0.03125	0.0546274	0.109255	0.109255	0.00298416	0.0352545	0.0705089	0	0.00124288	0.352392	0	0.117464	0.0128335	0	0	1	0.4375	0.03125	0	0.0133929	0.000239158	0	
77	0.109255	0.890745	0	0.09375	0.046875	0.639563	0.672905	0.672905	0.00089244	0.046875	0.0364183	0.109255	0.109255	0.00265258	0.023503	0.0705089	0	0.00110478	0.363811	0.12127	0	0.0132494	0	0	1	0.4375	0.046875	0	0.0178571	0.000448422	0	
77	0.109255	0.890745	0	0.0625	0.03125	0.659133	0.672905	0.672905	0.00018966	0.03125	0.0546274	0.109255	0.109255	0.00298416	0.0352545	0.0705089	0	0.00124288	0.42871	0.142903	0	0.0156129	0	0	0	0.4375	0.03125	0	0.0111607	0.000189334	0	
77	0.109255	0.890745	0	0.0625	0.03125	0.659133	0.672905	0.672905	0.00018966	0.03125	0.0546274	0.109255	0.109255	0.00298416	0.0352545	0.0705089	0	0.00124288	0.392654	0.130885	0	0.0142998	0	0	0	0.4375	0.03125	0	0.0111607	0.000189334	1	
78	0.0217489	0.978251	0	0.0625	0.03125	0.579471	0.593867	0.593867	0.000207261	0.03125	0.0108745	0.0217489	0.0217489	0.000118254	0.00645799	0.012916	0	4.17056e-05	0.407221	0.13574	0	0.00295221	0	0	0	0.5625	0.03125	0	0.0104167	0.00016276	0	
78	0.129308	0.870692	0	0.15625	0.078125	0.607447	0.633155	0.633155	0.000617607	0.078125	0.0258617	0.129308	0.129308	0.0026753	0.0146446	0.0732231	0	0.000857859	0.583096	0.194365	0	0.025133	0	0	1	0.5625	0.078125	0	0.0347222	0.000964506	0	
78	0.870692	0.129308	0	0.0625	0.03125	0.561696	0.561951	0.561951	6.49404e-08	0.03125	0.435346	0.870692	0.870692	0.189526	0.244421	0.488842	0	0.0597416	0.471789	0.157263	0	0.136928	0	0	1	0.5625	0.03125	0	0.0104167	0.000217014	0	
78	0.870692	0.129308	0	0.0625	0.03125	0.561696	0.561951	0.561951	6.49404e-08	0.03125	0.435346	0.870692	0.870692	0.189526	0.244421	0.488842	0	0.0597416	0.463187	0	0.154396	0.134431	0	0	1	0.5625	0.03125	0	0.0104167	0.000217014	1	
78	0.870692	0.129308	0	0.0625	0.03125	0.561696	0.561951	0.561951	6.49404e-08	0.03125	0.435346	0.870692	0.870692	0.189526	0.244421	0.488842	0	0.0597416	0.700577	0	0.233526	0.203329	0	0	1	0.5625	0.03125	0	0.0104167	0.000217014	1	
79	0.944369	0.0556309	0	0.09375	0.046875	0.599024	0.632551	0.632551	0.000628703	0.046875	0.31479	0.944369	0.944369	0.198185	0.180142	0.540425	0	0.064902	0.427395	0	0.142465	0.13454	0	0	1	0.5	0.046875	0	0.0175781	0.000514984	0	
79	0.904831	0.0951687	0	0.125	0.0625	0.614303	0.635023	0.635023	0.000582129	0.0625	0.226208	0.904831	0.904831	0.15351	0.139097	0.556386	0	0.0580436	0.473806	0	0.157935	0.142905	0	0	0	0.5	0.0625	0	0.03125	0.000793457	0	
79	0.944369	0.0556309	0	0.125	0.0625	0.608023	0.635023	0.635023	0.000714517	0.0625	0.236092	0.944369	0.944369	0.167219	0.135106	0.540425	0	0.054761	0.675683	0.225228	0	0.212698	0	0	1	0.5	0.0625	0	0.0253906	0.000850677	0	
79	0.0556309	0.944369	0	0.125	0.0625	0.685006	0.821336	0.821336	0.00686458	0.0625	0.0139077	0.0556309	0.0556309	0.000580274	0.00935858	0.0374343	0	0.000262749	0.363811	0.12127	0	0.00674638	0	0	1	0.5	0.0625	0	0.0195312	0.000717163	0	
79	0.0556309	0.944369	0	0.09375	0.046875	0.698221	0.821336	0.821336	0.00845424	0.046875	0.0185436	0.0556309	0.0556309	0.000687733	0.0124781	0.0374343	0	0.000311406	0.37319	0.124397	0	0.00692029	0	0	1	0.5	0.046875	0	0.0136719	0.000392914	0	
79	0.0556309	0.944369	0	0.125	0.0625	0.714794	0.821336	0.821336	0.00448738	0.0625	0.0139077	0.0556309	0.0556309	0.000580274	0.00935858	0.0374343	0	0.000262749	0.42871	0.142903	0	0.00794984	0	0	0	0.5	0.0625	0	0.0175781	0.00069809	0	
79	0.0556309	0.944369	0	0.09375	0.046875	0.67928	0.719574	0.719574	0.000938237	0.046875	0.0185436	0.0556309	0.0556309	0.000687733	0.0124781	0.0374343	0	0.000311406	0.392654	0.130885	0	0.00728124	0	0	0	0.5	0.046875	0	0.0136719	0.000392914	1	
80	0.835155	0.164845	0	0.0625	0.03125	0.620293	0.62568	0.62568	2.90191e-05	0.03125	0.417578	0.835155	0.835155	0.174371	0.26127	0.52254	0	0.068262	0.605428	0	0.201809	0.168542	0	0	1	0.4375	0.03125	0	0.015625	0.000209263	1	
80	0.943039	0.0569611	0	0.09375	0.046875	0.599024	0.632551	0.632551	0.000628703	0.046875	0.314346	0.943039	0.943039	0.197627	0.179888	0.539663	0	0.0647193	0.427395	0	0.142465	0.13435	0	0	1	0.4375	0.046875	0	0.0200893	0.000538106	0	
80	0.943039	0.0569611	0	0.09375	0.046875	0.599024	0.632551	0.632551	0.000628703	0.046875	0.314346	0.943039	0.943039	0.197627	0.179888	0.539663	0	0.0647193	0.675683	0.225228	0	0.212398	0	0	1	0.4375	0.046875	0	0.0200893	0.000538106	0	
80	0.0569611	0.943039	0	0.0625	0.03125	0.60645	0.612478	0.612478	3.6337e-05	0.03125	0.0284805	0.0569611	0.0569611	0.000811141	0.0174437	0.0348874	0	0.000304283	0.352392	0	0.117464	0.00669088	0	0	1	0.4375	0.03125	0	0.0133929	0.000239158	0	
80	0.0569611	0.943039	0	0.09375	0.046875	0.602831	0.612478	0.612478	5.04215e-05	0.046875	0.018987	0.0569611	0.0569611	0.000721014	0.0116291	0.0348874	0	0.000270474	0.363811	0.12127	0	0.00690769	0	0	1	0.4375	0.046875	0	0.0178571	0.000448422	0	
80	0.0569611	0.943039	0	0.125	0.0625	0.62842	0.705188	0.705188	0.00200226	0.0625	0.0142403	0.0569611	0.0569611	0.000608356	0.00872185	0.0348874	0	0.000228212	0.37319	0.124397	0	0.00708576	0	0	1	0.4375	0.0625	0	0.0223214	0.000757334	0	
80	0.0569611	0.943039	0	0.09375	0.046875	0.637753	0.705188	0.705188	0.00232128	0.046875	0.018987	0.0569611	0.0569611	0.000721014	0.0116291	0.0348874	0	0.000270474	0.559493	0.186498	0	0.0106231	0	0	1	0.4375	0.046875	0	0.015625	0.000418527	0	
81	0.216989	0.783011	0	0.125	0.0625	0.599039	0.614906	0.614906	0.000228512	0.0625	0.0542472	0.216989	0.216989	0.00882826	0.0329547	0.131819	0	0.00325804	0.589656	0.196552	0	0.0426496	0	0	0	0.5625	0.0625	0	0.0277778	0.000747492	1	
81	0.682392	0.317608	0	0.21875	0.109375	0.6277	0.691619	0.691619	0.00118425	0.109375	0.0974846	0.465404	0.465404	0.028166	0.0599333	0.287714	0	0.010716	0.473806	0	0.157935	0.107774	0	0	0	0.5625	0.109375	0	0.0451389	0.00208574	0	
82	0.624563	0.375437	0	0.0625	0.03125	0.594819	0.614906	0.614906	0.000403492	0.03125	0.312281	0.624563	0.624563	0.0975197	0.192024	0.384048	0	0.0368732	0.589656	0.196552	0	0.122759	0	0	0	0.5	0.03125	0	0.0175781	0.000209808	0	
82	0.375437	0.624563	0	0.15625	0.078125	0.635986	0.691619	0.691619	0.00242653	0.078125	0.0750874	0.375437	0.375437	0.0225525	0.0429695	0.214848	0	0.00738552	0.427395	0	0.142465	0.0534866	0	0	1	0.5	0.078125	0	0.0351562	0.00102234	0	
82	0.624563	0.375437	0	0.0625	0.03125	0.573678	0.587728	0.587728	0.000197406	0.03125	0.312281	0.624563	0.624563	0.0975197	0.183537	0.367073	0	0.0336857	0.50536	0.168453	0	0.10521	0	0	0	0.5	0.03125	0	0.0117188	0.000167847	0	
82	0.221291	0.778709	0	0.03125	0.015625	0.625277	0.625277	0.625277	0	0.015625	0.221291	0.221291	0.221291	0	0.138368	0.138368	0.138368	0	0.395547	0	0.131849	0.029177	0	0	0	0.5	0.015625	0	0.0078125	6.10352e-05	0	
82	0.375437	0.624563	0	0.125	0.0625	0.622077	0.691238	0.691238	0.00206595	0.0625	0.0938593	0.375437	0.375437	0.0264287	0.0537119	0.214848	0	0.00865491	0.675683	0.225228	0	0.0845588	0	0	1	0.5	0.0625	0	0.0273438	0.000778198	0	
82	0.624563	0.375437	0	0.09375	0.046875	0.577869	0.587728	0.587728	0.000166726	0.046875	0.208188	0.624563	0.624563	0.0866842	0.122358	0.367073	0	0.0299429	0.603398	0.201133	0	0.12562	0	0	0	0.5	0.046875	0	0.0195312	0.000411987	1	
82	1	2.22045e-16	-0.0144403	0.125	0.0625	0.605773	0.65413	0.65413	0.000790376	0.0625	0.25	0.624563	0.624563	0.070258	0.153164	0.367073	0	0.0253043	0.509012	0	0.169671	0.169671	0	0	1	0.5	0.0625	0	0.0332031	0.000637054	0	
83	0.931454	0.0685457	0	0.15625	0.078125	0.62644	0.67499	0.67499	0.00105498	0.078125	0.186291	0.931454	0.931454	0.138817	0.114551	0.572757	0	0.0524881	0.473806	0	0.157935	0.147109	0	0	0	0.625	0.078125	0	0.0359375	0.00107666	1	
83	0.921435	0.0785654	0	0.09375	0.046875	0.592606	0.654425	0.654425	0.00191087	0.046875	0.307145	0.921435	0.921435	0.188676	0.172444	0.517331	0	0.0594737	0.463187	0	0.154396	0.142266	0	0	1	0.625	0.046875	0	0.01875	0.000527344	0	
83	0.0785654	0.921435	0	0.09375	0.046875	0.711684	0.821336	0.821336	0.00601569	0.046875	0.0261885	0.0785654	0.0785654	0.00137167	0.0172658	0.0517974	0	0.000596217	0.625014	0.208338	0	0.0163681	0	0	0	0.625	0.046875	0	0.015625	0.000390625	0	
84	0.0308989	0.969101	0	0.0625	0.03125	0.636664	0.672905	0.672905	0.00131344	0.03125	0.0154495	0.0308989	0.0308989	0.000238686	0.010396	0.020792	0	0.000108077	0.363811	0.12127	0	0.00374712	0	0	1	0.625	0.03125	0	0.00625	0.00015625	0	
84	0.0308989	0.969101	0	0.0625	0.03125	0.636664	0.672905	0.672905	0.00131344	0.03125	0.0154495	0.0308989	0.0308989	0.000238686	0.010396	0.020792	0	0.000108077	0.37319	0.124397	0	0.00384372	0	0	1	0.625	0.03125	0	0.00625	0.00015625	0	
84	0.0308989	0.969101	0	0.03125	0.015625	0.672905	0.672905	0.672905	0	0.015625	0.0308989	0.0308989	0.0308989	0	0.020792	0.020792	0.020792	0	0.42871	0.142903	0	0.00441556	0	0	0	0.625	0.015625	0	0.003125	3.90625e-05	1	
84	0.0308989	0.969101	0	0.03125	0.015625	0.672905	0.672905	0.672905	0	0.015625	0.0308989	0.0308989	0.0308989	0	0.020792	0.020792	0.020792	0	0.392654	0.130885	0	0.0040442	0	0	0	0.625	0.015625	0	0.003125	3.90625e-05	1	
85	0.0570931	0.942907	0	0.0625	0.03125	0.579471	0.593867	0.593867	0.000207261	0.03125	0.0285466	0.0570931	0.0570931	0.000814906	0.0169529	0.0339057	0	0.0002874	0.407221	0.13574	0	0.00774984	0	0	0	0.625	0.03125	0	0.009375	0.00015625	1	
85	0.675111	0.324889	0	0.0625	0.03125	0.561696	0.561951	0.561951	6.49404e-08	0.03125	0.337556	0.675111	0.675111	0.113944	0.189518	0.379035	0	0.0359169	0.463187	0	0.154396	0.104234	0	0	1	0.625	0.03125	0	0.0125	0.000234375	1	
86	0.0637724	0.936228	0	0.125	0.0625	0.603213	0.634565	0.634565	0.000972667	0.0625	0.0159431	0.0318862	0.0318862	0.000254182	0.00974357	0.0202339	0	9.5216e-05	0.50536	0.168453	0	0.0107427	0	0	0	0.625	0.0625	0	0.0265625	0.000441895	0	
86	0.553924	0.446076	0	0.0625	0.03125	0.634732	0.639342	0.639342	2.12542e-05	0.03125	0.276962	0.553924	0.553924	0.0767079	0.177073	0.354147	0	0.031355	0.598475	0	0.199492	0.110503	0	0	0	0.625	0.03125	0	0.009375	0.00015625	1	
86	0.0637724	0.936228	0	0.25	0.125	0.611887	0.635003	0.635003	0.000764074	0.125	0.00797155	0.0318862	0.0318862	0.000190637	0.00487179	0.0202339	0	7.13423e-05	0.603398	0.201133	0	0.0128267	0	0	0	0.625	0.125	0	0.059375	0.00179687	0	
86	0.968114	0.0318862	0	0.0625	0.03125	0.561696	0.561951	0.561951	6.49404e-08	0.03125	0.484057	0.968114	0.968114	0.234311	0.271769	0.543539	0	0.0738586	0.471789	0.157263	0	0.152249	0	0	1	0.625	0.03125	0	0.009375	0.000205078	0	
86	0.968114	0.0318862	0	0.0625	0.03125	0.561696	0.561951	0.561951	6.49404e-08	0.03125	0.484057	0.968114	0.968114	0.234311	0.271769	0.543539	0	0.0738586	0.463187	0	0.154396	0.149473	0	0	1	0.625	0.03125	0	0.009375	0.000205078	0	
86	0.968114	0.0318862	0	0.0625	0.03125	0.561696	0.561951	0.561951	6.49404e-08	0.03125	0.484057	0.968114	0.968114	0.234311	0.271769	0.543539	0	0.0738586	0.700577	0	0.233526	0.226079	0	0	1	0.625	0.03125	0	0.009375	0.000205078	0	
87	0.621355	0.378645	0	0.0625	0.03125	0.625377	0.632551	0.632551	5.14599e-05	0.03125	0.310678	0.621355	0.621355	0.0965206	0.192062	0.384124	0	0.0368878	0.473806	0	0.157935	0.0981338	0	0	0	0.6875	0.03125	0	0.0127841	0.000169486	0	
87	0.0951213	0.904879	0	0.0625	0.03125	0.622964	0.650336	0.650336	0.000749212	0.03125	0.0475607	0.0951213	0.0951213	0.00226202	0.0309304	0.0618609	0	0.000956691	0.363811	0.12127	0	0.0115354	0	0	1	0.6875	0.03125	0	0.00568182	0.000145274	0	
87	0.0951213	0.904879	0	0.09375	0.046875	0.650372	0.705188	0.705188	0.00200187	0.046875	0.0317071	0.0951213	0.0951213	0.00201068	0.0206203	0.0618609	0	0.000850392	0.37319	0.124397	0	0.0118328	0	0	1	0.6875	0.046875	0	0.00852273	0.000326866	0	
87	0.0951213	0.904879	0	0.09375	0.046875	0.650372	0.705188	0.705188	0.00200187	0.046875	0.0317071	0.0951213	0.0951213	0.00201068	0.0206203	0.0618609	0	0.000850392	0.559493	0.186498	0	0.0177399	0	0	1	0.6875	0.046875	0	0.00852273	0.000326866	1	
87	0.0951213	0.904879	0	0.03125	0.015625	0.650336	0.650336	0.650336	0	0.015625	0.0951213	0.0951213	0.0951213	0	0.0618609	0.0618609	0.0618609	0	0.392654	0.130885	0	0.0124499	0	0	0	0.6875	0.015625	0	0.00284091	3.63184e-05	0	
88	0.814232	0.185768	0	0.09375	0.046875	0.599024	0.632551	0.632551	0.000628703	0.046875	0.271411	0.814232	0.814232	0.147327	0.155317	0.465952	0	0.048247	0.427395	0	0.142465	0.116	0	0	1	0.5625	0.046875	0	0.0208333	0.000542535	0	
88	0.670678	0.329322	0	0.125	0.0625	0.605686	0.62568	0.62568	0.000350692	0.0625	0.16767	0.670678	0.670678	0.0843392	0.0985442	0.394177	0	0.0291329	0.509012	0	0.169671	0.113794	0	0	1	0.5625	0.0625	0	0.0329861	0.000675154	1	
88	0.185768	0.814232	0	0.0625	0.03125	0.655603	0.700766	0.700766	0.00203972	0.03125	0.092884	0.185768	0.185768	0.00862744	0.0567001	0.1134	0	0.0032149	0.364007	0	0.121336	0.0225403	0	0	0	0.5625	0.03125	0	0.0104167	0.000217014	0	
88	0.185768	0.814232	0	0.0625	0.03125	0.655603	0.700766	0.700766	0.00203972	0.03125	0.092884	0.185768	0.185768	0.00862744	0.0567001	0.1134	0	0.0032149	0.357988	0.119329	0	0.0221676	0	0	0	0.5625	0.03125	0	0.0104167	0.000217014	0	
88	0.185768	0.814232	0	0.0625	0.03125	0.655603	0.700766	0.700766	0.00203972	0.03125	0.092884	0.185768	0.185768	0.00862744	0.0567001	0.1134	0	0.0032149	0.471616	0.157205	0	0.0292037	0	0	0	0.5625	0.03125	0	0.0104167	0.000217014	0	
89	0.938173	0.0618272	0	0.0625	0.03125	0.592236	0.618204	0.618204	0.000674346	0.03125	0.469086	0.829474	0.829474	0.129879	0.287168	0.512784	0.0615524	0.0509025	0.605428	0	0.201809	0.189332	1	0	1	0.5625	0.03125	0	0.0138889	0.000241127	1	
89	0.938173	0.0618272	0	0.125	0.0625	0.609103	0.639342	0.639342	0.000776318	0.0625	0.234543	0.938173	0.938173	0.165032	0.13422	0.536879	0	0.0540448	0.427395	0	0.142465	0.133657	0	0	1	0.5625	0.0625	0	0.0277778	0.000964506	0	
89	0.891301	0.108699	0	0.09375	0.046875	0.639512	0.667783	0.667783	0.000433911	0.046875	0.2971	0.829474	0.829474	0.142348	0.18469	0.512784	0	0.0541068	0.473806	0	0.157935	0.140768	0	0	0	0.5625	0.046875	0	0.0225694	0.000440056	0	
89	0.0618272	0.938173	0	0.15625	0.078125	0.657094	0.685121	0.685121	0.000392543	0.078125	0.0123654	0.0618272	0.0618272	0.000611616	0.0081034	0.040517	0	0.00026266	0.42871	0.142903	0	0.00883531	0	0	0	0.5625	0.078125	0	0.0277778	0.000964506	0	
89	0.0618272	0.938173	0	0.125	0.0625	0.662913	0.700766	0.700766	0.00118427	0.0625	0.0154568	0.0618272	0.0618272	0.000716737	0.0101292	0.040517	0	0.000307805	0.364007	0	0.121336	0.00750184	0	0	0	0.5625	0.0625	0	0.0208333	0.000868056	0	
89	0.0618272	0.938173	0	0.125	0.0625	0.662913	0.700766	0.700766	0.00118427	0.0625	0.0154568	0.0618272	0.0618272	0.000716737	0.0101292	0.040517	0	0.000307805	0.471616	0.157205	0	0.00971956	0	0	0	0.5625	0.0625	0	0.0208333	0.000868056	0	
89	0.0618272	0.938173	0	0.0625	0.03125	0.678046	0.700766	0.700766	0.000516196	0.03125	0.0309136	0.0618272	0.0618272	0.00095565	0.0202585	0.040517	0	0.000410407	0.387938	0	0.129313	0.00799504	0	0	0	0.5625	0.03125	0	0.0104167	0.000217014	0	
90	0.621355	0.378645	0	0.0625	0.03125	0.625377	0.632551	0.632551	5.14599e-05	0.03125	0.310678	0.621355	0.621355	0.0965206	0.196519	0.393039	0	0.0386199	0.473806	0	0.157935	0.0981338	0	0	0	0.625	0.03125	0	0.0140625	0.000168457	1	
90	0.129842	0.870158	0	0.03125	0.015625	0.640109	0.640109	0.640109	0	0.015625	0.129842	0.129842	0.129842	0	0.083113	0.083113	0.083113	0	0.42871	0.142903	0	0.0185549	0	0	0	0.625	0.015625	0	0.0046875	5.12695e-05	0	
91	0.0653348	0.934665	0	0.15625	0.078125	0.677613	0.75638	0.75638	0.00323311	0.078125	0.013067	0.0653348	0.0653348	0.000682981	0.00829392	0.0414696	0	0.000275156	0.363811	0.12127	0	0.00792318	0	0	1	0.75	0.078125	0	0.015625	0.000854492	1	
91	0.0653348	0.934665	0	0.15625	0.078125	0.677613	0.75638	0.75638	0.00323311	0.078125	0.013067	0.0653348	0.0653348	0.000682981	0.00829392	0.0414696	0	0.000275156	0.37319	0.124397	0	0.00812742	0	0	1	0.75	0.078125	0	0.015625	0.000854492	0	
92	0.71162	0.28838	0	0.0625	0.03125	0.594819	0.614906	0.614906	0.000403492	0.03125	0.35581	0.71162	0.71162	0.126601	0.204495	0.408991	0	0.0418184	0.473806	0	0.157935	0.11239	0	0	0	0.6875	0.03125	0	0.0127841	0.000213875	1	
92	0.192253	0.807747	0	0.03125	0.015625	0.600422	0.600422	0.600422	0	0.015625	0.192253	0.192253	0.192253	0	0.115433	0.115433	0.115433	0	0.352392	0	0.117464	0.0225829	0	0	1	0.6875	0.015625	0	0.00426136	4.84246e-05	0	
92	0.823836	0.176164	0	0.0625	0.03125	0.561696	0.561951	0.561951	6.49404e-08	0.03125	0.411918	0.823836	0.823836	0.169677	0.231268	0.462535	0	0.0534848	0.463187	0	0.154396	0.127197	0	0	1	0.6875	0.03125	0	0.0113636	0.000225981	0	
92	0.192253	0.807747	0	0.0625	0.03125	0.710879	0.821336	0.821336	0.0122007	0.03125	0.0961267	0.192253	0.192253	0.00924035	0.0577166	0.115433	0	0.00333121	0.363811	0.12127	0	0.0233147	0	0	1	0.6875	0.03125	0	0.00710227	0.000149309	0	
92	0.192253	0.807747	0	0.0625	0.03125	0.710879	0.821336	0.821336	0.0122007	0.03125	0.0961267	0.192253	0.192253	0.00924035	0.0577166	0.115433	0	0.00333121	0.37319	0.124397	0	0.0239157	0	0	1	0.6875	0.03125	0	0.00710227	0.000149309	0	
93	0.90446	0.09554	0	0.125	0.0625	0.609103	0.639342	0.639342	0.000776318	0.0625	0.226115	0.90446	0.90446	0.153384	0.129397	0.517586	0	0.0502304	0.427395	0	0.142465	0.128854	0	0	1	0.5625	0.0625	0	0.0208333	0.000868056	1	
93	0.867431	0.132569	0	0.09375	0.046875	0.639512	0.667783	0.667783	0.000433911	0.046875	0.289144	0.867431	0.867431	0.167208	0.17875	0.536249	0	0.063903	0.473806	0	0.157935	0.136998	0	0	0	0.5625	0.046875	0	0.0208333	0.000434028	0	
93	0.90446	0.09554	0	0.15625	0.078125	0.620839	0.667783	0.667783	0.00117198	0.078125	0.180892	0.90446	0.90446	0.130888	0.103517	0.517586	0	0.0428633	0.675683	0.225228	0	0.203709	0	0	1	0.5625	0.078125	0	0.0277778	0.00129003	0	
93	0.09554	0.90446	0	0.15625	0.078125	0.657094	0.685121	0.685121	0.000392543	0.078125	0.019108	0.09554	0.09554	0.00146046	0.0130913	0.0654565	0	0.000685528	0.42871	0.142903	0	0.013653	0	0	0	0.5625	0.078125	0	0.0277778	0.000964506	1	
93	0.09554	0.90446	0	0.125	0.0625	0.662913	0.700766	0.700766	0.00118427	0.0625	0.023885	0.09554	0.09554	0.00171148	0.0163641	0.0654565	0	0.000803353	0.364007	0	0.121336	0.0115924	0	0	0	0.5625	0.0625	0	0.0208333	0.000868056	0	
93	0.09554	0.90446	0	0.09375	0.046875	0.665442	0.700766	0.700766	0.00155344	0.046875	0.0318467	0.09554	0.09554	0.00202842	0.0218188	0.0654565	0	0.000952122	0.357988	0.119329	0	0.0114007	0	0	0	0.5625	0.046875	0	0.015625	0.000488281	0	
93	0.09554	0.90446	0	0.125	0.0625	0.662913	0.700766	0.700766	0.00118427	0.0625	0.023885	0.09554	0.09554	0.00171148	0.0163641	0.0654565	0	0.000803353	0.471616	0.157205	0	0.0150194	0	0	0	0.5625	0.0625	0	0.0208333	0.000868056	0	
94	0.965319	0.0346811	0	0.15625	0.078125	0.599608	0.659291	0.659291	0.00218754	0.078125	0.193064	0.906608	0.906608	0.127803	0.109486	0.509007	0	0.0401257	0.471789	0.157263	0	0.151809	0	0	1	0.625	0.078125	0	0.0234375	0.00128174	0	
94	0.965319	0.0346811	0	0.09375	0.046875	0.592606	0.654425	0.654425	0.00191087	0.046875	0.321773	0.906608	0.906608	0.171591	0.182476	0.509007	0	0.0535572	0.463187	0	0.154396	0.149041	0	0	1	0.625	0.046875	0	0.0140625	0.000461426	0	
94	0.0587107	0.941289	0	0.09375	0.046875	0.711684	0.821336	0.821336	0.00601569	0.046875	0.0195702	0.0587107	0.0587107	0.000765989	0.0128073	0.0384218	0	0.000328052	0.625014	0.208338	0	0.0122317	0	0	0	0.625	0.046875	0	0.0125	0.000380859	0	
94	0.906608	0.0933918	0	0.125	0.0625	0.585904	0.659291	0.659291	0.00179538	0.0625	0.226652	0.906608	0.906608	0.154113	0.127252	0.509007	0	0.048579	0.700577	0	0.233526	0.211716	0	0	1	0.625	0.0625	0	0.01875	0.000820312	1	
94	0.0346811	0.965319	0	0.0625	0.03125	0.655603	0.700766	0.700766	0.00203972	0.03125	0.0173405	0.0346811	0.0346811	0.000300694	0.0105854	0.0211707	0	0.00011205	0.364007	0	0.121336	0.00420805	0	0	0	0.625	0.03125	0	0.009375	0.000205078	0	
94	0.0346811	0.965319	0	0.0625	0.03125	0.655603	0.700766	0.700766	0.00203972	0.03125	0.0173405	0.0346811	0.0346811	0.000300694	0.0105854	0.0211707	0	0.00011205	0.357988	0.119329	0	0.00413847	0	0	0	0.625	0.03125	0	0.009375	0.000205078	0	
94	0.0346811	0.965319	0	0.0625	0.03125	0.655603	0.700766	0.700766	0.00203972	0.03125	0.0173405	0.0346811	0.0346811	0.000300694	0.0105854	0.0211707	0	0.00011205	0.471616	0.157205	0	0.00545205	0	0	0	0.625	0.03125	0	0.009375	0.000205078	0	
95	0.0382669	0.961733	0	0.0625	0.03125	0.658441	0.684949	0.684949	0.000702708	0.03125	0.0191335	0.0382669	0.0382669	0.000366089	0.0131054	0.0262109	0	0.000171753	0.42871	0.142903	0	0.00546847	0	0	0	0.75	0.03125	0	0.00651042	0.00014072	1	
95	0.0382669	0.961733	0	0.0625	0.03125	0.692858	0.700766	0.700766	6.25457e-05	0.03125	0.0191335	0.0382669	0.0382669	0.000366089	0.0131054	0.0262109	0	0.000171753	0.357988	0.119329	0	0.00456637	0	0	0	0.75	0.03125	0	0.00520833	0.000135634	1	
95	0.0382669	0.961733	0	0.0625	0.03125	0.692858	0.700766	0.700766	6.25457e-05	0.03125	0.0191335	0.0382669	0.0382669	0.000366089	0.0131054	0.0262109	0	0.000171753	0.471616	0.157205	0	0.00601576	0	0	0	0.75	0.03125	0	0.00520833	0.000135634	1	
96	0.851318	0.148682	0	0.09375	0.046875	0.592606	0.654425	0.654425	0.00191087	0.046875	0.283773	0.851318	0.851318	0.161054	0.159322	0.477965	0	0.0507667	0.463187	0	0.154396	0.13144	0	0	1	0.6875	0.046875	0	0.015625	0.000443892	0	
96	0.0785654	0.921435	0	0.09375	0.046875	0.711684	0.821336	0.821336	0.00601569	0.046875	0.0261885	0.0785654	0.0785654	0.00137167	0.0172658	0.0517974	0	0.000596217	0.625014	0.208338	0	0.0163681	0	0	0	0.6875	0.046875	0	0.0127841	0.000347043	1	
97	0.865804	0.134196	0	0.125	0.0625	0.609103	0.639342	0.639342	0.000776318	0.0625	0.216451	0.865804	0.865804	0.140553	0.123866	0.495465	0	0.0460286	0.427395	0	0.142465	0.123347	0	0	1	0.625	0.0625	0	0.025	0.0009375	1	
97	0.924152	0.0758484	0	0.125	0.0625	0.648382	0.67499	0.67499	0.000561437	0.0625	0.231038	0.789956	0.789956	0.10488	0.144613	0.488354	0	0.0397242	0.473806	0	0.157935	0.145956	0	0	0	0.625	0.0625	0	0.0296875	0.000705566	0	
97	0.0670978	0.932902	0	0.0625	0.03125	0.655603	0.700766	0.700766	0.00203972	0.03125	0.0335489	0.0670978	0.0670978	0.00112553	0.0204796	0.0409592	0	0.000419413	0.364007	0	0.121336	0.00814136	0	0	0	0.625	0.03125	0	0.009375	0.000205078	1	
97	0.0670978	0.932902	0	0.0625	0.03125	0.655603	0.700766	0.700766	0.00203972	0.03125	0.0335489	0.0670978	0.0670978	0.00112553	0.0204796	0.0409592	0	0.000419413	0.357988	0.119329	0	0.00800674	0	0	0	0.625	0.03125	0	0.009375	0.000205078	1	
97	0.0670978	0.932902	0	0.0625	0.03125	0.655603	0.700766	0.700766	0.00203972	0.03125	0.0335489	0.0670978	0.0670978	0.00112553	0.0204796	0.0409592	0	0.000419413	0.471616	0.157205	0	0.0105481	0	0	0	0.625	0.03125	0	0.009375	0.000205078	1	
98	0.72974	0.27026	0	0.03125	0.015625	0.574732	0.574732	0.574732	0	0.015625	0.72974	0.72974	0.72974	0	0.419405	0.419405	0.419405	0	0.589656	0.196552	0	0.143432	0	0	0	0.4375	0.015625	0	0.00669643	5.97895e-05	0	
98	0.27026	0.72974	0	0.09375	0.046875	0.599024	0.632551	0.632551	0.000628703	0.046875	0.0900867	0.151833	0.151833	0.0042438	0.0546044	0.096042	0	0.00162403	0.427395	0	0.142465	0.0385026	0	0	1	0.4375	0.046875	0	0.0200893	0.000538106	1	
98	0.881573	0.118427	0	0.0625	0.03125	0.603641	0.632551	0.632551	0.000835751	0.03125	0.440786	0.72974	0.72974	0.0834941	0.257723	0.419405	0.096042	0.0261409	0.473806	0	0.157935	0.139231	0	0	0	0.4375	0.03125	0	0.0133929	0.000239158	0	
98	0.27026	0.72974	0	0.09375	0.046875	0.599024	0.632551	0.632551	0.000628703	0.046875	0.0900867	0.151833	0.151833	0.0042438	0.0546044	0.096042	0	0.00162403	0.675683	0.225228	0	0.06087	0	0	1	0.4375	0.046875	0	0.0200893	0.000538106	0	
99	0.874801	0.125199	0	0.0625	0.03125	0.561696	0.561951	0.561951	6.49404e-08	0.03125	0.4374	0.874801	0.874801	0.191319	0.245574	0.491149	0	0.0603068	0.463187	0	0.154396	0.135066	0	0	1	0.5625	0.03125	0	0.0138889	0.000241127	0	
99	0.951632	0.0483682	0	0.09375	0.046875	0.637753	0.705188	0.705188	0.00232128	0.046875	0.317211	0.951632	0.951632	0.201245	0.194285	0.582854	0	0.075493	0.559493	0.186498	0	0.177477	0	0	1	0.5625	0.046875	0	0.0138889	0.000349633	1	
100	0.0482384	0.951762	0	0.03125	0.015625	0.704369	0.704369	0.704369	0	0.015625	0.0482384	0.0482384	0.0482384	0	0.0339777	0.0339777	0.0339777	0	0.37319	0.124397	0	0.0060007	0	0	1	0.75	0.015625	0	0.00390625	4.57764e-05	0	
100	0.0482384	0.951762	0	0.125	0.0625	0.669599	0.704369	0.704369	0.000407935	0.0625	0.0120596	0.0482384	0.0482384	0.000436303	0.00849442	0.0339777	0	0.000216465	0.625014	0.208338	0	0.0100499	0	0	0	0.75	0.0625	0	0.0195312	0.000534058	1	
101	1	1.11022e-16	-0.0265176	0.15625	0.078125	0.60082	0.618204	0.618204	0.000344302	0.078125	0.2	0.385701	0.385701	0.0225395	0.118242	0.21841	0	0.00763955	0.605428	0	0.201809	0.201809	1	0	1	0.6875	0.078125	0	0.0525568	0.000766723	0	
101	0.9547	0.0452997	0	0.0625	0.03125	0.573678	0.587728	0.587728	0.000197406	0.03125	0.47735	0.9547	0.9547	0.227863	0.280552	0.561104	0	0.0787095	0.50536	0.168453	0	0.160822	0	0	0	0.6875	0.03125	0	0.00852273	0.000149309	0	
101	0.9547	0.0452997	0	0.15625	0.078125	0.59997	0.633155	0.633155	0.000832711	0.078125	0.19094	0.9547	0.9547	0.145832	0.112221	0.561104	0	0.0503741	0.603398	0.201133	0	0.192022	0	0	0	0.6875	0.078125	0	0.0255682	0.000944279	0	
101	1	1.11022e-16	0.0193853	0.25	0.125	0.608803	0.633155	0.633155	0.00039863	0.125	0.125	0.385701	0.385701	0.0234622	0.0736378	0.21841	0	0.00799878	0.583096	0.194365	0	0.194365	0	0	1	0.6875	0.125	0	0.0710227	0.00179171	0	
101	0.329799	0.670201	0	0.03125	0.015625	0.655327	0.655327	0.655327	0	0.015625	0.329799	0.329799	0.329799	0	0.216126	0.216126	0.216126	0	0.42871	0.142903	0	0.0471294	0	0	0	0.6875	0.015625	0	0.00426136	4.84246e-05	1	
101	0.329799	0.670201	0	0.0625	0.03125	0.678046	0.700766	0.700766	0.000516196	0.03125	0.1649	0.329799	0.329799	0.0271919	0.108063	0.216126	0	0.0116776	0.364007	0	0.121336	0.0400164	0	0	0	0.6875	0.03125	0	0.00852273	0.000193698	1	
101	0.329799	0.670201	0	0.0625	0.03125	0.678046	0.700766	0.700766	0.000516196	0.03125	0.1649	0.329799	0.329799	0.0271919	0.108063	0.216126	0	0.0116776	0.471616	0.157205	0	0.0518462	0	0	0	0.6875	0.03125	0	0.00852273	0.000193698	1	
101	0.329799	0.670201	0	0.0625	0.03125	0.678046	0.700766	0.700766	0.000516196	0.03125	0.1649	0.329799	0.329799	0.0271919	0.108063	0.216126	0	0.0116776	0.387938	0	0.129313	0.0426472	0	0	0	0.6875	0.03125	0	0.00852273	0.000193698	1	
102	0.88162	0.11838	0	0.09375	0.046875	0.599024	0.632551	0.632551	0.000628703	0.046875	0.293873	0.88162	0.88162	0.172723	0.168172	0.504516	0	0.0565636	0.427395	0	0.142465	0.1256	0	0	1	0.6875	0.046875	0	0.0184659	0.00048021	1	
102	0.914034	0.0859658	0	0.0625	0.03125	0.561696	0.561951	0.561951	6.49404e-08	0.03125	0.457017	0.914034	0.914034	0.208865	0.256588	0.513176	0	0.0658375	0.463187	0	0.154396	0.141123	0	0	1	0.6875	0.03125	0	0.0113636	0.000225981	0	
102	0.0591902	0.94081	0	0.0625	0.03125	0.655603	0.700766	0.700766	0.00203972	0.03125	0.0295951	0.0591902	0.0591902	0.000875871	0.018066	0.0361321	0	0.000326382	0.364007	0	0.121336	0.00718189	0	0	0	0.6875	0.03125	0	0.00852273	0.000193698	0	
102	0.0591902	0.94081	0	0.0625	0.03125	0.655603	0.700766	0.700766	0.00203972	0.03125	0.0295951	0.0591902	0.0591902	0.000875871	0.018066	0.0361321	0	0.000326382	0.357988	0.119329	0	0.00706313	0	0	0	0.6875	0.03125	0	0.00852273	0.000193698	0	
102	0.0591902	0.94081	0	0.0625	0.03125	0.655603	0.700766	0.700766	0.00203972	0.03125	0.0295951	0.0591902	0.0591902	0.000875871	0.018066	0.0361321	0	0.000326382	0.471616	0.157205	0	0.00930501	0	0	0	0.6875	0.03125	0	0.00852273	0.000193698	0	
103	0.0712639	0.928736	0	0.09375	0.046875	0.599024	0.632551	0.632551	0.000628703	0.046875	0.0237546	0.0712639	0.0712639	0.00112857	0.0135938	0.0407815	0	0.000369585	0.427395	0	0.142465	0.0101526	0	0	1	0.625	0.046875	0	0.009375	0.000351562	1	
103	0.0712639	0.928736	0	0.09375	0.046875	0.599024	0.632551	0.632551	0.000628703	0.046875	0.0237546	0.0712639	0.0712639	0.00112857	0.0135938	0.0407815	0	0.000369585	0.675683	0.225228	0	0.0160506	0	0	1	0.625	0.046875	0	0.009375	0.000351562	0	
104	0.941715	0.0582849	0	0.125	0.0625	0.648382	0.67499	0.67499	0.000561437	0.0625	0.235429	0.941715	0.941715	0.16628	0.145543	0.582172	0	0.0635482	0.473806	0	0.157935	0.14873	0	0	0	0.625	0.0625	0	0.0296875	0.000705566	0	
104	0.910939	0.0890614	0	0.09375	0.046875	0.592606	0.654425	0.654425	0.00191087	0.046875	0.303646	0.910939	0.910939	0.184402	0.170479	0.511438	0	0.0581265	0.463187	0	0.154396	0.140645	0	0	1	0.625	0.046875	0	0.01875	0.000527344	0	
104	0.0890614	0.910939	0	0.0625	0.03125	0.656858	0.659291	0.659291	5.91983e-06	0.03125	0.0445307	0.0890614	0.0890614	0.00198298	0.0293587	0.0587174	0	0.000861933	0.625014	0.208338	0	0.0185549	0	0	0	0.625	0.03125	0	0.0125	0.000234375	1	
105	0.874801	0.125199	0	0.0625	0.03125	0.561696	0.561951	0.561951	6.49404e-08	0.03125	0.4374	0.874801	0.874801	0.191319	0.245574	0.491149	0	0.0603068	0.463187	0	0.154396	0.135066	0	0	1	0.5625	0.03125	0	0.0104167	0.000217014	1	
106	0.01982	0.98018	0	0.1875	0.09375	0.613818	0.635023	0.635023	0.000398119	0.09375	0.00330333	0.01982	0.01982	5.456e-05	0.00208952	0.0125371	0	2.18306e-05	0.473806	0	0.157935	0.00313027	0	0	0	0.5	0.09375	0	0.0527344	0.00127792	1	
106	0.667255	0.332745	0	0.09375	0.046875	0.592485	0.618513	0.618513	0.000476916	0.046875	0.222418	0.667255	0.667255	0.0989398	0.137569	0.412706	0	0.0378503	0.380984	0.126995	0	0.0847378	0	0	0	0.5	0.046875	0	0.0195312	0.000411987	0	
