QID	cand_solfracs	cand_slack	dual_coil	coil_cons_degree	coil_obj_count	coil_obj_mean	coil_obj_max	coil_obj_min	coil_obj_variance	coil_y_count	coil_y_mean	coil_y_max	coil_y_min	coil_y_variance	coil_product_mean	coil_product_max	coil_product_min	coil_product_variance	coil_weight	coil_weight_C512	coil_weight_C008	coil_weight_RH	coil_num_SR	coil_constraint_bc	coil_in_up	coil_cons_bind_count	coil_cons_bind_max	coil_cons_bind_min	coil_cons_bind_mean	coil_cons_bind_variance	coil_label	
0	0.906374	0.0936261	0	0.09375	0.046875	0.647627	0.717486	0.717486	0.00258564	0.046875	0.302125	0.906374	0.906374	0.182559	0.189575	0.568726	0	0.0718777	0.427257	0.142419	0	0.129085	0	0	0	0.625	0.046875	0	0.0140625	0.000461426	0	
0	0.77898	0.22102	0	0.1875	0.09375	0.616686	0.653853	0.653853	0.000701125	0.09375	0.12983	0.464333	0.464333	0.0355788	0.0796763	0.286948	0	0.013462	0.553678	0	0.184559	0.143768	0	0	1	0.625	0.09375	0	0.059375	0.00106445	0	
0	0.906374	0.0936261	0	0.09375	0.046875	0.647627	0.717486	0.717486	0.00258564	0.046875	0.302125	0.906374	0.906374	0.182559	0.189575	0.568726	0	0.0718777	0.488625	0	0.162875	0.147626	0	0	0	0.625	0.046875	0	0.0140625	0.000461426	0	
0	0.77898	0.22102	0	0.21875	0.109375	0.627065	0.653575	0.653575	0.00020704	0.109375	0.111283	0.314646	0.314646	0.0171952	0.0689301	0.19111	0	0.00653908	0.487525	0.162508	0	0.126591	0	0	1	0.625	0.109375	0	0.0640625	0.00148682	0	
0	0.77898	0.22102	0	0.21875	0.109375	0.636946	0.692139	0.692139	0.000808862	0.109375	0.111283	0.314646	0.314646	0.0171952	0.0686567	0.19111	0	0.00650037	0.450909	0.150303	0	0.117083	0	0	1	0.625	0.109375	0	0.046875	0.00141602	0	
0	0.243313	0.756687	0	0.0625	0.03125	0.643595	0.667235	0.667235	0.000558862	0.03125	0.121657	0.243313	0.243313	0.0148003	0.0754215	0.150843	0	0.00568841	0.452331	0.150777	0	0.0366861	0	0	1	0.625	0.03125	0	0.0078125	0.000158691	0	
0	0.535667	0.464333	0	0.21875	0.109375	0.634924	0.692139	0.692139	0.0010631	0.109375	0.0765238	0.22102	0.22102	0.0093535	0.04757	0.140557	0	0.00371877	0.688755	0	0.229585	0.122981	0	0	0	0.625	0.109375	0	0.053125	0.00181641	0	
0	0.906374	0.0936261	0	0.125	0.0625	0.624668	0.643083	0.643083	0.000273216	0.0625	0.226593	0.906374	0.906374	0.154034	0.142182	0.568726	0	0.0606468	0.302638	0.100879	0	0.0914344	0	0	1	0.625	0.0625	0	0.01875	0.000820313	0	
0	0.535667	0.464333	0	0.09375	0.046875	0.650689	0.729042	0.729042	0.00424911	0.046875	0.178556	0.535667	0.535667	0.0637642	0.101678	0.305035	0	0.020677	0.689251	0	0.22975	0.12307	0	0	0	0.625	0.046875	0	0.021875	0.000253906	1	
0	0.906374	0.0936261	0	0.0625	0.03125	0.635279	0.643083	0.643083	6.09109e-05	0.03125	0.453187	0.906374	0.906374	0.205378	0.284363	0.568726	0	0.0808624	0.319483	0	0.106494	0.0965235	0	0	1	0.625	0.03125	0	0.009375	0.000205078	0	
1	0.0838325	0.916167	0	0.09375	0.046875	0.647627	0.717486	0.717486	0.00258564	0.046875	0.0279442	0.0838325	0.0838325	0.00156175	0.0175343	0.0526028	0	0.0006149	0.427257	0.142419	0	0.0119393	0	0	0	0.6875	0.046875	0	0.0127841	0.000435821	0	
1	0.926582	0.0734178	0	0.21875	0.109375	0.618179	0.653853	0.653853	0.000614338	0.109375	0.132369	0.916167	0.916167	0.102403	0.08651	0.599038	0	0.043786	0.553678	0	0.184559	0.171009	0	0	1	0.6875	0.109375	0	0.0525568	0.00165451	0	
1	0.0838325	0.916167	0	0.09375	0.046875	0.647627	0.717486	0.717486	0.00258564	0.046875	0.0279442	0.0838325	0.0838325	0.00156175	0.0175343	0.0526028	0	0.0006149	0.488625	0	0.162875	0.0136542	0	0	0	0.6875	0.046875	0	0.0127841	0.000435821	0	
1	0.916167	0.0838325	0	0.09375	0.046875	0.670823	0.692139	0.692139	0.000253754	0.046875	0.305389	0.916167	0.916167	0.186525	0.199679	0.599038	0	0.0797438	0.549041	0.183014	0	0.167671	0	0	0	0.6875	0.046875	0	0.0142045	0.00041968	0	
1	0.926582	0.0734178	0	0.25	0.125	0.633951	0.692139	0.692139	0.000936843	0.125	0.115823	0.916167	0.916167	0.091519	0.0756962	0.599038	0	0.0391313	0.688755	0	0.229585	0.21273	0	0	0	0.6875	0.125	0	0.0525568	0.00232034	1	
1	0.0838325	0.916167	0	0.125	0.0625	0.624668	0.643083	0.643083	0.000273216	0.0625	0.0209581	0.0838325	0.0838325	0.00131773	0.0131507	0.0526028	0	0.000518822	0.302638	0.100879	0	0.00845698	0	0	1	0.6875	0.0625	0	0.0170455	0.000774793	0	
1	0.989585	0.0104147	0	0.09375	0.046875	0.638823	0.729042	0.729042	0.00446221	0.046875	0.329862	0.989585	0.989585	0.217618	0.18784	0.563519	0	0.0705675	0.605846	0	0.201949	0.199845	0	0	1	0.6875	0.046875	0	0.0227273	0.000326866	0	
1	0.0838325	0.916167	0	0.0625	0.03125	0.635279	0.643083	0.643083	6.09109e-05	0.03125	0.0419163	0.0838325	0.0838325	0.00175697	0.0263014	0.0526028	0	0.000691763	0.319483	0	0.106494	0.00892768	0	0	1	0.6875	0.03125	0	0.00852273	0.000193698	0	
2	0.612195	0.387805	0	0.09375	0.046875	0.647627	0.717486	0.717486	0.00258564	0.046875	0.204065	0.612195	0.612195	0.0832851	0.128046	0.384137	0	0.0327914	0.427257	0.142419	0	0.0871882	0	0	0	0.875	0.046875	0	0.0122768	0.000389878	0	
2	0.612195	0.387805	0	0.09375	0.046875	0.647627	0.717486	0.717486	0.00258564	0.046875	0.204065	0.612195	0.612195	0.0832851	0.128046	0.384137	0	0.0327914	0.488625	0	0.162875	0.0997113	0	0	0	0.875	0.046875	0	0.0122768	0.000389878	0	
2	0.337325	0.662675	0	0.03125	0.015625	0.617978	0.617978	0.617978	0	0.015625	0.337325	0.337325	0.337325	0	0.208459	0.208459	0.208459	0	0.605846	0	0.201949	0.0681224	0	0	1	0.875	0.015625	0	0.00892857	5.97895e-05	1	
2	0.387805	0.612195	0	0.0625	0.03125	0.636638	0.643083	0.643083	4.15453e-05	0.03125	0.193902	0.387805	0.387805	0.0375981	0.124695	0.249391	0	0.0155489	0.430089	0	0.143363	0.0555969	0	0	1	0.875	0.03125	0	0.00892857	0.000199298	0	
2	0.387805	0.612195	0	0.0625	0.03125	0.636638	0.643083	0.643083	4.15453e-05	0.03125	0.193902	0.387805	0.387805	0.0375981	0.124695	0.249391	0	0.0155489	0.401602	0	0.133867	0.0519144	0	0	1	0.875	0.03125	0	0.00892857	0.000199298	0	
2	0.387805	0.612195	0	0.03125	0.015625	0.643083	0.643083	0.643083	0	0.015625	0.387805	0.387805	0.387805	0	0.249391	0.249391	0.249391	0	0.308916	0	0.102972	0.039933	0	0	1	0.875	0.015625	0	0.00446429	4.98246e-05	0	
3	0.375692	0.624308	0	0.09375	0.046875	0.647627	0.717486	0.717486	0.00258564	0.046875	0.125231	0.375692	0.375692	0.0313654	0.078579	0.235737	0	0.0123493	0.427257	0.142419	0	0.0535057	0	0	0	0.5625	0.046875	0	0.015625	0.000488281	0	
3	0.375692	0.624308	0	0.09375	0.046875	0.647627	0.717486	0.717486	0.00258564	0.046875	0.125231	0.375692	0.375692	0.0313654	0.078579	0.235737	0	0.0123493	0.488625	0	0.162875	0.0611909	0	0	0	0.5625	0.046875	0	0.015625	0.000488281	0	
3	0.624308	0.375692	0	0.03125	0.015625	0.581824	0.581824	0.581824	0	0.015625	0.624308	0.624308	0.624308	0	0.363237	0.363237	0.363237	0	0.437991	0	0.145997	0.0911471	0	0	0	0.5625	0.015625	0	0.00347222	4.21971e-05	1	
3	0.624308	0.375692	0	0.03125	0.015625	0.581824	0.581824	0.581824	0	0.015625	0.624308	0.624308	0.624308	0	0.363237	0.363237	0.363237	0	0.487192	0	0.162397	0.101386	0	0	0	0.5625	0.015625	0	0.00347222	4.21971e-05	1	
3	0.641094	0.358906	0	0.0625	0.03125	0.643595	0.667235	0.667235	0.000558862	0.03125	0.320547	0.641094	0.641094	0.10275	0.198725	0.397449	0	0.0394915	0.452331	0.150777	0	0.0966623	0	0	1	0.5625	0.03125	0	0.0104167	0.000217014	0	
3	0.624308	0.375692	0	0.03125	0.015625	0.581824	0.581824	0.581824	0	0.015625	0.624308	0.624308	0.624308	0	0.363237	0.363237	0.363237	0	0.352116	0	0.117372	0.0732763	0	0	0	0.5625	0.015625	0	0.00347222	4.21971e-05	1	
3	0.358906	0.641094	0	0.25	0.125	0.635094	0.692139	0.692139	0.00093041	0.125	0.0448632	0.358906	0.358906	0.014089	0.0285457	0.228366	0	0.005704	0.688755	0	0.229585	0.0823995	0	0	0	0.5625	0.125	0	0.0572917	0.00271267	0	
3	0.375692	0.624308	0	0.125	0.0625	0.624668	0.643083	0.643083	0.000273216	0.0625	0.093923	0.375692	0.375692	0.0264646	0.0589343	0.235737	0	0.0104197	0.302638	0.100879	0	0.0378996	0	0	1	0.5625	0.0625	0	0.0208333	0.000868056	1	
3	0.375692	0.624308	0	0.0625	0.03125	0.635279	0.643083	0.643083	6.09109e-05	0.03125	0.187846	0.375692	0.375692	0.0352861	0.117869	0.235737	0	0.013893	0.319483	0	0.106494	0.040009	0	0	1	0.5625	0.03125	0	0.0104167	0.000217014	0	
4	0.29874	0.70126	0	0.09375	0.046875	0.647627	0.717486	0.717486	0.00258564	0.046875	0.0995801	0.29874	0.29874	0.0198324	0.0624839	0.187452	0	0.00780849	0.427257	0.142419	0	0.0425463	0	0	0	0.875	0.046875	0	0.0122768	0.000389878	0	
4	0.29874	0.70126	0	0.09375	0.046875	0.647627	0.717486	0.717486	0.00258564	0.046875	0.0995801	0.29874	0.29874	0.0198324	0.0624839	0.187452	0	0.00780849	0.488625	0	0.162875	0.0486573	0	0	0	0.875	0.046875	0	0.0122768	0.000389878	0	
4	0.243927	0.756073	0	0.09375	0.046875	0.670823	0.692139	0.692139	0.000253754	0.046875	0.0813089	0.243927	0.243927	0.0132223	0.053164	0.159492	0	0.00565282	0.549041	0.183014	0	0.0446419	0	0	0	0.875	0.046875	0	0.015625	0.000348772	1	
4	0.70126	0.29874	0	0.0625	0.03125	0.636638	0.643083	0.643083	4.15453e-05	0.03125	0.35063	0.70126	0.70126	0.122941	0.225484	0.450969	0	0.0508432	0.430089	0	0.143363	0.100535	0	0	1	0.875	0.03125	0	0.00892857	0.000199298	0	
4	0.70126	0.29874	0	0.0625	0.03125	0.636638	0.643083	0.643083	4.15453e-05	0.03125	0.35063	0.70126	0.70126	0.122941	0.225484	0.450969	0	0.0508432	0.401602	0	0.133867	0.0938758	0	0	1	0.875	0.03125	0	0.00892857	0.000199298	0	
4	0.70126	0.29874	0	0.03125	0.015625	0.643083	0.643083	0.643083	0	0.015625	0.70126	0.70126	0.70126	0	0.450969	0.450969	0.450969	0	0.308916	0	0.102972	0.0722101	0	0	1	0.875	0.015625	0	0.00446429	4.98246e-05	0	
5	0.0409856	0.959014	0	0.09375	0.046875	0.647627	0.717486	0.717486	0.00258564	0.046875	0.0136619	0.0409856	0.0409856	0.000373294	0.00857248	0.0257174	0	0.000146975	0.427257	0.142419	0	0.00583713	0	0	0	0.6875	0.046875	0	0.0127841	0.000435821	0	
5	0.886393	0.113607	0	0.21875	0.109375	0.618179	0.653853	0.653853	0.000614338	0.109375	0.126628	0.845408	0.845408	0.0863074	0.08269	0.552772	0	0.0369103	0.553678	0	0.184559	0.163592	0	0	1	0.6875	0.109375	0	0.0497159	0.00158994	0	
5	0.0409856	0.959014	0	0.09375	0.046875	0.647627	0.717486	0.717486	0.00258564	0.046875	0.0136619	0.0409856	0.0409856	0.000373294	0.00857248	0.0257174	0	0.000146975	0.488625	0	0.162875	0.00667554	0	0	0	0.6875	0.046875	0	0.0127841	0.000435821	0	
5	0.845408	0.154592	0	0.09375	0.046875	0.670823	0.692139	0.692139	0.000253754	0.046875	0.281803	0.845408	0.845408	0.158825	0.184257	0.552772	0	0.0679015	0.549041	0.183014	0	0.154721	0	0	0	0.6875	0.046875	0	0.0170455	0.00041968	0	
5	0.0726211	0.927379	0	0.0625	0.03125	0.662401	0.667235	0.667235	2.3371e-05	0.03125	0.0363106	0.0726211	0.0726211	0.00131846	0.0238766	0.0477532	0	0.000570092	0.51328	0.171093	0	0.012425	0	0	0	0.6875	0.03125	0	0.00852273	0.000149309	0	
5	0.0726211	0.927379	0	0.09375	0.046875	0.648252	0.667235	0.667235	0.000415953	0.046875	0.024207	0.0726211	0.0726211	0.00117196	0.0159177	0.0477532	0	0.000506749	0.452331	0.150777	0	0.0109496	0	0	1	0.6875	0.046875	0	0.015625	0.000355114	1	
5	0.0409856	0.959014	0	0.125	0.0625	0.624668	0.643083	0.643083	0.000273216	0.0625	0.0102464	0.0409856	0.0409856	0.000314967	0.00642936	0.0257174	0	0.00012401	0.302638	0.100879	0	0.0041346	0	0	1	0.6875	0.0625	0	0.0170455	0.000774793	0	
5	0.0409856	0.959014	0	0.0625	0.03125	0.635279	0.643083	0.643083	6.09109e-05	0.03125	0.0204928	0.0409856	0.0409856	0.000419955	0.0128587	0.0257174	0	0.000165347	0.319483	0	0.106494	0.00436473	0	0	1	0.6875	0.03125	0	0.00852273	0.000193698	0	
6	0.612195	0.387805	0	0.09375	0.046875	0.647627	0.717486	0.717486	0.00258564	0.046875	0.204065	0.612195	0.612195	0.0832851	0.128046	0.384137	0	0.0327914	0.427257	0.142419	0	0.0871882	0	0	0	0.625	0.046875	0	0.015625	0.000439453	0	
6	0.612195	0.387805	0	0.09375	0.046875	0.647627	0.717486	0.717486	0.00258564	0.046875	0.204065	0.612195	0.612195	0.0832851	0.128046	0.384137	0	0.0327914	0.488625	0	0.162875	0.0997113	0	0	0	0.625	0.046875	0	0.015625	0.000439453	0	
6	0.387805	0.612195	0	0.0625	0.03125	0.636638	0.643083	0.643083	4.15453e-05	0.03125	0.193902	0.387805	0.387805	0.0375981	0.124695	0.249391	0	0.0155489	0.430089	0	0.143363	0.0555969	0	0	1	0.625	0.03125	0	0.0109375	0.000197754	1	
6	0.612632	0.387368	0	0.0625	0.03125	0.599318	0.600447	0.600447	1.27554e-06	0.03125	0.306316	0.612632	0.612632	0.0938294	0.183235	0.366469	0	0.0335749	0.49225	0	0.164083	0.100523	0	0	1	0.625	0.03125	0	0.0109375	0.000197754	1	
6	0.387368	0.612632	0	0.03125	0.015625	0.664793	0.664793	0.664793	0	0.015625	0.387368	0.387368	0.387368	0	0.25752	0.25752	0.25752	0	0.456699	0	0.152233	0.0589702	0	0	0	0.625	0.015625	0	0.00625	5.85938e-05	1	
6	0.387368	0.612632	0	0.0625	0.03125	0.63262	0.664793	0.664793	0.00103507	0.03125	0.193684	0.387368	0.387368	0.0375136	0.12876	0.25752	0	0.0165791	0.427176	0	0.142392	0.0551582	0	0	0	0.625	0.03125	0	0.0109375	0.000197754	1	
6	0.387805	0.612195	0	0.0625	0.03125	0.636638	0.643083	0.643083	4.15453e-05	0.03125	0.193902	0.387805	0.387805	0.0375981	0.124695	0.249391	0	0.0155489	0.401602	0	0.133867	0.0519144	0	0	1	0.625	0.03125	0	0.0109375	0.000197754	1	
6	0.387805	0.612195	0	0.03125	0.015625	0.643083	0.643083	0.643083	0	0.015625	0.387805	0.387805	0.387805	0	0.249391	0.249391	0.249391	0	0.308916	0	0.102972	0.039933	0	0	1	0.625	0.015625	0	0.00625	5.85938e-05	1	
7	0.132504	0.867496	0	0.21875	0.109375	0.618179	0.653853	0.653853	0.000614338	0.109375	0.0189292	0.132504	0.132504	0.00214989	0.0120351	0.0842455	0	0.000869058	0.553678	0	0.184559	0.0244549	0	0	1	0.75	0.109375	0	0.0507812	0.00171407	0	
7	0.867496	0.132504	0	0.3125	0.15625	0.619523	0.689004	0.689004	0.00117581	0.15625	0.0867496	0.734991	0.734991	0.0482515	0.0552349	0.461053	0	0.0190395	0.59993	0.199977	0	0.173479	1	0	1	0.75	0.15625	0.015625	0.0755208	0.00255669	0	
7	0.602487	0.397513	0	0.0625	0.03125	0.662401	0.667235	0.667235	2.3371e-05	0.03125	0.301243	0.602487	0.602487	0.0907475	0.198088	0.396175	0	0.0392387	0.51328	0.171093	0	0.103082	0	0	0	0.75	0.03125	0	0.0104167	0.000176324	0	
7	0.39811	0.60189	0	0.125	0.0625	0.624668	0.643083	0.643083	0.000273216	0.0625	0.0995276	0.39811	0.39811	0.0297172	0.0640045	0.256018	0	0.0122897	0.302638	0.100879	0	0.0401611	0	0	1	0.75	0.0625	0	0.015625	0.000732422	0	
7	0.734394	0.265606	0	0.09375	0.046875	0.664008	0.729042	0.729042	0.00285408	0.046875	0.244798	0.734394	0.734394	0.119852	0.146435	0.439306	0	0.0428867	0.455104	0.151701	0	0.111409	0	0	1	0.75	0.046875	0	0.015625	0.000366211	0	
7	0.39811	0.60189	0	0.0625	0.03125	0.636638	0.643083	0.643083	4.15453e-05	0.03125	0.199055	0.39811	0.39811	0.039623	0.128009	0.256018	0	0.0163863	0.430089	0	0.143363	0.0570743	0	0	1	0.75	0.03125	0	0.0078125	0.000183105	0	
7	0.39811	0.60189	0	0.0625	0.03125	0.635279	0.643083	0.643083	6.09109e-05	0.03125	0.199055	0.39811	0.39811	0.039623	0.128009	0.256018	0	0.0163863	0.319483	0	0.106494	0.0423964	0	0	1	0.75	0.03125	0	0.0078125	0.000183105	0	
7	0.734394	0.265606	0	0.09375	0.046875	0.621143	0.664793	0.664793	0.000953498	0.046875	0.244798	0.734394	0.734394	0.119852	0.146435	0.439306	0	0.0428867	0.442329	0.147443	0	0.108281	0	0	1	0.75	0.046875	0	0.0117188	0.000411987	0	
7	0.734394	0.265606	0	0.0625	0.03125	0.599318	0.600447	0.600447	1.27554e-06	0.03125	0.367197	0.734394	0.734394	0.134834	0.219653	0.439306	0	0.0482475	0.49225	0	0.164083	0.120502	0	0	1	0.75	0.03125	0	0.0078125	0.000183105	0	
7	0.39811	0.60189	0	0.0625	0.03125	0.636638	0.643083	0.643083	4.15453e-05	0.03125	0.199055	0.39811	0.39811	0.039623	0.128009	0.256018	0	0.0163863	0.401602	0	0.133867	0.053294	0	0	1	0.75	0.03125	0	0.0078125	0.000183105	0	
7	0.39811	0.60189	0	0.03125	0.015625	0.643083	0.643083	0.643083	0	0.015625	0.39811	0.39811	0.39811	0	0.256018	0.256018	0.256018	0	0.308916	0	0.102972	0.0409942	0	0	1	0.75	0.015625	0	0.00390625	4.57764e-05	1	
8	0.0443893	0.955611	0	0.09375	0.046875	0.647627	0.717486	0.717486	0.00258564	0.046875	0.0147964	0.0443893	0.0443893	0.000437869	0.00884712	0.0265414	0	0.000156543	0.427257	0.142419	0	0.00632188	0	0	0	0.625	0.046875	0	0.0140625	0.000461426	0	
8	0.955611	0.0443893	0	0.21875	0.109375	0.618179	0.653853	0.653853	0.000614338	0.109375	0.136516	0.955611	0.955611	0.111819	0.0892612	0.624828	0	0.0478054	0.553678	0	0.184559	0.176367	0	0	1	0.625	0.109375	0	0.053125	0.00162109	0	
8	0.0443893	0.955611	0	0.09375	0.046875	0.647627	0.717486	0.717486	0.00258564	0.046875	0.0147964	0.0443893	0.0443893	0.000437869	0.00884712	0.0265414	0	0.000156543	0.488625	0	0.162875	0.00722991	0	0	0	0.625	0.046875	0	0.0140625	0.000461426	0	
8	0.968603	0.0313968	0	0.09375	0.046875	0.670823	0.692139	0.692139	0.000253754	0.046875	0.322868	0.955611	0.955611	0.20021	0.211274	0.624828	0	0.0855272	0.549041	0.183014	0	0.177268	0	0	0	0.625	0.046875	0	0.01875	0.000429688	0	
8	0.0443893	0.955611	0	0.125	0.0625	0.624668	0.643083	0.643083	0.000273216	0.0625	0.0110973	0.0443893	0.0443893	0.000369452	0.00663534	0.0265414	0	0.000132083	0.302638	0.100879	0	0.00447797	0	0	1	0.625	0.0625	0	0.01875	0.000820312	0	
8	0.955611	0.0443893	0	0.09375	0.046875	0.638823	0.729042	0.729042	0.00446221	0.046875	0.318537	0.955611	0.955611	0.202932	0.181391	0.544172	0	0.0658052	0.605846	0	0.201949	0.192984	0	0	1	0.625	0.046875	0	0.01875	0.000332031	1	
9	0.340621	0.659379	0	0.09375	0.046875	0.647627	0.717486	0.717486	0.00258564	0.046875	0.11354	0.340621	0.340621	0.0257829	0.0712437	0.213731	0	0.0101513	0.427257	0.142419	0	0.0485109	0	0	0	0.8125	0.046875	0	0.0132212	0.000407383	0	
9	0.879836	0.120164	0	0.1875	0.09375	0.610648	0.635794	0.635794	0.000463621	0.09375	0.146639	0.639508	0.639508	0.0514718	0.0894833	0.388425	0	0.0189759	0.553678	0	0.184559	0.162382	0	0	1	0.8125	0.09375	0	0.0576923	0.000953449	0	
9	0.340621	0.659379	0	0.09375	0.046875	0.647627	0.717486	0.717486	0.00258564	0.046875	0.11354	0.340621	0.340621	0.0257829	0.0712437	0.213731	0	0.0101513	0.488625	0	0.162875	0.0554787	0	0	0	0.8125	0.046875	0	0.0132212	0.000407383	0	
9	1	1.11022e-16	-0.00869172	0.28125	0.140625	0.626485	0.667235	0.667235	0.000282069	0.140625	0.111111	0.639508	0.639508	0.0379086	0.0679292	0.388425	0	0.0139904	0.450909	0.150303	0	0.150303	0	0	1	0.8125	0.140625	0	0.0769231	0.00219582	0	
9	0.120164	0.879836	0	0.0625	0.03125	0.662401	0.667235	0.667235	2.3371e-05	0.03125	0.060082	0.120164	0.120164	0.00360985	0.0395079	0.0790158	0	0.00156088	0.51328	0.171093	0	0.0205593	0	0	0	0.8125	0.03125	0	0.00721154	0.000135794	1	
9	0.120164	0.879836	0	0.09375	0.046875	0.648252	0.667235	0.667235	0.000415953	0.046875	0.0400547	0.120164	0.120164	0.00320875	0.0263386	0.0790158	0	0.00138744	0.452331	0.150777	0	0.018118	0	0	1	0.8125	0.046875	0	0.0144231	0.000317816	0	
9	0.879836	0.120164	0	0.21875	0.109375	0.623128	0.636282	0.636282	0.00041405	0.109375	0.125691	0.639508	0.639508	0.0467517	0.0741685	0.367403	0	0.0154281	0.688755	0	0.229585	0.201997	0	0	0	0.8125	0.109375	0	0.0588942	0.0013955	0	
9	0.779543	0.220457	0	0.09375	0.046875	0.627472	0.643083	0.643083	0.00019573	0.046875	0.259848	0.659379	0.659379	0.0822191	0.165744	0.424035	0	0.0342502	0.430089	0	0.143363	0.111758	0	0	1	0.8125	0.046875	0	0.0120192	0.000343819	0	
9	0.120164	0.879836	0	0.0625	0.03125	0.619666	0.630192	0.630192	0.000110803	0.03125	0.060082	0.120164	0.120164	0.00360985	0.0365983	0.0731967	0	0.00133944	0.504797	0	0.168266	0.0202195	0	0	0	0.8125	0.03125	0	0.00721154	0.000135794	0	
9	0.659379	0.340621	0	0.0625	0.03125	0.636638	0.643083	0.643083	4.15453e-05	0.03125	0.329689	0.659379	0.659379	0.108695	0.212018	0.424035	0	0.0449515	0.401602	0	0.133867	0.0882693	0	0	1	0.8125	0.03125	0	0.00961538	0.000208025	0	
9	0.120164	0.879836	0	0.03125	0.015625	0.60914	0.60914	0.60914	0	0.015625	0.120164	0.120164	0.120164	0	0.0731967	0.0731967	0.0731967	0	0.534784	0	0.178261	0.0214206	0	0	0	0.8125	0.015625	0	0.00240385	3.17816e-05	0	
9	0.659379	0.340621	0	0.03125	0.015625	0.643083	0.643083	0.643083	0	0.015625	0.659379	0.659379	0.659379	0	0.424035	0.424035	0.424035	0	0.308916	0	0.102972	0.0678975	0	0	1	0.8125	0.015625	0	0.00480769	5.20063e-05	0	
10	0.0173962	0.982604	0	0.09375	0.046875	0.647627	0.717486	0.717486	0.00258564	0.046875	0.00579873	0.0173962	0.0173962	6.72505e-05	0.00363855	0.0109157	0	2.64781e-05	0.427257	0.142419	0	0.00247755	0	0	0	0.6875	0.046875	0	0.0127841	0.000435821	0	
10	0.025538	0.974462	0	0.125	0.0625	0.628449	0.717486	0.717486	0.00304264	0.0625	0.00638451	0.0173962	0.0173962	5.14673e-05	0.00389099	0.0109157	0	2.00498e-05	0.488625	0	0.162875	0.00415951	0	0	0	0.6875	0.0625	0	0.0170455	0.000774793	1	
10	0.974462	0.025538	0	0.03125	0.015625	0.581824	0.581824	0.581824	0	0.015625	0.974462	0.974462	0.974462	0	0.566965	0.566965	0.566965	0	0.437991	0	0.145997	0.142269	0	0	0	0.6875	0.015625	0	0.00284091	3.63184e-05	0	
10	0.974462	0.025538	0	0.03125	0.015625	0.581824	0.581824	0.581824	0	0.015625	0.974462	0.974462	0.974462	0	0.566965	0.566965	0.566965	0	0.487192	0	0.162397	0.15825	0	0	0	0.6875	0.015625	0	0.00284091	3.63184e-05	0	
10	0.974462	0.025538	0	0.03125	0.015625	0.581824	0.581824	0.581824	0	0.015625	0.974462	0.974462	0.974462	0	0.566965	0.566965	0.566965	0	0.352116	0	0.117372	0.114375	0	0	0	0.6875	0.015625	0	0.00284091	3.63184e-05	0	
10	0.025538	0.974462	0	0.15625	0.078125	0.613917	0.643083	0.643083	0.000680881	0.078125	0.00510761	0.0173962	0.0173962	4.76957e-05	0.00311279	0.0109157	0	1.84622e-05	0.302638	0.100879	0	0.00257626	0	0	1	0.6875	0.078125	0	0.0213068	0.00121061	1	
10	0.025538	0.974462	0	0.09375	0.046875	0.613824	0.643083	0.643083	0.000961219	0.046875	0.00851268	0.0173962	0.0173962	5.05066e-05	0.00518799	0.0109157	0	2.00042e-05	0.319483	0	0.106494	0.00271965	0	0	1	0.6875	0.046875	0	0.0127841	0.000435821	0	
11	0.383725	0.616275	0	0.09375	0.046875	0.647627	0.717486	0.717486	0.00258564	0.046875	0.127908	0.383725	0.383725	0.032721	0.0802591	0.240777	0	0.0128831	0.427257	0.142419	0	0.0546496	0	0	0	0.5625	0.046875	0	0.015625	0.000488281	0	
11	1	1.11022e-16	0	0.15625	0.078125	0.620409	0.717486	0.717486	0.00269269	0.078125	0.2	0.616275	0.616275	0.065408	0.118524	0.351841	0	0.0223053	0.488625	0	0.162875	0.162875	0	0	0	0.5625	0.078125	0	0.0260417	0.00135634	0	
11	0.215806	0.784194	0	0.0625	0.03125	0.643595	0.667235	0.667235	0.000558862	0.03125	0.107903	0.215806	0.215806	0.011643	0.0668948	0.13379	0	0.00447492	0.452331	0.150777	0	0.0325385	0	0	1	0.5625	0.03125	0	0.0104167	0.000217014	1	
11	0.784194	0.215806	0	0.28125	0.140625	0.629712	0.692139	0.692139	0.00105878	0.140625	0.0871327	0.784194	0.784194	0.0607369	0.055441	0.498969	0	0.0245897	0.688755	0	0.229585	0.180039	0	0	0	0.5625	0.140625	0	0.0625	0.0031467	0	
11	1	1.11022e-16	0	0.1875	0.09375	0.609639	0.643083	0.643083	0.000658917	0.09375	0.166667	0.616275	0.616275	0.0600622	0.0987697	0.351841	0	0.0205388	0.302638	0.100879	0	0.100879	0	0	1	0.5625	0.09375	0	0.03125	0.00195312	0	
11	1	1.11022e-16	0	0.125	0.0625	0.60743	0.643083	0.643083	0.000843565	0.0625	0.25	0.616275	0.616275	0.06926	0.148154	0.351841	0	0.0234916	0.319483	0	0.106494	0.106494	0	0	1	0.5625	0.0625	0	0.0208333	0.000868056	0	
12	0.308704	0.691296	0	0.15625	0.078125	0.729074	0.788935	0.788935	0.00245573	0.078125	0.0617408	0.308704	0.308704	0.0152477	0.0420444	0.210222	0	0.00707093	0.51328	0.171093	0	0.0528172	0	0	0	0.625	0.078125	0	0.0296875	0.00114502	1	
12	0.897021	0.102979	0	0.09375	0.046875	0.671917	0.728562	0.728562	0.00197688	0.046875	0.299007	0.897021	0.897021	0.178811	0.185371	0.556113	0	0.0687247	0.452331	0.150777	0	0.13525	0	0	1	0.625	0.046875	0	0.0125	0.000332031	0	
12	0.102979	0.897021	0	0.25	0.125	0.635094	0.692139	0.692139	0.00093041	0.125	0.0128723	0.102979	0.102979	0.00115988	0.00819043	0.0655235	0	0.000469582	0.688755	0	0.229585	0.0236424	0	0	0	0.625	0.125	0	0.053125	0.00279297	0	
13	0.0520759	0.947924	0	0.15625	0.078125	0.620409	0.717486	0.717486	0.00269269	0.078125	0.0104152	0.0520759	0.0520759	0.000433904	0.00594618	0.0297309	0	0.000141428	0.488625	0	0.162875	0.00848187	0	0	0	0.625	0.078125	0	0.0234375	0.00128174	0	
13	0.369653	0.630347	0	0.1875	0.09375	0.609639	0.643083	0.643083	0.000658917	0.09375	0.0616089	0.317578	0.317578	0.0134656	0.0389933	0.204229	0	0.00557841	0.302638	0.100879	0	0.0372904	0	0	1	0.625	0.09375	0	0.028125	0.0018457	1	
13	0.947924	0.0520759	0	0.09375	0.046875	0.621582	0.643083	0.643083	0.000481038	0.046875	0.315975	0.630347	0.630347	0.0662241	0.192354	0.372832	0	0.0232378	0.430089	0	0.143363	0.135897	0	0	1	0.625	0.046875	0	0.0125	0.000380859	0	
13	0.369653	0.630347	0	0.125	0.0625	0.60743	0.643083	0.643083	0.000843565	0.0625	0.0924134	0.317578	0.317578	0.0173516	0.0584899	0.204229	0	0.00722726	0.319483	0	0.106494	0.0393659	0	0	1	0.625	0.0625	0	0.01875	0.000820312	0	
13	0.630347	0.369653	0	0.0625	0.03125	0.610832	0.630192	0.630192	0.000374832	0.03125	0.315173	0.630347	0.630347	0.0993342	0.186416	0.372832	0	0.0347509	0.504797	0	0.168266	0.106066	0	0	0	0.625	0.03125	0	0.0078125	0.000158691	0	
13	0.947924	0.0520759	0	0.09375	0.046875	0.621582	0.643083	0.643083	0.000481038	0.046875	0.315975	0.630347	0.630347	0.0662241	0.192354	0.372832	0	0.0232378	0.401602	0	0.133867	0.126896	0	0	1	0.625	0.046875	0	0.0125	0.000380859	0	
13	0.317578	0.682422	0	0.03125	0.015625	0.643083	0.643083	0.643083	0	0.015625	0.317578	0.317578	0.317578	0	0.204229	0.204229	0.204229	0	0.308916	0	0.102972	0.0327016	0	0	1	0.625	0.015625	0	0.0046875	5.12695e-05	1	
14	0.612195	0.387805	0	0.09375	0.046875	0.647627	0.717486	0.717486	0.00258564	0.046875	0.204065	0.465244	0.465244	0.0377063	0.123463	0.278179	0	0.0133857	0.427257	0.142419	0	0.0871882	0	0	0	0.5625	0.046875	0	0.0208333	0.000542535	1	
14	0.534756	0.465244	0	0.125	0.0625	0.60743	0.643083	0.643083	0.000843565	0.0625	0.133689	0.387805	0.387805	0.0251241	0.0784029	0.221403	0	0.00823344	0.319483	0	0.106494	0.0569484	0	0	1	0.5625	0.0625	0	0.0260417	0.000868056	0	
15	0.612195	0.387805	0	0.09375	0.046875	0.647627	0.717486	0.717486	0.00258564	0.046875	0.204065	0.612195	0.612195	0.0832851	0.128046	0.384137	0	0.0327914	0.427257	0.142419	0	0.0871882	0	0	0	0.625	0.046875	0	0.0140625	0.000461426	1	
15	0.580907	0.419093	0	0.1875	0.09375	0.618212	0.653853	0.653853	0.00071672	0.09375	0.0968179	0.580907	0.580907	0.0468685	0.060718	0.364308	0	0.0184334	0.553678	0	0.184559	0.107212	0	0	1	0.625	0.09375	0	0.0515625	0.00122314	0	
16	0.0316919	0.968308	0	0.125	0.0625	0.665805	0.720339	0.720339	0.00293055	0.0625	0.00792297	0.0316919	0.0316919	0.000188321	0.00473732	0.0189493	0	6.73266e-05	0.427257	0.142419	0	0.00451353	0	0	0	0.75	0.0625	0	0.015625	0.000732422	0	
16	0.918245	0.0817555	0	0.25	0.125	0.62257	0.653853	0.653853	0.000672566	0.125	0.114781	0.899873	0.899873	0.088089	0.0750483	0.588384	0	0.0376602	0.553678	0	0.184559	0.169471	0	0	1	0.75	0.125	0	0.0585938	0.00208028	1	
16	0.0316919	0.968308	0	0.125	0.0625	0.665805	0.720339	0.720339	0.00293055	0.0625	0.00792297	0.0316919	0.0316919	0.000188321	0.00473732	0.0189493	0	6.73266e-05	0.488625	0	0.162875	0.00516182	0	0	0	0.75	0.0625	0	0.015625	0.000732422	0	
16	0.968308	0.0316919	0	0.15625	0.078125	0.673654	0.70249	0.70249	0.000406113	0.078125	0.193662	0.899873	0.899873	0.125018	0.127008	0.588384	0	0.0533772	0.549041	0.183014	0	0.177214	0	0	0	0.75	0.078125	0	0.0286458	0.000969781	0	
16	0.0183717	0.981628	0	0.03125	0.015625	0.666944	0.666944	0.666944	0	0.015625	0.0183717	0.0183717	0.0183717	0	0.0122529	0.0122529	0.0122529	0	0.51328	0.171093	0	0.00314328	0	0	0	0.75	0.015625	0	0.00651042	5.93397e-05	0	
16	0.0316919	0.968308	0	0.15625	0.078125	0.643802	0.720339	0.720339	0.00168305	0.078125	0.00633838	0.0316919	0.0316919	0.0001607	0.00378986	0.0189493	0	5.74521e-05	0.302638	0.100879	0	0.00319706	0	0	1	0.75	0.078125	0	0.0195312	0.00114441	0	
17	0.446827	0.553173	0	0.15625	0.078125	0.620409	0.717486	0.717486	0.00269269	0.078125	0.0893655	0.446827	0.446827	0.0319448	0.0510201	0.2551	0	0.0104122	0.488625	0	0.162875	0.0727771	0	0	0	0.5	0.078125	0	0.0371094	0.00139999	0	
17	0.78743	0.21257	0	0.0625	0.03125	0.631491	0.664793	0.664793	0.00110902	0.03125	0.393715	0.78743	0.78743	0.155012	0.235516	0.471032	0	0.0554678	0.455104	0.151701	0	0.119454	0	0	1	0.5	0.03125	0	0.0117188	0.000228882	1	
17	0.765742	0.234258	0	0.09375	0.046875	0.621582	0.643083	0.643083	0.000481038	0.046875	0.255247	0.553173	0.553173	0.0519107	0.160488	0.355736	0	0.0216955	0.430089	0	0.143363	0.109779	0	0	1	0.5	0.046875	0	0.0195312	0.000411987	0	
17	0.78743	0.21257	0	0.09375	0.046875	0.621143	0.664793	0.664793	0.000953498	0.046875	0.262477	0.78743	0.78743	0.137788	0.157011	0.471032	0	0.0493047	0.442329	0.147443	0	0.116101	0	0	1	0.5	0.046875	0	0.0175781	0.000514984	0	
17	0.78743	0.21257	0	0.0625	0.03125	0.599318	0.600447	0.600447	1.27554e-06	0.03125	0.393715	0.78743	0.78743	0.155012	0.235516	0.471032	0	0.0554678	0.49225	0	0.164083	0.129204	0	0	1	0.5	0.03125	0	0.0117188	0.000228882	0	
17	0.21257	0.78743	0	0.0625	0.03125	0.610832	0.630192	0.630192	0.000374832	0.03125	0.106285	0.21257	0.21257	0.0112965	0.0628644	0.125729	0	0.00395193	0.504797	0	0.168266	0.0357682	0	0	0	0.5	0.03125	0	0.0117188	0.000167847	0	
17	0.765742	0.234258	0	0.09375	0.046875	0.621582	0.643083	0.643083	0.000481038	0.046875	0.255247	0.553173	0.553173	0.0519107	0.160488	0.355736	0	0.0216955	0.401602	0	0.133867	0.102508	0	0	1	0.5	0.046875	0	0.0195312	0.000411987	0	
17	0.553173	0.446827	0	0.03125	0.015625	0.643083	0.643083	0.643083	0	0.015625	0.553173	0.553173	0.553173	0	0.355736	0.355736	0.355736	0	0.308916	0	0.102972	0.0569613	0	0	1	0.5	0.015625	0	0.0078125	6.10352e-05	0	
18	0.213597	0.786403	0	0.03125	0.015625	0.632128	0.632128	0.632128	0	0.015625	0.213597	0.213597	0.213597	0	0.13502	0.13502	0.13502	0	0.52375	0.174583	0	0.0372904	0	0	0	0.75	0.015625	0	0.00390625	4.57764e-05	1	
18	0.054186	0.945814	0	0.03125	0.015625	0.591471	0.591471	0.591471	0	0.015625	0.054186	0.054186	0.054186	0	0.0320495	0.0320495	0.0320495	0	0.401602	0	0.133867	0.00725374	0	0	1	0.75	0.015625	0	0.00260417	3.39084e-05	0	
18	0.732217	0.267783	0	0.03125	0.015625	0.60914	0.60914	0.60914	0	0.015625	0.732217	0.732217	0.732217	0	0.446023	0.446023	0.446023	0	0.534784	0	0.178261	0.130526	0	0	0	0.75	0.015625	0	0.00260417	3.39084e-05	0	
19	0.971052	0.0289478	0	0.0625	0.03125	0.599318	0.600447	0.600447	1.27554e-06	0.03125	0.485526	0.971052	0.971052	0.235736	0.290436	0.580872	0	0.0843532	0.49225	0	0.164083	0.159333	0	0	1	0.8125	0.03125	0	0.00600962	0.000132905	1	
19	0.0289478	0.971052	0	0.03125	0.015625	0.730856	0.730856	0.730856	0	0.015625	0.0289478	0.0289478	0.0289478	0	0.0211567	0.0211567	0.0211567	0	0.52375	0.174583	0	0.00505381	0	0	0	0.8125	0.015625	0	0.00360577	4.33386e-05	0	
20	0.648301	0.351699	0	0.125	0.0625	0.665805	0.720339	0.720339	0.00293055	0.0625	0.162075	0.648301	0.648301	0.0788052	0.101698	0.406792	0	0.0310275	0.427257	0.142419	0	0.0923303	0	0	0	0.875	0.0625	0	0.0133929	0.000657685	0	
20	0.648301	0.351699	0	0.125	0.0625	0.665805	0.720339	0.720339	0.00293055	0.0625	0.162075	0.648301	0.648301	0.0788052	0.101698	0.406792	0	0.0310275	0.488625	0	0.162875	0.105592	0	0	0	0.875	0.0625	0	0.0133929	0.000657685	0	
20	0.356116	0.643884	0	0.21875	0.109375	0.651563	0.693666	0.693666	0.00088624	0.109375	0.0508736	0.338449	0.338449	0.013787	0.0319962	0.212306	0	0.00542021	0.450909	0.150303	0	0.0535253	0	0	1	0.875	0.109375	0	0.0479911	0.00148104	0	
20	0.694564	0.305436	0	0.15625	0.078125	0.691419	0.70249	0.70249	0.000173838	0.078125	0.138913	0.342866	0.342866	0.0277337	0.0975566	0.24086	0	0.0136863	0.549041	0.183014	0	0.127115	0	0	0	0.875	0.078125	0	0.0323661	0.000643983	0	
20	1	1.11022e-16	0.0534235	0.21875	0.109375	0.641942	0.70249	0.70249	0.00161498	0.109375	0.142857	0.342866	0.342866	0.0260852	0.0936873	0.24086	0	0.0113427	0.688755	0	0.229585	0.229585	0	0	0	0.875	0.109375	0	0.0546875	0.00187465	0	
20	0.648301	0.351699	0	0.15625	0.078125	0.643802	0.720339	0.720339	0.00168305	0.078125	0.12966	0.648301	0.648301	0.0672471	0.0813585	0.406792	0	0.0264768	0.302638	0.100879	0	0.0654002	0	0	1	0.875	0.078125	0	0.0167411	0.00102763	1	
20	0.648301	0.351699	0	0.0625	0.03125	0.635279	0.643083	0.643083	6.09109e-05	0.03125	0.324151	0.648301	0.648301	0.105074	0.203396	0.406792	0	0.04137	0.319483	0	0.106494	0.0690403	0	0	1	0.875	0.03125	0	0.00669643	0.000164421	1	
21	0.924174	0.0758259	0	0.0625	0.03125	0.631403	0.680983	0.680983	0.0024581	0.03125	0.462087	0.924174	0.924174	0.213524	0.314673	0.629346	0	0.0990192	0.437991	0	0.145997	0.134927	0	0	0	0.6875	0.03125	0	0.00852273	0.000149309	1	
21	0.965796	0.0342043	0	0.25	0.125	0.628716	0.657567	0.657567	0.000217497	0.125	0.120724	0.88997	0.88997	0.0851501	0.0738014	0.54055	0	0.0313884	0.487525	0.162508	0	0.15695	0	0	1	0.6875	0.125	0	0.0625	0.00146484	0	
21	0.924174	0.0758259	0	0.0625	0.03125	0.631403	0.680983	0.680983	0.0024581	0.03125	0.462087	0.924174	0.924174	0.213524	0.314673	0.629346	0	0.0990192	0.487192	0	0.162397	0.150083	0	0	0	0.6875	0.03125	0	0.00852273	0.000149309	1	
21	0.0758259	0.924174	0	0.09375	0.046875	0.648252	0.667235	0.667235	0.000415953	0.046875	0.0252753	0.0758259	0.0758259	0.00127768	0.0166202	0.0498606	0	0.000552461	0.452331	0.150777	0	0.0114328	0	0	1	0.6875	0.046875	0	0.015625	0.000355114	0	
21	0.924174	0.0758259	0	0.0625	0.03125	0.631403	0.680983	0.680983	0.0024581	0.03125	0.462087	0.924174	0.924174	0.213524	0.314673	0.629346	0	0.0990192	0.352116	0	0.117372	0.108472	0	0	0	0.6875	0.03125	0	0.00852273	0.000149309	1	
21	0.88997	0.11003	0	0.21875	0.109375	0.623128	0.636282	0.636282	0.00041405	0.109375	0.127139	0.88997	0.88997	0.0969853	0.0730421	0.511295	0	0.0320109	0.688755	0	0.229585	0.204324	0	0	0	0.6875	0.109375	0	0.0568182	0.00152134	0	
21	0.11003	0.88997	0	0.125	0.0625	0.624668	0.643083	0.643083	0.000273216	0.0625	0.0275076	0.11003	0.11003	0.00227	0.0176897	0.0707586	0	0.000938771	0.302638	0.100879	0	0.0110998	0	0	1	0.6875	0.0625	0	0.0170455	0.000774793	0	
21	0.11003	0.88997	0	0.09375	0.046875	0.627472	0.643083	0.643083	0.00019573	0.046875	0.0366767	0.11003	0.11003	0.00269037	0.0235862	0.0707586	0	0.00111262	0.430089	0	0.143363	0.0157743	0	0	1	0.6875	0.046875	0	0.0113636	0.000359149	0	
21	0.11003	0.88997	0	0.0625	0.03125	0.635279	0.643083	0.643083	6.09109e-05	0.03125	0.0550151	0.11003	0.11003	0.00302666	0.0353793	0.0707586	0	0.0012517	0.319483	0	0.106494	0.0117176	0	0	1	0.6875	0.03125	0	0.00852273	0.000193698	0	
21	0.11003	0.88997	0	0.0625	0.03125	0.636638	0.643083	0.643083	4.15453e-05	0.03125	0.0550151	0.11003	0.11003	0.00302666	0.0353793	0.0707586	0	0.0012517	0.401602	0	0.133867	0.0147295	0	0	1	0.6875	0.03125	0	0.00852273	0.000193698	0	
21	0.11003	0.88997	0	0.03125	0.015625	0.643083	0.643083	0.643083	0	0.015625	0.11003	0.11003	0.11003	0	0.0707586	0.0707586	0.0707586	0	0.308916	0	0.102972	0.01133	0	0	1	0.6875	0.015625	0	0.00426136	4.84246e-05	0	
22	0.856902	0.143098	0	0.09375	0.046875	0.647627	0.717486	0.717486	0.00258564	0.046875	0.285634	0.856902	0.856902	0.163174	0.179228	0.537684	0	0.0642454	0.427257	0.142419	0	0.122039	0	0	0	0.8125	0.046875	0	0.0132212	0.000407383	0	
22	0.785544	0.214456	0	0.1875	0.09375	0.610648	0.635794	0.635794	0.000463621	0.09375	0.130924	0.356633	0.356633	0.0193871	0.0802657	0.216612	0	0.00723017	0.553678	0	0.184559	0.144979	0	0	1	0.8125	0.09375	0	0.0600962	0.000970784	0	
22	0.856902	0.143098	0	0.09375	0.046875	0.647627	0.717486	0.717486	0.00258564	0.046875	0.285634	0.856902	0.856902	0.163174	0.179228	0.537684	0	0.0642454	0.488625	0	0.162875	0.139568	0	0	0	0.8125	0.046875	0	0.0132212	0.000407383	0	
22	0.785544	0.214456	0	0.21875	0.109375	0.624595	0.636282	0.636282	0.000112675	0.109375	0.112221	0.356633	0.356633	0.0187165	0.0694126	0.216612	0	0.00706498	0.487525	0.162508	0	0.127658	0	0	1	0.8125	0.109375	0	0.0661058	0.00124526	0	
22	0.785544	0.214456	0	0.21875	0.109375	0.623128	0.636282	0.636282	0.00041405	0.109375	0.112221	0.356633	0.356633	0.0187165	0.0679663	0.204888	0	0.00661885	0.688755	0	0.229585	0.180349	0	0	0	0.8125	0.109375	0	0.0588942	0.0013955	1	
22	0.572009	0.427991	0	0.09375	0.046875	0.627472	0.643083	0.643083	0.00019573	0.046875	0.19067	0.428912	0.428912	0.0317924	0.117764	0.261267	0	0.011708	0.430089	0	0.143363	0.0820051	0	0	1	0.8125	0.046875	0	0.0120192	0.000343819	0	
22	0.428912	0.571088	0	0.0625	0.03125	0.619666	0.630192	0.630192	0.000110803	0.03125	0.214456	0.428912	0.428912	0.0459913	0.130634	0.261267	0	0.0170651	0.504797	0	0.168266	0.0721711	0	0	0	0.8125	0.03125	0	0.00721154	0.000135794	0	
22	0.143098	0.856902	0	0.0625	0.03125	0.636638	0.643083	0.643083	4.15453e-05	0.03125	0.0715489	0.143098	0.143098	0.00511925	0.0460119	0.0920239	0	0.0021171	0.401602	0	0.133867	0.0191561	0	0	1	0.8125	0.03125	0	0.00961538	0.000208025	0	
22	0.428912	0.571088	0	0.03125	0.015625	0.60914	0.60914	0.60914	0	0.015625	0.428912	0.428912	0.428912	0	0.261267	0.261267	0.261267	0	0.534784	0	0.178261	0.0764583	0	0	0	0.8125	0.015625	0	0.00240385	3.17816e-05	0	
22	0.143098	0.856902	0	0.03125	0.015625	0.643083	0.643083	0.643083	0	0.015625	0.143098	0.143098	0.143098	0	0.0920239	0.0920239	0.0920239	0	0.308916	0	0.102972	0.0147351	0	0	1	0.8125	0.015625	0	0.00480769	5.20063e-05	0	
23	0.823438	0.176562	0	0.1875	0.09375	0.625368	0.636282	0.636282	0.000127268	0.09375	0.13724	0.823438	0.823438	0.0941736	0.0873232	0.523939	0	0.0381267	0.487525	0.162508	0	0.133816	0	0	1	0.5625	0.09375	0	0.0399306	0.00152513	0	
23	0.823438	0.176562	0	0.21875	0.109375	0.630883	0.692139	0.692139	0.00071572	0.109375	0.117634	0.823438	0.823438	0.0830265	0.0748484	0.523939	0	0.0336137	0.450909	0.150303	0	0.123765	0	0	1	0.5625	0.109375	0	0.0434028	0.00210383	0	
23	0.823438	0.176562	0	0.28125	0.140625	0.629712	0.692139	0.692139	0.00105878	0.140625	0.0914931	0.823438	0.823438	0.0669679	0.0582154	0.523939	0	0.0271123	0.688755	0	0.229585	0.189049	0	0	0	0.5625	0.140625	0	0.0555556	0.0035325	0	
23	0.176562	0.823438	0	0.09375	0.046875	0.621582	0.643083	0.643083	0.000481038	0.046875	0.0588541	0.176562	0.176562	0.00692761	0.0348105	0.104431	0	0.00242354	0.430089	0	0.143363	0.0253125	0	0	1	0.5625	0.046875	0	0.0138889	0.000403887	0	
23	0.176786	0.823214	0	0.125	0.0625	0.60743	0.643083	0.643083	0.000843565	0.0625	0.0441965	0.176786	0.176786	0.00585998	0.0277321	0.110929	0	0.00230722	0.319483	0	0.106494	0.0188267	0	0	1	0.5625	0.0625	0	0.0277778	0.000801746	0	
23	0.176562	0.823438	0	0.0625	0.03125	0.610832	0.630192	0.630192	0.000374832	0.03125	0.0882811	0.176562	0.176562	0.00779356	0.0522157	0.104431	0	0.00272648	0.504797	0	0.168266	0.0297094	0	0	0	0.5625	0.03125	0	0.00868056	0.000168789	1	
23	0.176562	0.823438	0	0.09375	0.046875	0.621582	0.643083	0.643083	0.000481038	0.046875	0.0588541	0.176562	0.176562	0.00692761	0.0348105	0.104431	0	0.00242354	0.401602	0	0.133867	0.0236359	0	0	1	0.5625	0.046875	0	0.0138889	0.000403887	0	
24	0.689641	0.310359	0	0.0625	0.03125	0.579581	0.588248	0.588248	7.51111e-05	0.03125	0.344821	0.689641	0.689641	0.118901	0.196863	0.393726	0	0.0387551	0.488625	0	0.162875	0.112325	0	0	0	0.8125	0.03125	0	0.00961538	0.000208025	0	
24	0.509594	0.490406	0	0.0625	0.03125	0.734173	0.801403	0.801403	0.00451984	0.03125	0.254797	0.509594	0.509594	0.0649215	0.169935	0.33987	0	0.028878	0.51328	0.171093	0	0.0871882	0	0	0	0.8125	0.03125	0	0.00841346	0.000173354	1	
24	0.490406	0.509594	0	0.34375	0.171875	0.635696	0.70249	0.70249	0.00131639	0.171875	0.0445824	0.490406	0.490406	0.0198759	0.028367	0.312037	0	0.00804686	0.688755	0	0.229585	0.11259	0	0	0	0.8125	0.171875	0	0.0649038	0.00390047	0	
24	0.310359	0.689641	0	0.125	0.0625	0.624219	0.643083	0.643083	0.000381631	0.0625	0.0775897	0.310359	0.310359	0.0180605	0.0498966	0.199587	0	0.00746902	0.430089	0	0.143363	0.044494	0	0	1	0.8125	0.0625	0	0.015625	0.000600962	0	
24	0.310359	0.689641	0	0.125	0.0625	0.632549	0.665448	0.665448	0.000721558	0.0625	0.0775897	0.310359	0.310359	0.0180605	0.0498966	0.199587	0	0.00746902	0.401602	0	0.133867	0.0415469	0	0	1	0.8125	0.0625	0	0.015625	0.000600962	0	
24	0.310359	0.689641	0	0.03125	0.015625	0.643083	0.643083	0.643083	0	0.015625	0.310359	0.310359	0.310359	0	0.199587	0.199587	0.199587	0	0.308916	0	0.102972	0.0319582	0	0	1	0.8125	0.015625	0	0.00480769	5.20063e-05	0	
25	0.339864	0.660136	0	0.125	0.0625	0.600239	0.617125	0.617125	0.000361045	0.0625	0.0849659	0.339864	0.339864	0.0216576	0.051699	0.206796	0	0.00801835	0.553678	0	0.184559	0.062725	0	0	1	0.6875	0.0625	0	0.0340909	0.000746546	0	
25	0.660136	0.339864	0	0.125	0.0625	0.616035	0.619955	0.619955	2.61837e-05	0.0625	0.165034	0.660136	0.660136	0.0817087	0.102268	0.409073	0	0.0313764	0.487525	0.162508	0	0.107278	0	0	1	0.6875	0.0625	0	0.03125	0.000665838	0	
25	0.893273	0.106727	0	0.0625	0.03125	0.599318	0.600447	0.600447	1.27554e-06	0.03125	0.446637	0.893273	0.893273	0.199484	0.267173	0.534346	0	0.0713814	0.49225	0	0.164083	0.146571	0	0	1	0.6875	0.03125	0	0.0113636	0.000225981	1	
25	0.106727	0.893273	0	0.03125	0.015625	0.664793	0.664793	0.664793	0	0.015625	0.106727	0.106727	0.106727	0	0.070951	0.070951	0.070951	0	0.456699	0	0.152233	0.0162473	0	0	0	0.6875	0.015625	0	0.00568182	5.64954e-05	1	
25	0.106727	0.893273	0	0.0625	0.03125	0.63262	0.664793	0.664793	0.00103507	0.03125	0.0533633	0.106727	0.106727	0.00284764	0.0354755	0.070951	0	0.00125851	0.427176	0	0.142392	0.015197	0	0	0	0.6875	0.03125	0	0.0113636	0.000225981	1	
26	0.612195	0.387805	0	0.09375	0.046875	0.647627	0.717486	0.717486	0.00258564	0.046875	0.204065	0.612195	0.612195	0.0832851	0.128046	0.384137	0	0.0327914	0.427257	0.142419	0	0.0871882	0	0	0	0.9375	0.046875	0	0.0125	0.000364583	0	
26	0.612195	0.387805	0	0.09375	0.046875	0.647627	0.717486	0.717486	0.00258564	0.046875	0.204065	0.612195	0.612195	0.0832851	0.128046	0.384137	0	0.0327914	0.488625	0	0.162875	0.0997113	0	0	0	0.9375	0.046875	0	0.0125	0.000364583	0	
26	0.387805	0.612195	0	0.125	0.0625	0.628636	0.643083	0.643083	0.000150863	0.0625	0.0969512	0.387805	0.387805	0.0281986	0.0623477	0.249391	0	0.0116617	0.430089	0	0.143363	0.0555969	0	0	1	0.9375	0.0625	0	0.0145833	0.000536024	1	
26	0.478156	0.521844	0	0.0625	0.03125	0.599318	0.600447	0.600447	1.27554e-06	0.03125	0.239078	0.478156	0.478156	0.0571583	0.143014	0.286027	0	0.0204529	0.49225	0	0.164083	0.0784574	0	0	1	0.9375	0.03125	0	0.009375	0.000188802	0	
26	0.521844	0.478156	0	0.03125	0.015625	0.664793	0.664793	0.664793	0	0.015625	0.521844	0.521844	0.521844	0	0.346918	0.346918	0.346918	0	0.456699	0	0.152233	0.0794419	0	0	0	0.9375	0.015625	0	0.00520833	5.42535e-05	0	
26	0.521844	0.478156	0	0.0625	0.03125	0.63262	0.664793	0.664793	0.00103507	0.03125	0.260922	0.521844	0.521844	0.0680803	0.173459	0.346918	0	0.030088	0.427176	0	0.142392	0.0743064	0	0	0	0.9375	0.03125	0	0.009375	0.000188802	0	
26	0.387805	0.612195	0	0.0625	0.03125	0.636638	0.643083	0.643083	4.15453e-05	0.03125	0.193902	0.387805	0.387805	0.0375981	0.124695	0.249391	0	0.0155489	0.401602	0	0.133867	0.0519144	0	0	1	0.9375	0.03125	0	0.009375	0.000188802	0	
26	0.387805	0.612195	0	0.03125	0.015625	0.643083	0.643083	0.643083	0	0.015625	0.387805	0.387805	0.387805	0	0.249391	0.249391	0.249391	0	0.308916	0	0.102972	0.039933	0	0	1	0.9375	0.015625	0	0.00520833	5.42535e-05	0	
27	0.0183466	0.981653	0	0.1875	0.09375	0.676961	0.842756	0.842756	0.00690014	0.09375	0.00305777	0.0183466	0.0183466	4.67497e-05	0.00257695	0.0154617	0	3.32034e-05	0.302638	0.100879	0	0.00185079	0	0	1	0.75	0.09375	0	0.00911458	0.000669691	0	
27	0.0183466	0.981653	0	0.0625	0.03125	0.786806	0.842756	0.842756	0.0031304	0.03125	0.00917331	0.0183466	0.0183466	8.41495e-05	0.00773086	0.0154617	0	5.97662e-05	0.52375	0.174583	0	0.00320301	0	0	0	0.75	0.03125	0	0.00520833	9.49436e-05	1	
28	0.386323	0.613677	0	0.15625	0.078125	0.620409	0.717486	0.717486	0.00269269	0.078125	0.0772646	0.386323	0.386323	0.0238793	0.0441115	0.220557	0	0.00778329	0.488625	0	0.162875	0.0629224	0	0	0	0.5625	0.078125	0	0.0329861	0.00138045	1	
28	0.796718	0.203282	0	0.21875	0.109375	0.624595	0.636282	0.636282	0.000112675	0.109375	0.113817	0.796718	0.796718	0.0777257	0.0705613	0.493929	0	0.0298734	0.487525	0.162508	0	0.129473	0	0	1	0.5625	0.109375	0	0.0451389	0.00181448	0	
28	0.796718	0.203282	0	0.34375	0.171875	0.638015	0.692139	0.692139	0.000829969	0.171875	0.0724289	0.796718	0.796718	0.0524595	0.0449026	0.493929	0	0.0201625	0.450909	0.150303	0	0.119749	0	0	1	0.5625	0.171875	0	0.0677083	0.00444878	0	
28	0.203282	0.796718	0	0.4375	0.21875	0.6462	0.692139	0.692139	0.00138237	0.21875	0.0145201	0.203282	0.203282	0.00274085	0.0100022	0.140031	0	0.00130057	0.688755	0	0.229585	0.0466705	0	0	0	0.5625	0.21875	0	0.102431	0.00803554	0	
28	0.613677	0.386323	0	0.09375	0.046875	0.621582	0.643083	0.643083	0.000481038	0.046875	0.204559	0.613677	0.613677	0.0836888	0.131549	0.394646	0	0.03461	0.430089	0	0.143363	0.0879787	0	0	1	0.5625	0.046875	0	0.0173611	0.000403887	1	
28	0.613677	0.386323	0	0.09375	0.046875	0.621582	0.643083	0.643083	0.000481038	0.046875	0.204559	0.613677	0.613677	0.0836888	0.131549	0.394646	0	0.03461	0.401602	0	0.133867	0.0821513	0	0	1	0.5625	0.046875	0	0.0173611	0.000403887	1	
28	0.613677	0.386323	0	0.03125	0.015625	0.643083	0.643083	0.643083	0	0.015625	0.613677	0.613677	0.613677	0	0.394646	0.394646	0.394646	0	0.308916	0	0.102972	0.0631915	0	0	1	0.5625	0.015625	0	0.00694444	6.02816e-05	0	
29	0.618684	0.381316	0	0.09375	0.046875	0.647627	0.717486	0.717486	0.00258564	0.046875	0.206228	0.618684	0.618684	0.08506	0.129403	0.388208	0	0.0334902	0.427257	0.142419	0	0.0881123	0	0	0	0.6875	0.046875	0	0.0170455	0.00041968	0	
29	0.826771	0.173229	0	0.15625	0.078125	0.620409	0.717486	0.717486	0.00269269	0.078125	0.165354	0.618684	0.618684	0.057872	0.101402	0.388208	0	0.0226815	0.488625	0	0.162875	0.13466	0	0	0	0.6875	0.078125	0	0.03125	0.0012429	0	
29	0.173229	0.826771	0	0.09375	0.046875	0.621582	0.643083	0.643083	0.000481038	0.046875	0.057743	0.173229	0.173229	0.0066685	0.0371335	0.111401	0	0.0027578	0.430089	0	0.143363	0.0248346	0	0	1	0.6875	0.046875	0	0.015625	0.000355114	1	
29	0.173229	0.826771	0	0.09375	0.046875	0.621582	0.643083	0.643083	0.000481038	0.046875	0.057743	0.173229	0.173229	0.0066685	0.0371335	0.111401	0	0.0027578	0.401602	0	0.133867	0.0231897	0	0	1	0.6875	0.046875	0	0.015625	0.000355114	0	
29	0.173229	0.826771	0	0.03125	0.015625	0.643083	0.643083	0.643083	0	0.015625	0.173229	0.173229	0.173229	0	0.111401	0.111401	0.111401	0	0.308916	0	0.102972	0.0178377	0	0	1	0.6875	0.015625	0	0.00710227	6.05307e-05	0	
30	0.364108	0.635892	0	0.09375	0.046875	0.647627	0.717486	0.717486	0.00258564	0.046875	0.121369	0.364108	0.364108	0.029461	0.0761561	0.228468	0	0.0115995	0.427257	0.142419	0	0.0518559	0	0	0	0.6875	0.046875	0	0.015625	0.000443892	0	
30	0.19256	0.80744	0	0.1875	0.09375	0.612041	0.653314	0.653314	0.000623331	0.09375	0.0320933	0.19256	0.19256	0.00514989	0.020967	0.125802	0	0.00219807	0.553678	0	0.184559	0.0355387	0	0	1	0.6875	0.09375	0	0.0497159	0.00158994	0	
30	0.364108	0.635892	0	0.09375	0.046875	0.647627	0.717486	0.717486	0.00258564	0.046875	0.121369	0.364108	0.364108	0.029461	0.0761561	0.228468	0	0.0115995	0.488625	0	0.162875	0.0593041	0	0	0	0.6875	0.046875	0	0.015625	0.000443892	0	
30	0.80744	0.19256	0	0.15625	0.078125	0.624543	0.667235	0.667235	0.000484064	0.078125	0.161488	0.614881	0.614881	0.0569531	0.100081	0.381029	0	0.0218706	0.450909	0.150303	0	0.121361	0	0	1	0.6875	0.078125	0	0.0340909	0.000879713	0	
30	0.19256	0.80744	0	0.0625	0.03125	0.659895	0.666476	0.666476	4.3315e-05	0.03125	0.0962798	0.19256	0.19256	0.0092698	0.0629009	0.125802	0	0.00395652	0.549041	0.183014	0	0.0352411	0	0	0	0.6875	0.03125	0	0.0113636	0.000181592	0	
30	0.19256	0.80744	0	0.09375	0.046875	0.648252	0.667235	0.667235	0.000415953	0.046875	0.0641865	0.19256	0.19256	0.00823982	0.0397927	0.119378	0	0.00316692	0.452331	0.150777	0	0.0290336	0	0	1	0.6875	0.046875	0	0.0127841	0.000347043	0	
30	0.80744	0.19256	0	0.09375	0.046875	0.638823	0.729042	0.729042	0.00446221	0.046875	0.269147	0.80744	0.80744	0.14488	0.153266	0.459797	0	0.0469807	0.605846	0	0.201949	0.163062	0	0	1	0.6875	0.046875	0	0.0227273	0.000326866	1	
30	0.635892	0.364108	0	0.0625	0.03125	0.636638	0.643083	0.643083	4.15453e-05	0.03125	0.317946	0.635892	0.635892	0.10109	0.204466	0.408932	0	0.0418063	0.430089	0	0.143363	0.0911635	0	0	1	0.6875	0.03125	0	0.0113636	0.000225981	0	
30	0.635892	0.364108	0	0.0625	0.03125	0.636638	0.643083	0.643083	4.15453e-05	0.03125	0.317946	0.635892	0.635892	0.10109	0.204466	0.408932	0	0.0418063	0.401602	0	0.133867	0.0851252	0	0	1	0.6875	0.03125	0	0.0113636	0.000225981	0	
30	0.635892	0.364108	0	0.03125	0.015625	0.643083	0.643083	0.643083	0	0.015625	0.635892	0.635892	0.635892	0	0.408932	0.408932	0.408932	0	0.308916	0	0.102972	0.0654791	0	0	1	0.6875	0.015625	0	0.00568182	5.64954e-05	0	
31	0.638822	0.361178	0	0.09375	0.046875	0.647627	0.717486	0.717486	0.00258564	0.046875	0.212941	0.638822	0.638822	0.0906874	0.133615	0.400844	0	0.0357058	0.427257	0.142419	0	0.0909803	0	0	0	0.6875	0.046875	0	0.0127841	0.000435821	1	
31	0.023335	0.976665	0	0.1875	0.09375	0.612041	0.653314	0.653314	0.000623331	0.09375	0.00388916	0.023335	0.023335	7.56279e-05	0.00236643	0.0141986	0	2.79999e-05	0.553678	0	0.184559	0.00430669	0	0	1	0.6875	0.09375	0	0.046875	0.00177557	0	
31	0.976665	0.023335	0	0.15625	0.078125	0.623543	0.653575	0.653575	0.000246434	0.078125	0.195333	0.976665	0.976665	0.15262	0.121044	0.605219	0	0.0586065	0.487525	0.162508	0	0.158716	0	0	1	0.6875	0.078125	0	0.0369318	0.000944279	0	
32	0.397689	0.602311	0	0.1875	0.09375	0.612041	0.653314	0.653314	0.000623331	0.09375	0.0662814	0.397689	0.397689	0.0219661	0.0433026	0.259815	0	0.00937556	0.553678	0	0.184559	0.0733971	0	0	1	0.625	0.09375	0	0.046875	0.00141602	0	
32	0.397689	0.602311	0	0.0625	0.03125	0.659895	0.666476	0.666476	4.3315e-05	0.03125	0.198844	0.397689	0.397689	0.0395391	0.129908	0.259815	0	0.016876	0.549041	0.183014	0	0.0727825	0	0	0	0.625	0.03125	0	0.0109375	0.000197754	0	
32	0.397689	0.602311	0	0.09375	0.046875	0.648252	0.667235	0.667235	0.000415953	0.046875	0.132563	0.397689	0.397689	0.0351458	0.082183	0.246549	0	0.0135081	0.452331	0.150777	0	0.0599624	0	0	1	0.625	0.046875	0	0.0140625	0.00036377	0	
32	0.7191	0.2809	0	0.125	0.0625	0.624668	0.643083	0.643083	0.000273216	0.0625	0.179775	0.7191	0.7191	0.0969571	0.11561	0.462441	0	0.0400972	0.302638	0.100879	0	0.0725423	0	0	1	0.625	0.0625	0	0.01875	0.000820312	0	
32	0.7191	0.2809	0	0.0625	0.03125	0.636638	0.643083	0.643083	4.15453e-05	0.03125	0.35955	0.7191	0.7191	0.129276	0.231221	0.462441	0	0.0534629	0.430089	0	0.143363	0.103092	0	0	1	0.625	0.03125	0	0.009375	0.000205078	0	
32	0.7191	0.2809	0	0.0625	0.03125	0.635279	0.643083	0.643083	6.09109e-05	0.03125	0.35955	0.7191	0.7191	0.129276	0.231221	0.462441	0	0.0534629	0.319483	0	0.106494	0.0765799	0	0	1	0.625	0.03125	0	0.009375	0.000205078	0	
32	0.883212	0.116788	0	0.0625	0.03125	0.599318	0.600447	0.600447	1.27554e-06	0.03125	0.441606	0.883212	0.883212	0.195016	0.264164	0.528327	0	0.0697824	0.442329	0.147443	0	0.130223	0	0	1	0.625	0.03125	0	0.0109375	0.000197754	0	
32	0.883212	0.116788	0	0.0625	0.03125	0.599318	0.600447	0.600447	1.27554e-06	0.03125	0.441606	0.883212	0.883212	0.195016	0.264164	0.528327	0	0.0697824	0.49225	0	0.164083	0.14492	0	0	1	0.625	0.03125	0	0.0109375	0.000197754	0	
32	0.7191	0.2809	0	0.0625	0.03125	0.636638	0.643083	0.643083	4.15453e-05	0.03125	0.35955	0.7191	0.7191	0.129276	0.231221	0.462441	0	0.0534629	0.401602	0	0.133867	0.096264	0	0	1	0.625	0.03125	0	0.009375	0.000205078	0	
32	0.7191	0.2809	0	0.03125	0.015625	0.643083	0.643083	0.643083	0	0.015625	0.7191	0.7191	0.7191	0	0.462441	0.462441	0.462441	0	0.308916	0	0.102972	0.0740471	0	0	1	0.625	0.015625	0	0.0046875	5.12695e-05	1	
33	0.575848	0.424152	0	0.09375	0.046875	0.647627	0.717486	0.717486	0.00258564	0.046875	0.191949	0.575848	0.575848	0.073689	0.120443	0.36133	0	0.0290131	0.427257	0.142419	0	0.0820116	0	0	0	0.625	0.046875	0	0.0171875	0.000461426	0	
33	0.751011	0.248989	0	0.15625	0.078125	0.610854	0.653314	0.653314	0.00073954	0.078125	0.150202	0.751011	0.751011	0.0902429	0.0912299	0.45615	0	0.0332916	0.553678	0	0.184559	0.138606	0	0	1	0.625	0.078125	0	0.040625	0.0012793	0	
33	0.575848	0.424152	0	0.09375	0.046875	0.647627	0.717486	0.717486	0.00258564	0.046875	0.191949	0.575848	0.575848	0.073689	0.120443	0.36133	0	0.0290131	0.488625	0	0.162875	0.0937912	0	0	0	0.625	0.046875	0	0.0171875	0.000461426	0	
33	0.248989	0.751011	0	0.0625	0.03125	0.631403	0.680983	0.680983	0.0024581	0.03125	0.124494	0.248989	0.248989	0.0154988	0.0847785	0.169557	0	0.00718739	0.437991	0	0.145997	0.0363516	0	0	0	0.625	0.03125	0	0.0078125	0.000158691	0	
33	0.751011	0.248989	0	0.15625	0.078125	0.624543	0.667235	0.667235	0.000484064	0.078125	0.150202	0.751011	0.751011	0.0902429	0.0912299	0.45615	0	0.0332916	0.450909	0.150303	0	0.112879	0	0	1	0.625	0.078125	0	0.03125	0.000878906	0	
33	0.248989	0.751011	0	0.09375	0.046875	0.668595	0.680983	0.680983	9.23091e-05	0.046875	0.0829962	0.248989	0.248989	0.0137767	0.056519	0.169557	0	0.00638879	0.51328	0.171093	0	0.0426003	0	0	0	0.625	0.046875	0	0.0125	0.000332031	1	
33	0.248989	0.751011	0	0.0625	0.03125	0.631403	0.680983	0.680983	0.0024581	0.03125	0.124494	0.248989	0.248989	0.0154988	0.0847785	0.169557	0	0.00718739	0.487192	0	0.162397	0.0404351	0	0	0	0.625	0.03125	0	0.0078125	0.000158691	0	
33	0.248989	0.751011	0	0.0625	0.03125	0.631403	0.680983	0.680983	0.0024581	0.03125	0.124494	0.248989	0.248989	0.0154988	0.0847785	0.169557	0	0.00718739	0.352116	0	0.117372	0.0292243	0	0	0	0.625	0.03125	0	0.0078125	0.000158691	0	
33	0.424152	0.575848	0	0.0625	0.03125	0.636638	0.643083	0.643083	4.15453e-05	0.03125	0.212076	0.424152	0.424152	0.0449763	0.136383	0.272765	0	0.0186002	0.430089	0	0.143363	0.0608078	0	0	1	0.625	0.03125	0	0.0125	0.000234375	0	
33	0.424152	0.575848	0	0.0625	0.03125	0.636638	0.643083	0.643083	4.15453e-05	0.03125	0.212076	0.424152	0.424152	0.0449763	0.136383	0.272765	0	0.0186002	0.401602	0	0.133867	0.0567801	0	0	1	0.625	0.03125	0	0.0125	0.000234375	0	
33	0.424152	0.575848	0	0.03125	0.015625	0.643083	0.643083	0.643083	0	0.015625	0.424152	0.424152	0.424152	0	0.272765	0.272765	0.272765	0	0.308916	0	0.102972	0.0436758	0	0	1	0.625	0.015625	0	0.00625	5.85937e-05	0	
34	0.635924	0.364076	0	0.0625	0.03125	0.631491	0.664793	0.664793	0.00110902	0.03125	0.317962	0.635924	0.635924	0.1011	0.190201	0.380403	0	0.0361766	0.455104	0.151701	0	0.0964706	0	0	1	0.625	0.03125	0	0.0125	0.000234375	1	
34	0.0479555	0.952044	0	0.125	0.0625	0.60743	0.643083	0.643083	0.000843565	0.0625	0.0119889	0.0479555	0.0479555	0.0004312	0.00752271	0.0300909	0	0.000169774	0.319483	0	0.106494	0.00510698	0	0	1	0.625	0.0625	0	0.03125	0.000830078	0	
34	0.364076	0.635924	0	0.0625	0.03125	0.63262	0.664793	0.664793	0.00103507	0.03125	0.182038	0.364076	0.364076	0.0331378	0.109304	0.218608	0	0.0119474	0.427176	0	0.142392	0.0518414	0	0	0	0.625	0.03125	0	0.0125	0.000234375	1	
35	0.847633	0.152367	0	0.21875	0.109375	0.617377	0.657752	0.657752	0.000669086	0.109375	0.12109	0.542899	0.542899	0.0340758	0.0741901	0.329746	0	0.0125965	0.553678	0	0.184559	0.156439	0	0	1	0.8125	0.109375	0	0.0528846	0.00167287	1	
35	0.304734	0.695266	0	0.03125	0.015625	0.581824	0.581824	0.581824	0	0.015625	0.304734	0.304734	0.304734	0	0.177301	0.177301	0.177301	0	0.437991	0	0.145997	0.0444902	0	0	0	0.8125	0.015625	0	0.00240385	3.17816e-05	0	
35	0.847633	0.152367	0	0.25	0.125	0.628739	0.657752	0.657752	0.000218842	0.125	0.105954	0.542899	0.542899	0.0314201	0.0650905	0.329746	0	0.0116349	0.487525	0.162508	0	0.137748	0	0	1	0.8125	0.125	0	0.0661058	0.0019589	0	
35	0.847633	0.152367	0	0.21875	0.109375	0.607286	0.635948	0.635948	0.000584632	0.109375	0.12109	0.542899	0.542899	0.0340758	0.071644	0.3119	0	0.0113326	0.59993	0.199977	0	0.169507	0	0	1	0.8125	0.109375	0	0.0600962	0.00149663	0	
35	0.304734	0.695266	0	0.03125	0.015625	0.581824	0.581824	0.581824	0	0.015625	0.304734	0.304734	0.304734	0	0.177301	0.177301	0.177301	0	0.487192	0	0.162397	0.0494879	0	0	0	0.8125	0.015625	0	0.00240385	3.17816e-05	0	
35	0.304734	0.695266	0	0.03125	0.015625	0.581824	0.581824	0.581824	0	0.015625	0.304734	0.304734	0.304734	0	0.177301	0.177301	0.177301	0	0.352116	0	0.117372	0.0357672	0	0	0	0.8125	0.015625	0	0.00240385	3.17816e-05	0	
35	0.611018	0.388982	0	0.0625	0.03125	0.599318	0.600447	0.600447	1.27554e-06	0.03125	0.305509	0.611018	0.611018	0.0933358	0.182752	0.365504	0	0.0333983	0.49225	0	0.164083	0.100258	0	0	1	0.8125	0.03125	0	0.0108173	0.000202247	0	
35	0.388982	0.611018	0	0.03125	0.015625	0.664793	0.664793	0.664793	0	0.015625	0.388982	0.388982	0.388982	0	0.258592	0.258592	0.258592	0	0.456699	0	0.152233	0.0592159	0	0	0	0.8125	0.015625	0	0.00600962	5.77848e-05	0	
35	0.388982	0.611018	0	0.0625	0.03125	0.63262	0.664793	0.664793	0.00103507	0.03125	0.194491	0.388982	0.388982	0.0378267	0.129296	0.258592	0	0.0167175	0.427176	0	0.142392	0.0553879	0	0	0	0.8125	0.03125	0	0.0108173	0.000202247	0	
36	0.648219	0.351781	0	0.21875	0.109375	0.617377	0.657752	0.657752	0.000669086	0.109375	0.0926027	0.421741	0.421741	0.0241616	0.0578748	0.256158	0	0.00919445	0.553678	0	0.184559	0.119635	0	0	1	1	0.109375	0	0.0458984	0.00166225	0	
36	0.578259	0.421741	0	0.0625	0.03125	0.638854	0.657752	0.657752	0.000357168	0.03125	0.289129	0.351781	0.351781	0.00392523	0.183527	0.218088	0.148966	0.00119446	0.452331	0.150777	0	0.0871882	0	0	1	1	0.03125	0	0.00976562	0.000148773	1	
37	0.0295383	0.970462	0	0.125	0.0625	0.713397	0.735337	0.735337	0.000772025	0.0625	0.00738457	0.00984609	0.00984609	1.81773e-05	0.00521412	0.00722966	0	9.12165e-06	0.51328	0.171093	0	0.00505381	0	0	0	0.9375	0.0625	0	0.0145833	0.000405816	1	
38	0.0949787	0.905021	0	0.0625	0.03125	0.631491	0.664793	0.664793	0.00110902	0.03125	0.0474894	0.0682686	0.0682686	0.000431778	0.0306811	0.0453845	0.0159777	0.00021619	0.455104	0.151701	0	0.0144084	0	0	1	0.625	0.03125	0	0.009375	0.000205078	1	
38	0.931731	0.0682686	0	0.0625	0.03125	0.599318	0.600447	0.600447	1.27554e-06	0.03125	0.465866	0.905021	0.905021	0.192858	0.279698	0.543418	0.0159777	0.0695482	0.49225	0	0.164083	0.152882	0	0	1	0.625	0.03125	0	0.009375	0.000205078	0	
38	0.0682686	0.931731	0	0.03125	0.015625	0.664793	0.664793	0.664793	0	0.015625	0.0682686	0.0682686	0.0682686	0	0.0453845	0.0453845	0.0453845	0	0.456699	0	0.152233	0.0103927	0	0	0	0.625	0.015625	0	0.0046875	5.12695e-05	0	
38	0.97329	0.0267101	0	0.0625	0.03125	0.63262	0.664793	0.664793	0.00103507	0.03125	0.486645	0.905021	0.905021	0.175039	0.294401	0.543418	0.0453845	0.0620093	0.427176	0	0.142392	0.138589	0	0	0	0.625	0.03125	0	0.009375	0.000205078	0	
39	0.217953	0.782047	0	0.125	0.0625	0.692112	0.735691	0.735691	0.000990606	0.0625	0.0544884	0.108977	0.108977	0.00296898	0.0360931	0.0727131	0	0.00130285	0.51328	0.171093	0	0.0372904	0	0	0	0.75	0.0625	0	0.0208333	0.000664605	0	
39	0.108977	0.891023	0	0.34375	0.171875	0.639112	0.735691	0.735691	0.00179957	0.171875	0.00990697	0.108977	0.108977	0.000981481	0.00630363	0.06934	0	0.000397358	0.688755	0	0.229585	0.0250194	0	0	0	0.75	0.171875	0	0.0690104	0.00416904	0	
39	0.891023	0.108977	0	0.0625	0.03125	0.600305	0.60914	0.60914	7.80442e-05	0.03125	0.445512	0.61814	0.61814	0.0298006	0.268968	0.376534	0.161403	0.0115703	0.430089	0	0.143363	0.12774	0	0	1	0.75	0.03125	0	0.00520833	0.000135634	0	
39	0.891023	0.108977	0	0.0625	0.03125	0.600305	0.60914	0.60914	7.80442e-05	0.03125	0.445512	0.61814	0.61814	0.0298006	0.268968	0.376534	0.161403	0.0115703	0.504797	0	0.168266	0.149929	0	0	0	0.75	0.03125	0	0.00520833	0.000135634	1	
39	0.272883	0.727117	0	0.03125	0.015625	0.591471	0.591471	0.591471	0	0.015625	0.272883	0.272883	0.272883	0	0.161403	0.161403	0.161403	0	0.401602	0	0.133867	0.0365302	0	0	1	0.75	0.015625	0	0.00260417	3.39084e-05	0	
39	0.61814	0.38186	0	0.03125	0.015625	0.60914	0.60914	0.60914	0	0.015625	0.61814	0.61814	0.61814	0	0.376534	0.376534	0.376534	0	0.534784	0	0.178261	0.11019	0	0	0	0.75	0.015625	0	0.00260417	3.39084e-05	0	
40	0.0133218	0.986678	0	0.125	0.0625	0.665805	0.720339	0.720339	0.00293055	0.0625	0.00333045	0.0133218	0.0133218	3.32757e-05	0.00239905	0.00959622	0	1.72664e-05	0.427257	0.142419	0	0.00189728	0	0	0	0.9375	0.0625	0	0.00416667	0.000243056	1	
40	0.0133218	0.986678	0	0.125	0.0625	0.665805	0.720339	0.720339	0.00293055	0.0625	0.00333045	0.0133218	0.0133218	3.32757e-05	0.00239905	0.00959622	0	1.72664e-05	0.488625	0	0.162875	0.00216979	0	0	0	0.9375	0.0625	0	0.00416667	0.000243056	1	
40	0.0133218	0.986678	0	0.0625	0.03125	0.718912	0.720339	0.720339	2.03566e-06	0.03125	0.0066609	0.0133218	0.0133218	4.43676e-05	0.00479811	0.00959622	0	2.30218e-05	0.408196	0.136065	0	0.00181264	0	0	0	0.9375	0.03125	0	0.00208333	6.07639e-05	0	
40	0.0133218	0.986678	0	0.15625	0.078125	0.643802	0.720339	0.720339	0.00168305	0.078125	0.00266436	0.0133218	0.0133218	2.83953e-05	0.00191924	0.00959622	0	1.4734e-05	0.302638	0.100879	0	0.0013439	0	0	1	0.9375	0.078125	0	0.00520833	0.000379774	0	
41	0.0982973	0.901703	0	0.125	0.0625	0.665805	0.720339	0.720339	0.00293055	0.0625	0.0245743	0.0982973	0.0982973	0.00181169	0.0177018	0.0708074	0	0.000940066	0.427257	0.142419	0	0.0139994	0	0	0	0.625	0.0625	0	0.01875	0.000820312	0	
41	0.901703	0.0982973	0	0.21875	0.109375	0.615512	0.653853	0.653853	0.000609235	0.109375	0.128815	0.901703	0.901703	0.0995593	0.0796046	0.557232	0	0.0380214	0.553678	0	0.184559	0.166418	0	0	1	0.625	0.109375	0	0.0484375	0.0019751	0	
41	0.0982973	0.901703	0	0.125	0.0625	0.665805	0.720339	0.720339	0.00293055	0.0625	0.0245743	0.0982973	0.0982973	0.00181169	0.0177018	0.0708074	0	0.000940066	0.488625	0	0.162875	0.0160102	0	0	0	0.625	0.0625	0	0.01875	0.000820312	0	
41	0.901703	0.0982973	0	0.03125	0.015625	0.581824	0.581824	0.581824	0	0.015625	0.901703	0.901703	0.901703	0	0.524632	0.524632	0.524632	0	0.437991	0	0.145997	0.131646	0	0	0	0.625	0.015625	0	0.0046875	5.12695e-05	1	
41	0.0982973	0.901703	0	0.0625	0.03125	0.718912	0.720339	0.720339	2.03566e-06	0.03125	0.0491486	0.0982973	0.0982973	0.00241559	0.0354037	0.0708074	0	0.00125342	0.408196	0.136065	0	0.0133748	0	0	0	0.625	0.03125	0	0.009375	0.000205078	0	
41	0.0982973	0.901703	0	0.1875	0.09375	0.68292	0.878507	0.878507	0.00905343	0.09375	0.0163829	0.0982973	0.0982973	0.00134199	0.0118012	0.0708074	0	0.000696345	0.302638	0.100879	0	0.00991617	0	0	1	0.625	0.09375	0	0.028125	0.00160156	0	
41	0.692627	0.307373	0	0.0625	0.03125	0.599318	0.600447	0.600447	1.27554e-06	0.03125	0.346314	0.692627	0.692627	0.119933	0.207161	0.414322	0	0.0429156	0.49225	0	0.164083	0.113649	0	0	1	0.625	0.03125	0	0.0109375	0.000197754	0	
41	0.307373	0.692627	0	0.03125	0.015625	0.664793	0.664793	0.664793	0	0.015625	0.307373	0.307373	0.307373	0	0.204339	0.204339	0.204339	0	0.456699	0	0.152233	0.0467923	0	0	0	0.625	0.015625	0	0.00625	5.85937e-05	0	
41	0.307373	0.692627	0	0.0625	0.03125	0.63262	0.664793	0.664793	0.00103507	0.03125	0.153686	0.307373	0.307373	0.0236195	0.10217	0.204339	0	0.0104386	0.427176	0	0.142392	0.0437675	0	0	0	0.625	0.03125	0	0.0109375	0.000197754	0	
42	0.0213291	0.978671	0	0.03125	0.015625	0.720161	0.720161	0.720161	0	0.015625	0.0213291	0.0213291	0.0213291	0	0.0153604	0.0153604	0.0153604	0	0.488625	0	0.162875	0.00347397	0	0	0	0.9375	0.015625	0	0.00104167	1.5191e-05	1	
42	0.0213291	0.978671	0	0.03125	0.015625	0.720161	0.720161	0.720161	0	0.015625	0.0213291	0.0213291	0.0213291	0	0.0153604	0.0153604	0.0153604	0	0.408196	0.136065	0	0.00290214	0	0	0	0.9375	0.015625	0	0.00104167	1.5191e-05	1	
42	0.0213291	0.978671	0	0.125	0.0625	0.708894	0.842137	0.842137	0.00710143	0.0625	0.00533226	0.0213291	0.0213291	8.52991e-05	0.00384009	0.0153604	0	4.42389e-05	0.302638	0.100879	0	0.00215166	0	0	1	0.9375	0.0625	0	0.00625	0.000253906	0	
43	0.575589	0.424411	0	0.125	0.0625	0.653048	0.717486	0.717486	0.00202738	0.0625	0.143897	0.431764	0.431764	0.03107	0.091796	0.270921	0	0.0122397	0.427257	0.142419	0	0.0819747	0	0	0	0.75	0.0625	0	0.0208333	0.000745985	0	
43	0.568236	0.431764	0	0.1875	0.09375	0.610648	0.635794	0.635794	0.000463621	0.09375	0.094706	0.568236	0.568236	0.0448462	0.0575226	0.345136	0	0.0165442	0.553678	0	0.184559	0.104873	0	0	1	0.75	0.09375	0	0.0455729	0.00123935	0	
43	0.575589	0.424411	0	0.125	0.0625	0.653048	0.717486	0.717486	0.00202738	0.0625	0.143897	0.431764	0.431764	0.03107	0.091796	0.270921	0	0.0122397	0.488625	0	0.162875	0.093749	0	0	0	0.75	0.0625	0	0.0208333	0.000745985	0	
43	0.568236	0.431764	0	0.1875	0.09375	0.625368	0.636282	0.636282	0.000127268	0.09375	0.094706	0.568236	0.568236	0.0448462	0.0575226	0.345136	0	0.0165442	0.487525	0.162508	0	0.0923432	0	0	1	0.75	0.09375	0	0.0533854	0.00119866	0	
43	0.856175	0.143825	0	0.0625	0.03125	0.635279	0.643083	0.643083	6.09109e-05	0.03125	0.428088	0.431764	0.431764	1.3515e-05	0.271926	0.272932	0.270921	1.01117e-06	0.319483	0	0.106494	0.0911777	0	0	1	0.75	0.03125	0	0.0117188	0.000208537	0	
43	0.431764	0.568236	0	0.03125	0.015625	0.632128	0.632128	0.632128	0	0.015625	0.431764	0.431764	0.431764	0	0.27293	0.27293	0.27293	0	0.52375	0.174583	0	0.0753788	0	0	0	0.75	0.015625	0	0.00520833	5.42535e-05	1	
43	0.431764	0.568236	0	0.09375	0.046875	0.62382	0.632128	0.632128	0.000108381	0.046875	0.143921	0.431764	0.431764	0.0414267	0.0909767	0.27293	0	0.0165535	0.504797	0	0.168266	0.0726511	0	0	0	0.75	0.046875	0	0.015625	0.000406901	0	
43	0.424411	0.575589	0	0.0625	0.03125	0.636638	0.643083	0.643083	4.15453e-05	0.03125	0.212206	0.424411	0.424411	0.0450312	0.136466	0.272932	0	0.018623	0.401602	0	0.133867	0.0568148	0	0	1	0.75	0.03125	0	0.0130208	0.000237359	1	
43	0.424411	0.575589	0	0.03125	0.015625	0.643083	0.643083	0.643083	0	0.015625	0.424411	0.424411	0.424411	0	0.272932	0.272932	0.272932	0	0.308916	0	0.102972	0.0437025	0	0	1	0.75	0.015625	0	0.00651042	5.93397e-05	0	
44	0.315657	0.684343	0	0.03125	0.015625	0.581824	0.581824	0.581824	0	0.015625	0.315657	0.315657	0.315657	0	0.183657	0.183657	0.183657	0	0.437991	0	0.145997	0.046085	0	0	0	0.6875	0.015625	0	0.00284091	3.63184e-05	1	
44	0.774305	0.225695	0	0.25	0.125	0.628739	0.657752	0.657752	0.000218842	0.125	0.0967881	0.774305	0.774305	0.0655756	0.0600043	0.480034	0	0.0252036	0.487525	0.162508	0	0.125831	0	0	1	0.6875	0.125	0	0.0696023	0.0014366	0	
44	0.315657	0.684343	0	0.03125	0.015625	0.581824	0.581824	0.581824	0	0.015625	0.315657	0.315657	0.315657	0	0.183657	0.183657	0.183657	0	0.487192	0	0.162397	0.0512618	0	0	0	0.6875	0.015625	0	0.00284091	3.63184e-05	1	
44	0.315657	0.684343	0	0.03125	0.015625	0.581824	0.581824	0.581824	0	0.015625	0.315657	0.315657	0.315657	0	0.183657	0.183657	0.183657	0	0.352116	0	0.117372	0.0370493	0	0	0	0.6875	0.015625	0	0.00284091	3.63184e-05	1	
44	0.910038	0.089962	0	0.0625	0.03125	0.631491	0.664793	0.664793	0.00110902	0.03125	0.455019	0.910038	0.910038	0.207042	0.272187	0.544374	0	0.0740859	0.455104	0.151701	0	0.138054	0	0	1	0.6875	0.03125	0	0.00852273	0.000193698	0	
44	0.910038	0.089962	0	0.09375	0.046875	0.621143	0.664793	0.664793	0.000953498	0.046875	0.303346	0.910038	0.910038	0.184038	0.181458	0.544374	0	0.0658541	0.442329	0.147443	0	0.134179	0	0	1	0.6875	0.046875	0	0.0127841	0.000435821	0	
44	0.910038	0.089962	0	0.0625	0.03125	0.599318	0.600447	0.600447	1.27554e-06	0.03125	0.455019	0.910038	0.910038	0.207042	0.272187	0.544374	0	0.0740859	0.49225	0	0.164083	0.149322	0	0	1	0.6875	0.03125	0	0.00852273	0.000193698	0	
45	0.823438	0.176562	0	0.1875	0.09375	0.625368	0.636282	0.636282	0.000127268	0.09375	0.13724	0.823438	0.823438	0.0941736	0.0873232	0.523939	0	0.0381267	0.487525	0.162508	0	0.133816	0	0	1	0.75	0.09375	0	0.0299479	0.0014428	1	
45	0.823438	0.176562	0	0.21875	0.109375	0.630883	0.692139	0.692139	0.00071572	0.109375	0.117634	0.823438	0.823438	0.0830265	0.0748484	0.523939	0	0.0336137	0.450909	0.150303	0	0.123765	0	0	1	0.75	0.109375	0	0.0325521	0.00193108	0	
45	0.843379	0.156621	0	0.28125	0.140625	0.629712	0.692139	0.692139	0.00105878	0.140625	0.0937087	0.823438	0.823438	0.0666017	0.0595153	0.523939	0	0.0269745	0.688755	0	0.229585	0.193627	0	0	0	0.75	0.140625	0	0.0416667	0.00322808	0	
45	0.156621	0.843379	0	0.0625	0.03125	0.641797	0.643083	0.643083	1.65602e-06	0.03125	0.0783107	0.156621	0.156621	0.00613257	0.0503603	0.100721	0	0.00253616	0.430089	0	0.143363	0.0224537	0	0	1	0.75	0.03125	0	0.0078125	0.000142415	0	
45	0.313243	0.686757	0	0.15625	0.078125	0.61143	0.643083	0.643083	0.000738862	0.078125	0.0626486	0.156621	0.156621	0.00588726	0.039798	0.100721	0	0.00237642	0.319483	0	0.106494	0.0333585	0	0	1	0.75	0.078125	0	0.0325521	0.00119866	0	
45	0.156621	0.843379	0	0.0625	0.03125	0.641797	0.643083	0.643083	1.65602e-06	0.03125	0.0783107	0.156621	0.156621	0.00613257	0.0503603	0.100721	0	0.00253616	0.401602	0	0.133867	0.0209665	0	0	1	0.75	0.03125	0	0.0078125	0.000142415	0	
45	0.156621	0.843379	0	0.03125	0.015625	0.643083	0.643083	0.643083	0	0.015625	0.156621	0.156621	0.156621	0	0.100721	0.100721	0.100721	0	0.308916	0	0.102972	0.0161276	0	0	1	0.75	0.015625	0	0.00520833	5.42535e-05	0	
46	0.657572	0.342428	0	0.03125	0.015625	0.581824	0.581824	0.581824	0	0.015625	0.657572	0.657572	0.657572	0	0.382591	0.382591	0.382591	0	0.437991	0	0.145997	0.0960036	0	0	0	0.5625	0.015625	0	0.00347222	4.21971e-05	0	
46	0.342428	0.657572	0	0.125	0.0625	0.627966	0.636282	0.636282	6.64282e-05	0.0625	0.085607	0.342428	0.342428	0.0219857	0.0530725	0.21229	0	0.00845006	0.487525	0.162508	0	0.0556474	0	0	1	0.5625	0.0625	0	0.0329861	0.000675154	0	
46	0.657572	0.342428	0	0.03125	0.015625	0.581824	0.581824	0.581824	0	0.015625	0.657572	0.657572	0.657572	0	0.382591	0.382591	0.382591	0	0.487192	0	0.162397	0.106788	0	0	0	0.5625	0.015625	0	0.00347222	4.21971e-05	0	
46	0.342428	0.657572	0	0.0625	0.03125	0.65381	0.687666	0.687666	0.00114619	0.03125	0.171214	0.342428	0.342428	0.0293142	0.106145	0.21229	0	0.0112667	0.452331	0.150777	0	0.0516303	0	0	1	0.5625	0.03125	0	0.0121528	0.000150704	0	
46	0.657572	0.342428	0	0.03125	0.015625	0.581824	0.581824	0.581824	0	0.015625	0.657572	0.657572	0.657572	0	0.382591	0.382591	0.382591	0	0.352116	0	0.117372	0.0771806	0	0	0	0.5625	0.015625	0	0.00347222	4.21971e-05	0	
46	0.563432	0.436568	0	0.0625	0.03125	0.599318	0.600447	0.600447	1.27554e-06	0.03125	0.281716	0.563432	0.563432	0.079364	0.168519	0.337039	0	0.0283988	0.49225	0	0.164083	0.0924498	0	0	1	0.5625	0.03125	0	0.015625	0.000217014	1	
46	0.436568	0.563432	0	0.03125	0.015625	0.664793	0.664793	0.664793	0	0.015625	0.436568	0.436568	0.436568	0	0.290227	0.290227	0.290227	0	0.456699	0	0.152233	0.06646	0	0	0	0.5625	0.015625	0	0.00868056	6.02816e-05	1	
46	0.436568	0.563432	0	0.0625	0.03125	0.63262	0.664793	0.664793	0.00103507	0.03125	0.218284	0.436568	0.436568	0.0476479	0.145113	0.290227	0	0.0210579	0.427176	0	0.142392	0.0621638	0	0	0	0.5625	0.03125	0	0.015625	0.000217014	0	
47	0.196389	0.803611	0	0.03125	0.015625	0.581824	0.581824	0.581824	0	0.015625	0.196389	0.196389	0.196389	0	0.114264	0.114264	0.114264	0	0.437991	0	0.145997	0.0286723	0	0	0	0.75	0.015625	0	0.00260417	3.39084e-05	0	
47	0.901805	0.0981947	0	0.25	0.125	0.628739	0.657752	0.657752	0.000218842	0.125	0.112726	0.705416	0.705416	0.0519049	0.0691709	0.428456	0	0.0191374	0.487525	0.162508	0	0.146551	0	0	1	0.75	0.125	0	0.0716146	0.00168694	0	
47	0.803611	0.196389	0	0.21875	0.109375	0.607286	0.635948	0.635948	0.000584632	0.109375	0.114802	0.607221	0.607221	0.0422495	0.0671712	0.348854	0	0.0139256	0.59993	0.199977	0	0.160703	0	0	1	0.75	0.109375	0	0.0598958	0.0012953	1	
47	0.196389	0.803611	0	0.03125	0.015625	0.581824	0.581824	0.581824	0	0.015625	0.196389	0.196389	0.196389	0	0.114264	0.114264	0.114264	0	0.487192	0	0.162397	0.0318931	0	0	0	0.75	0.015625	0	0.00260417	3.39084e-05	0	
47	0.196389	0.803611	0	0.03125	0.015625	0.581824	0.581824	0.581824	0	0.015625	0.196389	0.196389	0.196389	0	0.114264	0.114264	0.114264	0	0.352116	0	0.117372	0.0230506	0	0	0	0.75	0.015625	0	0.00260417	3.39084e-05	0	
47	0.473064	0.526936	0	0.0625	0.03125	0.599318	0.600447	0.600447	1.27554e-06	0.03125	0.236532	0.473064	0.473064	0.0559475	0.141491	0.282982	0	0.0200197	0.49225	0	0.164083	0.077622	0	0	1	0.75	0.03125	0	0.00911458	0.00018141	0	
47	0.526936	0.473064	0	0.03125	0.015625	0.664793	0.664793	0.664793	0	0.015625	0.526936	0.526936	0.526936	0	0.350303	0.350303	0.350303	0	0.456699	0	0.152233	0.080217	0	0	0	0.75	0.015625	0	0.00520833	5.42535e-05	0	
47	0.526936	0.473064	0	0.0625	0.03125	0.63262	0.664793	0.664793	0.00103507	0.03125	0.263468	0.526936	0.526936	0.0694153	0.175151	0.350303	0	0.030678	0.427176	0	0.142392	0.0750314	0	0	0	0.75	0.03125	0	0.00911458	0.00018141	0	
48	0.782047	0.217953	0	0.28125	0.140625	0.613597	0.653853	0.653853	0.000577729	0.140625	0.0868941	0.782047	0.782047	0.0604046	0.0536986	0.483287	0	0.0230683	0.553678	0	0.184559	0.144334	0	0	1	0.5625	0.140625	0	0.0642361	0.0029538	0	
48	0.217953	0.782047	0	0.125	0.0625	0.692112	0.735691	0.735691	0.000990606	0.0625	0.0544884	0.217953	0.217953	0.00890694	0.0363566	0.145426	0	0.0039654	0.51328	0.171093	0	0.0372904	0	0	0	0.5625	0.0625	0	0.0277778	0.000693239	1	
48	0.00577085	0.994229	0	0.03125	0.015625	0.591471	0.591471	0.591471	0	0.015625	0.00577085	0.00577085	0.00577085	0	0.00341329	0.00341329	0.00341329	0	0.401602	0	0.133867	0.000772529	0	0	1	0.5625	0.015625	0	0.00520833	5.42535e-05	0	
48	0.994229	0.00577085	0	0.03125	0.015625	0.60914	0.60914	0.60914	0	0.015625	0.994229	0.994229	0.994229	0	0.605624	0.605624	0.605624	0	0.534784	0	0.178261	0.177233	0	0	0	0.5625	0.015625	0	0.00520833	5.42535e-05	0	
49	0.780874	0.219126	0	0.21875	0.109375	0.60722	0.635794	0.635794	0.000467886	0.109375	0.111553	0.780874	0.780874	0.0746651	0.0677554	0.474288	0	0.0275448	0.553678	0	0.184559	0.144118	0	0	1	0.9375	0.109375	0	0.0489583	0.00149306	0	
49	0.780874	0.219126	0	0.25	0.125	0.619939	0.636282	0.636282	0.000102743	0.125	0.0976093	0.780874	0.780874	0.066693	0.059286	0.474288	0	0.0246038	0.450909	0.150303	0	0.117368	0	0	1	0.9375	0.125	0	0.0604167	0.00194878	0	
49	0.531068	0.468932	0	0.0625	0.03125	0.635279	0.643083	0.643083	6.09109e-05	0.03125	0.265534	0.531068	0.531068	0.0705082	0.17076	0.341521	0	0.0291591	0.319483	0	0.106494	0.0565556	0	0	1	0.9375	0.03125	0	0.0104167	0.000184462	0	
49	0.688058	0.311942	0	0.21875	0.109375	0.707929	0.841355	0.841355	0.00402535	0.109375	0.098294	0.249807	0.249807	0.0129719	0.0669957	0.176153	0	0.00608664	0.52375	0.174583	0	0.120123	0	0	0	0.9375	0.109375	0	0.034375	0.00208984	1	
49	0.438251	0.561749	0	0.1875	0.09375	0.663648	0.74081	0.74081	0.00211385	0.09375	0.0730419	0.219126	0.219126	0.0106702	0.0488028	0.154301	0	0.00478419	0.504797	0	0.168266	0.0737427	0	0	0	0.9375	0.09375	0	0.0270833	0.00131727	0	
49	0.531068	0.468932	0	0.03125	0.015625	0.643083	0.643083	0.643083	0	0.015625	0.531068	0.531068	0.531068	0	0.341521	0.341521	0.341521	0	0.308916	0	0.102972	0.0546851	0	0	1	0.9375	0.015625	0	0.00625	5.85938e-05	0	
50	0.740647	0.259353	0	0.125	0.0625	0.653048	0.717486	0.717486	0.00202738	0.0625	0.185162	0.740647	0.740647	0.102855	0.116184	0.464737	0	0.0404964	0.427257	0.142419	0	0.105482	0	0	0	0.6875	0.0625	0	0.0184659	0.000746546	0	
50	0.259353	0.740647	0	0.21875	0.109375	0.60722	0.635794	0.635794	0.000467886	0.109375	0.0370504	0.259353	0.259353	0.00823638	0.0225037	0.157526	0	0.00303849	0.553678	0	0.184559	0.0478659	0	0	1	0.6875	0.109375	0	0.0582386	0.0013801	0	
50	0.740647	0.259353	0	0.125	0.0625	0.653048	0.717486	0.717486	0.00202738	0.0625	0.185162	0.740647	0.740647	0.102855	0.116184	0.464737	0	0.0404964	0.488625	0	0.162875	0.120633	0	0	0	0.6875	0.0625	0	0.0184659	0.000746546	0	
50	0.259353	0.740647	0	0.1875	0.09375	0.625368	0.636282	0.636282	0.000127268	0.09375	0.0432254	0.259353	0.259353	0.00934219	0.0262543	0.157526	0	0.00344644	0.487525	0.162508	0	0.042147	0	0	1	0.6875	0.09375	0	0.0553977	0.000992704	0	
50	0.740647	0.259353	0	0.09375	0.046875	0.631569	0.66931	0.66931	0.000857743	0.046875	0.246882	0.740647	0.740647	0.121902	0.154912	0.464737	0	0.0479957	0.302638	0.100879	0	0.0747161	0	0	1	0.6875	0.046875	0	0.0142045	0.00041968	0	
50	0.740647	0.259353	0	0.03125	0.015625	0.627474	0.627474	0.627474	0	0.015625	0.740647	0.740647	0.740647	0	0.464737	0.464737	0.464737	0	0.319483	0	0.106494	0.0788746	0	0	1	0.6875	0.015625	0	0.00426136	4.84246e-05	0	
50	0.734496	0.265504	0	0.03125	0.015625	0.632128	0.632128	0.632128	0	0.015625	0.734496	0.734496	0.734496	0	0.464296	0.464296	0.464296	0	0.52375	0.174583	0	0.128231	0	0	0	0.6875	0.015625	0	0.00568182	5.64954e-05	0	
50	0.265504	0.734496	0	0.03125	0.015625	0.60914	0.60914	0.60914	0	0.015625	0.265504	0.265504	0.265504	0	0.161729	0.161729	0.161729	0	0.534784	0	0.178261	0.047329	0	0	0	0.6875	0.015625	0	0.00426136	4.84246e-05	1	
51	0.978647	0.0213529	0	0.03125	0.015625	0.581824	0.581824	0.581824	0	0.015625	0.978647	0.978647	0.978647	0	0.5694	0.5694	0.5694	0	0.437991	0	0.145997	0.14288	0	0	0	0.6875	0.015625	0	0.00284091	3.63184e-05	0	
51	0.978647	0.0213529	0	0.03125	0.015625	0.581824	0.581824	0.581824	0	0.015625	0.978647	0.978647	0.978647	0	0.5694	0.5694	0.5694	0	0.487192	0	0.162397	0.15893	0	0	0	0.6875	0.015625	0	0.00284091	3.63184e-05	0	
51	0.0192319	0.980768	0	0.0625	0.03125	0.643595	0.667235	0.667235	0.000558862	0.03125	0.00961597	0.0192319	0.0192319	9.24669e-05	0.00596147	0.0119229	0	3.55391e-05	0.452331	0.150777	0	0.00289974	0	0	1	0.6875	0.03125	0	0.00994318	0.000189663	1	
51	0.978647	0.0213529	0	0.03125	0.015625	0.581824	0.581824	0.581824	0	0.015625	0.978647	0.978647	0.978647	0	0.5694	0.5694	0.5694	0	0.352116	0	0.117372	0.114866	0	0	0	0.6875	0.015625	0	0.00284091	3.63184e-05	0	
51	0.980768	0.0192319	0	0.28125	0.140625	0.633723	0.692139	0.692139	0.00084207	0.140625	0.108974	0.980768	0.980768	0.0950031	0.0712531	0.641278	0	0.040616	0.688755	0	0.229585	0.22517	0	0	0	0.6875	0.140625	0	0.0667614	0.00253422	0	
51	0.0213529	0.978647	0	0.0625	0.03125	0.636638	0.643083	0.643083	4.15453e-05	0.03125	0.0106765	0.0213529	0.0213529	0.000113987	0.00672822	0.0134564	0	4.5269e-05	0.302638	0.100879	0	0.00215407	0	0	1	0.6875	0.03125	0	0.00852273	0.000193698	0	
51	0.0213529	0.978647	0	0.0625	0.03125	0.636638	0.643083	0.643083	4.15453e-05	0.03125	0.0106765	0.0213529	0.0213529	0.000113987	0.00672822	0.0134564	0	4.5269e-05	0.430089	0	0.143363	0.00306122	0	0	1	0.6875	0.03125	0	0.00852273	0.000193698	0	
51	0.0213529	0.978647	0	0.03125	0.015625	0.630192	0.630192	0.630192	0	0.015625	0.0213529	0.0213529	0.0213529	0	0.0134564	0.0134564	0.0134564	0	0.504797	0	0.168266	0.00359297	0	0	0	0.6875	0.015625	0	0.00426136	4.84246e-05	0	
51	0.0213529	0.978647	0	0.0625	0.03125	0.636638	0.643083	0.643083	4.15453e-05	0.03125	0.0106765	0.0213529	0.0213529	0.000113987	0.00672822	0.0134564	0	4.5269e-05	0.401602	0	0.133867	0.00285846	0	0	1	0.6875	0.03125	0	0.00852273	0.000193698	0	
52	0.615978	0.384022	0	0.09375	0.046875	0.647627	0.717486	0.717486	0.00258564	0.046875	0.205326	0.615978	0.615978	0.0843175	0.128837	0.38651	0	0.0331978	0.427257	0.142419	0	0.0877269	0	0	0	0.5625	0.046875	0	0.0243056	0.000494309	1	
52	0.35795	0.64205	0	0.03125	0.015625	0.581824	0.581824	0.581824	0	0.015625	0.35795	0.35795	0.35795	0	0.208264	0.208264	0.208264	0	0.437991	0	0.145997	0.0522596	0	0	0	0.5625	0.015625	0	0.00347222	4.21971e-05	0	
52	0.64205	0.35795	0	0.21875	0.109375	0.624595	0.636282	0.636282	0.000112675	0.109375	0.0917214	0.64205	0.64205	0.0504769	0.0568379	0.397865	0	0.0193833	0.487525	0.162508	0	0.104339	0	0	1	0.5625	0.109375	0	0.0434028	0.00194107	0	
52	0.64205	0.35795	0	0.25	0.125	0.613039	0.653314	0.653314	0.000743269	0.125	0.0802563	0.64205	0.64205	0.0450875	0.0497332	0.397865	0	0.0173137	0.59993	0.199977	0	0.128395	1	0	1	0.5625	0.125	0	0.0607639	0.00289955	0	
52	0.64205	0.35795	0	0.28125	0.140625	0.633708	0.692139	0.692139	0.000708794	0.140625	0.0713389	0.64205	0.64205	0.0407139	0.0442073	0.397865	0	0.0156343	0.450909	0.150303	0	0.0965021	0	0	1	0.5625	0.140625	0	0.0503472	0.00308039	0	
52	0.35795	0.64205	0	0.03125	0.015625	0.581824	0.581824	0.581824	0	0.015625	0.35795	0.35795	0.35795	0	0.208264	0.208264	0.208264	0	0.487192	0	0.162397	0.0581301	0	0	0	0.5625	0.015625	0	0.00347222	4.21971e-05	0	
52	0.35795	0.64205	0	0.03125	0.015625	0.581824	0.581824	0.581824	0	0.015625	0.35795	0.35795	0.35795	0	0.208264	0.208264	0.208264	0	0.352116	0	0.117372	0.0420133	0	0	0	0.5625	0.015625	0	0.00347222	4.21971e-05	0	
53	0.670194	0.329806	0	0.03125	0.015625	0.581824	0.581824	0.581824	0	0.015625	0.670194	0.670194	0.670194	0	0.389935	0.389935	0.389935	0	0.437991	0	0.145997	0.0978463	0	0	0	0.5625	0.015625	0	0.00347222	4.21971e-05	0	
53	0.104925	0.895075	0	0.25	0.125	0.613039	0.653314	0.653314	0.000743269	0.125	0.0131157	0.104925	0.104925	0.00120414	0.00856864	0.0685491	0	0.000513951	0.59993	0.199977	0	0.0209826	1	0	1	0.5625	0.125	0	0.0659722	0.0024836	0	
53	0.670194	0.329806	0	0.03125	0.015625	0.581824	0.581824	0.581824	0	0.015625	0.670194	0.670194	0.670194	0	0.389935	0.389935	0.389935	0	0.487192	0	0.162397	0.108838	0	0	0	0.5625	0.015625	0	0.00347222	4.21971e-05	0	
53	0.670194	0.329806	0	0.03125	0.015625	0.581824	0.581824	0.581824	0	0.015625	0.670194	0.670194	0.670194	0	0.389935	0.389935	0.389935	0	0.352116	0	0.117372	0.078662	0	0	0	0.5625	0.015625	0	0.00347222	4.21971e-05	0	
53	0.895075	0.104925	0	0.28125	0.140625	0.633723	0.692139	0.692139	0.00084207	0.140625	0.0994527	0.895075	0.895075	0.0791268	0.0650274	0.585247	0	0.0338285	0.688755	0	0.229585	0.205496	0	0	0	0.5625	0.140625	0	0.0711806	0.00298997	0	
53	0.329806	0.670194	0	0.0625	0.03125	0.636638	0.643083	0.643083	4.15453e-05	0.03125	0.164903	0.329806	0.329806	0.027193	0.106046	0.212093	0	0.0112458	0.302638	0.100879	0	0.0332706	0	0	1	0.5625	0.03125	0	0.0104167	0.000217014	1	
53	0.329806	0.670194	0	0.0625	0.03125	0.636638	0.643083	0.643083	4.15453e-05	0.03125	0.164903	0.329806	0.329806	0.027193	0.106046	0.212093	0	0.0112458	0.430089	0	0.143363	0.047282	0	0	1	0.5625	0.03125	0	0.0104167	0.000217014	0	
53	0.329806	0.670194	0	0.03125	0.015625	0.643083	0.643083	0.643083	0	0.015625	0.329806	0.329806	0.329806	0	0.212093	0.212093	0.212093	0	0.319483	0	0.106494	0.0351224	0	0	1	0.5625	0.015625	0	0.00520833	5.42535e-05	0	
53	0.329806	0.670194	0	0.0625	0.03125	0.636638	0.643083	0.643083	4.15453e-05	0.03125	0.164903	0.329806	0.329806	0.027193	0.106046	0.212093	0	0.0112458	0.401602	0	0.133867	0.0441503	0	0	1	0.5625	0.03125	0	0.0104167	0.000217014	0	
53	0.329806	0.670194	0	0.03125	0.015625	0.643083	0.643083	0.643083	0	0.015625	0.329806	0.329806	0.329806	0	0.212093	0.212093	0.212093	0	0.308916	0	0.102972	0.0339608	0	0	1	0.5625	0.015625	0	0.00520833	5.42535e-05	0	
54	0.969431	0.0305685	0	0.03125	0.015625	0.581824	0.581824	0.581824	0	0.015625	0.969431	0.969431	0.969431	0	0.564038	0.564038	0.564038	0	0.437991	0	0.145997	0.141534	0	0	0	0.6875	0.015625	0	0.00284091	3.63184e-05	0	
54	0.969431	0.0305685	0	0.03125	0.015625	0.581824	0.581824	0.581824	0	0.015625	0.969431	0.969431	0.969431	0	0.564038	0.564038	0.564038	0	0.487192	0	0.162397	0.157433	0	0	0	0.6875	0.015625	0	0.00284091	3.63184e-05	0	
54	0.969431	0.0305685	0	0.03125	0.015625	0.581824	0.581824	0.581824	0	0.015625	0.969431	0.969431	0.969431	0	0.564038	0.564038	0.564038	0	0.352116	0	0.117372	0.113784	0	0	0	0.6875	0.015625	0	0.00284091	3.63184e-05	0	
54	0.0289478	0.971052	0	0.09375	0.046875	0.635135	0.643083	0.643083	3.22166e-05	0.046875	0.00964927	0.0289478	0.0289478	0.000186217	0.00609958	0.0182987	0	7.44097e-05	0.430089	0	0.143363	0.00415005	0	0	1	0.6875	0.046875	0	0.0127841	0.000435821	0	
54	0.0289478	0.971052	0	0.03125	0.015625	0.632128	0.632128	0.632128	0	0.015625	0.0289478	0.0289478	0.0289478	0	0.0182987	0.0182987	0.0182987	0	0.52375	0.174583	0	0.00505381	0	0	0	0.6875	0.015625	0	0.00426136	4.84246e-05	1	
54	0.0289478	0.971052	0	0.0625	0.03125	0.63116	0.632128	0.632128	9.36762e-07	0.03125	0.0144739	0.0289478	0.0289478	0.000209494	0.00914936	0.0182987	0	8.37109e-05	0.504797	0	0.168266	0.00487093	0	0	0	0.6875	0.03125	0	0.00852273	0.000193698	0	
55	0.632538	0.367462	0	0.21875	0.109375	0.630883	0.692139	0.692139	0.00071572	0.109375	0.0903625	0.632538	0.632538	0.0489923	0.0574961	0.402473	0	0.0198348	0.450909	0.150303	0	0.0950724	0	0	1	0.5625	0.109375	0	0.0451389	0.00208574	1	
55	0.534756	0.465244	0	0.15625	0.078125	0.61143	0.643083	0.643083	0.000738862	0.078125	0.106951	0.534756	0.534756	0.0457543	0.0671092	0.335546	0	0.0180146	0.319483	0	0.106494	0.0569484	0	0	1	0.5625	0.078125	0	0.0364583	0.00124783	0	
56	0.9382	0.0617999	0	0.03125	0.015625	0.581824	0.581824	0.581824	0	0.015625	0.9382	0.9382	0.9382	0	0.545867	0.545867	0.545867	0	0.437991	0	0.145997	0.136974	0	0	0	0.6875	0.015625	0	0.00284091	3.63184e-05	1	
56	0.9382	0.0617999	0	0.03125	0.015625	0.581824	0.581824	0.581824	0	0.015625	0.9382	0.9382	0.9382	0	0.545867	0.545867	0.545867	0	0.487192	0	0.162397	0.152361	0	0	0	0.6875	0.015625	0	0.00284091	3.63184e-05	1	
56	0.9382	0.0617999	0	0.03125	0.015625	0.581824	0.581824	0.581824	0	0.015625	0.9382	0.9382	0.9382	0	0.545867	0.545867	0.545867	0	0.352116	0	0.117372	0.110118	0	0	0	0.6875	0.015625	0	0.00284091	3.63184e-05	1	
56	0.0500975	0.949902	0	0.0625	0.03125	0.636638	0.643083	0.643083	4.15453e-05	0.03125	0.0250488	0.0500975	0.0500975	0.00062744	0.0157855	0.0315711	0	0.000249183	0.302638	0.100879	0	0.00505381	0	0	1	0.6875	0.03125	0	0.00852273	0.000193698	0	
56	0.0500975	0.949902	0	0.0625	0.03125	0.636638	0.643083	0.643083	4.15453e-05	0.03125	0.0250488	0.0500975	0.0500975	0.00062744	0.0157855	0.0315711	0	0.000249183	0.430089	0	0.143363	0.00718214	0	0	1	0.6875	0.03125	0	0.00852273	0.000193698	0	
56	0.0500975	0.949902	0	0.03125	0.015625	0.630192	0.630192	0.630192	0	0.015625	0.0500975	0.0500975	0.0500975	0	0.0315711	0.0315711	0.0315711	0	0.504797	0	0.168266	0.0084297	0	0	0	0.6875	0.015625	0	0.00426136	4.84246e-05	0	
56	0.0500975	0.949902	0	0.0625	0.03125	0.636638	0.643083	0.643083	4.15453e-05	0.03125	0.0250488	0.0500975	0.0500975	0.00062744	0.0157855	0.0315711	0	0.000249183	0.401602	0	0.133867	0.00670642	0	0	1	0.6875	0.03125	0	0.00852273	0.000193698	0	
57	0.0295383	0.970462	0	0.125	0.0625	0.727094	0.801403	0.801403	0.0030718	0.0625	0.00738457	0.0173969	0.0173969	5.79845e-05	0.0049677	0.0116028	0	2.60681e-05	0.51328	0.171093	0	0.00505381	0	0	0	0.625	0.0625	0	0.0265625	0.000490723	1	
57	0.982603	0.0173969	0	0.3125	0.15625	0.6406	0.70249	0.70249	0.00118346	0.15625	0.0982603	0.982603	0.982603	0.0868958	0.0642478	0.642478	0	0.03715	0.688755	0	0.229585	0.225591	0	0	0	0.625	0.15625	0	0.071875	0.00357422	0	
58	0.0500975	0.949902	0	0.0625	0.03125	0.636638	0.643083	0.643083	4.15453e-05	0.03125	0.0250488	0.0500975	0.0500975	0.00062744	0.0157855	0.0315711	0	0.000249183	0.302638	0.100879	0	0.00505381	0	0	1	0.6875	0.03125	0	0.00852273	0.000193698	0	
58	0.946747	0.0532532	0	0.09375	0.046875	0.621582	0.643083	0.643083	0.000481038	0.046875	0.315582	0.896649	0.896649	0.169238	0.187304	0.530342	0	0.0590036	0.430089	0	0.143363	0.135729	0	0	1	0.6875	0.046875	0	0.0113636	0.000359149	0	
58	0.946747	0.0532532	0	0.0625	0.03125	0.610832	0.630192	0.630192	0.000374832	0.03125	0.473373	0.896649	0.896649	0.179162	0.280957	0.530342	0.0315711	0.0621931	0.504797	0	0.168266	0.159305	0	0	0	0.6875	0.03125	0	0.00710227	0.000149309	1	
58	0.946747	0.0532532	0	0.09375	0.046875	0.621582	0.643083	0.643083	0.000481038	0.046875	0.315582	0.896649	0.896649	0.169238	0.187304	0.530342	0	0.0590036	0.401602	0	0.133867	0.126739	0	0	1	0.6875	0.046875	0	0.0113636	0.000359149	0	
59	0.0181476	0.981852	0	0.03125	0.015625	0.678259	0.678259	0.678259	0	0.015625	0.0181476	0.0181476	0.0181476	0	0.0123087	0.0123087	0.0123087	0	0.427257	0.142419	0	0.00258455	0	0	0	0.6875	0.015625	0	0.00426136	4.84246e-05	1	
59	0.981852	0.0181476	0	0.21875	0.109375	0.620559	0.653853	0.653853	0.000787027	0.109375	0.140265	0.963705	0.963705	0.113048	0.091711	0.630121	0	0.0483309	0.553678	0	0.184559	0.18121	0	0	1	0.6875	0.109375	0	0.0539773	0.00188049	0	
59	0.0181476	0.981852	0	0.03125	0.015625	0.678259	0.678259	0.678259	0	0.015625	0.0181476	0.0181476	0.0181476	0	0.0123087	0.0123087	0.0123087	0	0.316741	0	0.10558	0.00191603	0	0	0	0.6875	0.015625	0	0.00426136	4.84246e-05	1	
59	0.0181476	0.981852	0	0.03125	0.015625	0.678259	0.678259	0.678259	0	0.015625	0.0181476	0.0181476	0.0181476	0	0.0123087	0.0123087	0.0123087	0	0.408196	0.136065	0	0.00246925	0	0	0	0.6875	0.015625	0	0.00426136	4.84246e-05	1	
59	0.963705	0.0362951	0	0.3125	0.15625	0.6406	0.70249	0.70249	0.00118346	0.15625	0.0963705	0.963705	0.963705	0.0835854	0.0630121	0.630121	0	0.0357347	0.688755	0	0.229585	0.221252	0	0	0	0.6875	0.15625	0	0.0667614	0.00355517	0	
59	0.955784	0.0442159	0	0.0625	0.03125	0.599318	0.600447	0.600447	1.27554e-06	0.03125	0.477892	0.955784	0.955784	0.228381	0.28587	0.571739	0	0.0817214	0.49225	0	0.164083	0.156828	0	0	1	0.6875	0.03125	0	0.0127841	0.000213875	0	
59	0.0442159	0.955784	0	0.0625	0.03125	0.753069	0.841346	0.841346	0.00779277	0.03125	0.022108	0.0442159	0.0442159	0.000488762	0.0146972	0.0293944	0	0.000216008	0.456699	0	0.152233	0.00673112	0	0	0	0.6875	0.03125	0	0.0127841	0.000213875	0	
59	0.0442159	0.955784	0	0.0625	0.03125	0.63262	0.664793	0.664793	0.00103507	0.03125	0.022108	0.0442159	0.0442159	0.000488762	0.0146972	0.0293944	0	0.000216008	0.427176	0	0.142392	0.00629599	0	0	0	0.6875	0.03125	0	0.0127841	0.000213875	0	
60	0.772992	0.227008	0	0.09375	0.046875	0.647627	0.717486	0.717486	0.00258564	0.046875	0.257664	0.772992	0.772992	0.132781	0.161677	0.485032	0	0.0522792	0.427257	0.142419	0	0.110089	0	0	0	0.75	0.046875	0	0.0117188	0.000411987	0	
60	0.772992	0.227008	0	0.09375	0.046875	0.647627	0.717486	0.717486	0.00258564	0.046875	0.257664	0.772992	0.772992	0.132781	0.161677	0.485032	0	0.0522792	0.488625	0	0.162875	0.125901	0	0	0	0.75	0.046875	0	0.0117188	0.000411987	0	
60	0.227008	0.772992	0	0.03125	0.015625	0.581824	0.581824	0.581824	0	0.015625	0.227008	0.227008	0.227008	0	0.132079	0.132079	0.132079	0	0.437991	0	0.145997	0.0331425	0	0	0	0.75	0.015625	0	0.00260417	3.39084e-05	0	
60	0.227008	0.772992	0	0.03125	0.015625	0.581824	0.581824	0.581824	0	0.015625	0.227008	0.227008	0.227008	0	0.132079	0.132079	0.132079	0	0.487192	0	0.162397	0.0368655	0	0	0	0.75	0.015625	0	0.00260417	3.39084e-05	0	
60	0.227008	0.772992	0	0.03125	0.015625	0.581824	0.581824	0.581824	0	0.015625	0.227008	0.227008	0.227008	0	0.132079	0.132079	0.132079	0	0.352116	0	0.117372	0.0266444	0	0	0	0.75	0.015625	0	0.00260417	3.39084e-05	0	
60	0.772992	0.227008	0	0.0625	0.03125	0.612698	0.627474	0.627474	0.000218333	0.03125	0.386496	0.772992	0.772992	0.149379	0.242516	0.485032	0	0.0588141	0.302638	0.100879	0	0.0779789	0	0	1	0.75	0.03125	0	0.0078125	0.000183105	0	
60	0.772992	0.227008	0	0.03125	0.015625	0.627474	0.627474	0.627474	0	0.015625	0.772992	0.772992	0.772992	0	0.485032	0.485032	0.485032	0	0.319483	0	0.106494	0.0823191	0	0	1	0.75	0.015625	0	0.00390625	4.57764e-05	0	
60	0.104504	0.895496	0	0.0625	0.03125	0.599318	0.600447	0.600447	1.27554e-06	0.03125	0.0522518	0.104504	0.104504	0.00273025	0.0312564	0.0625128	0	0.000976963	0.49225	0	0.164083	0.0171473	0	0	1	0.75	0.03125	0	0.00911458	0.00018141	0	
60	0.895496	0.104504	0	0.03125	0.015625	0.664793	0.664793	0.664793	0	0.015625	0.895496	0.895496	0.895496	0	0.595319	0.595319	0.595319	0	0.456699	0	0.152233	0.136324	0	0	0	0.75	0.015625	0	0.00520833	5.42535e-05	1	
60	0.895496	0.104504	0	0.0625	0.03125	0.63262	0.664793	0.664793	0.00103507	0.03125	0.447748	0.895496	0.895496	0.200478	0.29766	0.595319	0	0.0886013	0.427176	0	0.142392	0.127512	0	0	0	0.75	0.03125	0	0.00911458	0.00018141	0	
61	0.0500975	0.949902	0	0.09375	0.046875	0.705138	0.842137	0.842137	0.00941215	0.046875	0.0166992	0.0500975	0.0500975	0.000557725	0.014063	0.042189	0	0.000395536	0.302638	0.100879	0	0.00505381	0	0	1	0.9375	0.046875	0	0.00520833	0.00015191	0	
61	0.0500975	0.949902	0	0.03125	0.015625	0.842137	0.842137	0.842137	0	0.015625	0.0500975	0.0500975	0.0500975	0	0.042189	0.042189	0.042189	0	0.534784	0	0.178261	0.00893044	0	0	0	0.9375	0.015625	0	0.003125	3.90625e-05	1	
62	0.519655	0.480345	0	0.125	0.0625	0.653048	0.717486	0.717486	0.00202738	0.0625	0.129914	0.466058	0.466058	0.0381431	0.0780743	0.278666	0	0.0136009	0.427257	0.142419	0	0.0740087	0	0	0	0.6875	0.0625	0	0.0227273	0.000770758	0	
62	0.519655	0.480345	0	0.1875	0.09375	0.628559	0.717486	0.717486	0.00257603	0.09375	0.0866092	0.466058	0.466058	0.0291793	0.0520495	0.278666	0	0.0104218	0.488625	0	0.162875	0.0846388	0	0	0	0.6875	0.09375	0	0.0340909	0.00181189	0	
62	0.0535969	0.946403	0	0.125	0.0625	0.60743	0.643083	0.643083	0.000843565	0.0625	0.0133992	0.0535969	0.0535969	0.000538618	0.00840767	0.0336307	0	0.000212067	0.319483	0	0.106494	0.00570776	0	0	1	0.6875	0.0625	0	0.0241477	0.000859536	0	
62	0.480345	0.519655	0	0.0625	0.03125	0.685329	0.770211	0.770211	0.0072049	0.03125	0.240173	0.480345	0.480345	0.0576828	0.144211	0.288422	0	0.0207968	0.442329	0.147443	0	0.0708235	0	0	1	0.6875	0.03125	0	0.00994318	0.000189663	0	
62	0.480345	0.519655	0	0.03125	0.015625	0.600447	0.600447	0.600447	0	0.015625	0.480345	0.480345	0.480345	0	0.288422	0.288422	0.288422	0	0.49225	0	0.164083	0.0788166	0	0	1	0.6875	0.015625	0	0.00426136	4.84246e-05	0	
62	0.519655	0.480345	0	0.0625	0.03125	0.701169	0.770211	0.770211	0.00476671	0.03125	0.259827	0.519655	0.519655	0.0675103	0.164244	0.328488	0	0.0269762	0.52375	0.174583	0	0.0907231	0	0	0	0.6875	0.03125	0	0.0113636	0.000225981	1	
62	0.480345	0.519655	0	0.03125	0.015625	0.600447	0.600447	0.600447	0	0.015625	0.480345	0.480345	0.480345	0	0.288422	0.288422	0.288422	0	0.427176	0	0.142392	0.0683973	0	0	0	0.6875	0.015625	0	0.00426136	4.84246e-05	0	
62	0.480345	0.519655	0	0.09375	0.046875	0.621582	0.643083	0.643083	0.000481038	0.046875	0.160115	0.480345	0.480345	0.0512736	0.100903	0.30271	0	0.0203629	0.401602	0	0.133867	0.0643025	0	0	1	0.6875	0.046875	0	0.0184659	0.000435821	0	
63	0.618684	0.381316	0	0.125	0.0625	0.646703	0.717486	0.717486	0.0019418	0.0625	0.154671	0.618684	0.618684	0.0717694	0.0970521	0.388208	0	0.0282573	0.427257	0.142419	0	0.0881123	0	0	0	0.5625	0.0625	0	0.0243056	0.00081983	1	
63	0.722642	0.277358	0	0.1875	0.09375	0.624329	0.717486	0.717486	0.00232075	0.09375	0.12044	0.618684	0.618684	0.0510903	0.0745933	0.388208	0	0.0201406	0.488625	0	0.162875	0.1177	0	0	0	0.5625	0.09375	0	0.0381944	0.0019049	0	
63	1	1.11022e-16	0.00346026	0.15625	0.078125	0.604851	0.639696	0.639696	0.000640269	0.078125	0.2	0.618684	0.618684	0.0541009	0.124997	0.388208	0	0.0215174	0.302638	0.100879	0	0.100879	0	0	1	0.5625	0.078125	0	0.0347222	0.00150704	0	
63	0.722642	0.277358	0	0.125	0.0625	0.609239	0.65032	0.65032	0.000982392	0.0625	0.180661	0.618684	0.618684	0.0657561	0.11189	0.388208	0	0.0260377	0.319483	0	0.106494	0.0769572	0	0	1	0.5625	0.0625	0	0.0243056	0.000765577	0	
63	0.277358	0.722642	0	0.0625	0.03125	0.645008	0.65032	0.65032	2.82172e-05	0.03125	0.138679	0.277358	0.277358	0.0192318	0.0887123	0.177425	0	0.00786988	0.504797	0	0.168266	0.0466698	0	0	0	0.5625	0.03125	0	0.0104167	0.00016276	0	
63	0.277358	0.722642	0	0.0625	0.03125	0.645008	0.65032	0.65032	2.82172e-05	0.03125	0.138679	0.277358	0.277358	0.0192318	0.0887123	0.177425	0	0.00786988	0.401602	0	0.133867	0.0371291	0	0	1	0.5625	0.03125	0	0.0104167	0.00016276	0	
63	0.277358	0.722642	0	0.125	0.0625	0.736575	0.84788	0.84788	0.0085934	0.0625	0.0693394	0.277358	0.277358	0.0144239	0.0443562	0.177425	0	0.00590241	0.308916	0	0.102972	0.0285601	0	0	1	0.5625	0.0625	0	0.0173611	0.000620901	0	
64	0.711206	0.288794	0	0.09375	0.046875	0.647627	0.717486	0.717486	0.00258564	0.046875	0.237069	0.711206	0.711206	0.112403	0.148755	0.446264	0	0.0442558	0.427257	0.142419	0	0.101289	0	0	0	0.6875	0.046875	0	0.0127841	0.000435821	1	
64	0.860219	0.139781	0	0.125	0.0625	0.628449	0.717486	0.717486	0.00304264	0.0625	0.215055	0.711206	0.711206	0.0857563	0.132834	0.446264	0	0.0339522	0.488625	0	0.162875	0.140108	0	0	0	0.6875	0.0625	0	0.0170455	0.000774793	0	
64	0.139781	0.860219	0	0.03125	0.015625	0.581824	0.581824	0.581824	0	0.015625	0.139781	0.139781	0.139781	0	0.0813281	0.0813281	0.0813281	0	0.437991	0	0.145997	0.0204076	0	0	0	0.6875	0.015625	0	0.00284091	3.63184e-05	0	
64	0.139781	0.860219	0	0.03125	0.015625	0.581824	0.581824	0.581824	0	0.015625	0.139781	0.139781	0.139781	0	0.0813281	0.0813281	0.0813281	0	0.487192	0	0.162397	0.0227001	0	0	0	0.6875	0.015625	0	0.00284091	3.63184e-05	0	
64	0.139781	0.860219	0	0.03125	0.015625	0.581824	0.581824	0.581824	0	0.015625	0.139781	0.139781	0.139781	0	0.0813281	0.0813281	0.0813281	0	0.352116	0	0.117372	0.0164064	0	0	0	0.6875	0.015625	0	0.00284091	3.63184e-05	0	
64	0.860219	0.139781	0	0.09375	0.046875	0.59877	0.627474	0.627474	0.000533526	0.046875	0.28674	0.711206	0.711206	0.0937868	0.177112	0.446264	0	0.0374275	0.302638	0.100879	0	0.0867783	0	0	1	0.6875	0.046875	0	0.0127841	0.000435821	1	
64	0.860219	0.139781	0	0.0625	0.03125	0.599194	0.627474	0.627474	0.000799749	0.03125	0.430109	0.711206	0.711206	0.0790155	0.265669	0.446264	0.0850734	0.0326146	0.319483	0	0.106494	0.0916083	0	0	1	0.6875	0.03125	0	0.00852273	0.000193698	0	
65	0.852621	0.147379	0	0.09375	0.046875	0.647627	0.717486	0.717486	0.00258564	0.046875	0.284207	0.852621	0.852621	0.161547	0.178333	0.534998	0	0.0636051	0.427257	0.142419	0	0.121429	0	0	0	0.6875	0.046875	0	0.0170455	0.000508458	0	
65	0.590574	0.409426	0	0.03125	0.015625	0.581824	0.581824	0.581824	0	0.015625	0.590574	0.590574	0.590574	0	0.34361	0.34361	0.34361	0	0.437991	0	0.145997	0.086222	0	0	0	0.6875	0.015625	0	0.00284091	3.63184e-05	0	
65	0.409426	0.590574	0	0.125	0.0625	0.616035	0.619955	0.619955	2.61837e-05	0.0625	0.102356	0.409426	0.409426	0.0314306	0.0634564	0.253826	0	0.0120801	0.487525	0.162508	0	0.0665352	0	0	1	0.6875	0.0625	0	0.0340909	0.000568989	1	
65	0.590574	0.409426	0	0.03125	0.015625	0.581824	0.581824	0.581824	0	0.015625	0.590574	0.590574	0.590574	0	0.34361	0.34361	0.34361	0	0.487192	0	0.162397	0.0959076	0	0	0	0.6875	0.015625	0	0.00284091	3.63184e-05	0	
65	0.409426	0.590574	0	0.03125	0.015625	0.619955	0.619955	0.619955	0	0.015625	0.409426	0.409426	0.409426	0	0.253826	0.253826	0.253826	0	0.452331	0.150777	0	0.0617321	0	0	1	0.6875	0.015625	0	0.00568182	5.64954e-05	1	
65	0.590574	0.409426	0	0.03125	0.015625	0.581824	0.581824	0.581824	0	0.015625	0.590574	0.590574	0.590574	0	0.34361	0.34361	0.34361	0	0.352116	0	0.117372	0.0693169	0	0	0	0.6875	0.015625	0	0.00284091	3.63184e-05	0	
66	0.131251	0.868749	0	0.1875	0.09375	0.631991	0.670052	0.670052	0.000539232	0.09375	0.0218752	0.131251	0.131251	0.00239263	0.0134998	0.0809985	0	0.000911217	0.487525	0.162508	0	0.0213295	0	0	1	0.8125	0.09375	0	0.0408654	0.00129727	0	
66	0.868749	0.131251	0	0.125	0.0625	0.61387	0.619955	0.619955	3.55203e-05	0.0625	0.217187	0.868749	0.868749	0.141511	0.132151	0.528605	0	0.0523918	0.450909	0.150303	0	0.130576	0	0	1	0.8125	0.0625	0	0.0300481	0.000693417	0	
66	0.605303	0.394697	0	0.03125	0.015625	0.632128	0.632128	0.632128	0	0.015625	0.605303	0.605303	0.605303	0	0.382629	0.382629	0.382629	0	0.52375	0.174583	0	0.105676	0	0	0	0.8125	0.015625	0	0.00480769	5.20063e-05	1	
66	0.394697	0.605303	0	0.03125	0.015625	0.60914	0.60914	0.60914	0	0.015625	0.394697	0.394697	0.394697	0	0.240426	0.240426	0.240426	0	0.534784	0	0.178261	0.0703592	0	0	0	0.8125	0.015625	0	0.00360577	4.33386e-05	0	
67	0.599318	0.400682	0	0.09375	0.046875	0.647627	0.717486	0.717486	0.00258564	0.046875	0.199773	0.599318	0.599318	0.0798183	0.125352	0.376057	0	0.0314264	0.427257	0.142419	0	0.0853543	0	0	0	0.5	0.046875	0	0.0175781	0.000514984	0	
67	0.599318	0.400682	0	0.09375	0.046875	0.647627	0.717486	0.717486	0.00258564	0.046875	0.199773	0.599318	0.599318	0.0798183	0.125352	0.376057	0	0.0314264	0.488625	0	0.162875	0.097614	0	0	0	0.5	0.046875	0	0.0175781	0.000514984	0	
67	0.251099	0.748901	0	0.0625	0.03125	0.655774	0.729723	0.729723	0.00546854	0.03125	0.125549	0.251099	0.251099	0.0157627	0.0730477	0.146095	0	0.00533597	0.437991	0	0.145997	0.0366597	0	0	0	0.5	0.03125	0	0.00976562	0.000179291	1	
67	0.251099	0.748901	0	0.0625	0.03125	0.655774	0.729723	0.729723	0.00546854	0.03125	0.125549	0.251099	0.251099	0.0157627	0.0730477	0.146095	0	0.00533597	0.487192	0	0.162397	0.0407778	0	0	0	0.5	0.03125	0	0.00976562	0.000179291	1	
67	0.251099	0.748901	0	0.0625	0.03125	0.655774	0.729723	0.729723	0.00546854	0.03125	0.125549	0.251099	0.251099	0.0157627	0.0730477	0.146095	0	0.00533597	0.352116	0	0.117372	0.029472	0	0	0	0.5	0.03125	0	0.00976562	0.000179291	1	
67	0.898484	0.101516	0	0.15625	0.078125	0.640568	0.704169	0.704169	0.00122983	0.078125	0.179697	0.599318	0.599318	0.0484955	0.115517	0.376057	0	0.0190093	0.302638	0.100879	0	0.0906385	0	0	1	0.5	0.078125	0	0.0351562	0.00120544	0	
67	0.748901	0.251099	0	0.09375	0.046875	0.662614	0.717283	0.717283	0.00153499	0.046875	0.249634	0.599318	0.599318	0.0648688	0.157417	0.376057	0	0.0254439	0.319483	0	0.106494	0.0797536	0	0	1	0.5	0.046875	0	0.0214844	0.000423431	0	
67	0.299166	0.700834	0	0.15625	0.078125	0.672035	0.717283	0.717283	0.00114247	0.078125	0.0598331	0.149583	0.149583	0.00537001	0.0403052	0.105332	0	0.00244511	0.401602	0	0.133867	0.0400485	0	0	1	0.5	0.078125	0	0.0390625	0.00115967	0	
67	0.149583	0.850417	0	0.03125	0.015625	0.643083	0.643083	0.643083	0	0.015625	0.149583	0.149583	0.149583	0	0.0961942	0.0961942	0.0961942	0	0.308916	0	0.102972	0.0154028	0	0	1	0.5	0.015625	0	0.0078125	6.10352e-05	0	
68	0.917704	0.0822959	0	0.09375	0.046875	0.647627	0.717486	0.717486	0.00258564	0.046875	0.305901	0.917704	0.917704	0.187151	0.191945	0.575836	0	0.073686	0.427257	0.142419	0	0.130698	0	0	0	0.8125	0.046875	0	0.0144231	0.000392936	0	
68	0.53689	0.46311	0	0.1875	0.09375	0.621482	0.670181	0.670181	0.00115607	0.09375	0.0894817	0.454594	0.454594	0.0275644	0.0559491	0.280541	0	0.0104939	0.553678	0	0.184559	0.099088	0	0	1	0.8125	0.09375	0	0.0444712	0.00145907	0	
68	0.917704	0.0822959	0	0.09375	0.046875	0.647627	0.717486	0.717486	0.00258564	0.046875	0.305901	0.917704	0.917704	0.187151	0.191945	0.575836	0	0.073686	0.488625	0	0.162875	0.149471	0	0	0	0.8125	0.046875	0	0.0144231	0.000392936	0	
68	0.545406	0.454594	0	0.125	0.0625	0.61387	0.619955	0.619955	3.55203e-05	0.0625	0.136351	0.46311	0.46311	0.0367191	0.0844999	0.28698	0	0.0140999	0.450909	0.150303	0	0.0819762	0	0	1	0.8125	0.0625	0	0.03125	0.000713642	1	
68	0.164592	0.835408	0	0.125	0.0625	0.654485	0.670181	0.670181	0.000422928	0.0625	0.0411479	0.0822959	0.0822959	0.00169315	0.0265432	0.0551532	0	0.000706678	0.452331	0.150777	0	0.0248167	0	0	1	0.8125	0.0625	0	0.0240385	0.000511395	0	
68	0.917704	0.0822959	0	0.0625	0.03125	0.619666	0.630192	0.630192	0.000110803	0.03125	0.458852	0.917704	0.917704	0.210545	0.279505	0.55901	0	0.078123	0.504797	0	0.168266	0.154418	0	0	0	0.8125	0.03125	0	0.00961538	0.000170465	0	
68	0.0822959	0.917704	0	0.0625	0.03125	0.636638	0.643083	0.643083	4.15453e-05	0.03125	0.0411479	0.0822959	0.0822959	0.00169315	0.0264616	0.0529231	0	0.000700214	0.401602	0	0.133867	0.0110167	0	0	1	0.8125	0.03125	0	0.0132212	0.000219582	0	
68	0.917704	0.0822959	0	0.03125	0.015625	0.60914	0.60914	0.60914	0	0.015625	0.917704	0.917704	0.917704	0	0.55901	0.55901	0.55901	0	0.534784	0	0.178261	0.163591	0	0	0	0.8125	0.015625	0	0.00360577	4.33386e-05	0	
68	0.0822959	0.917704	0	0.03125	0.015625	0.643083	0.643083	0.643083	0	0.015625	0.0822959	0.0822959	0.0822959	0	0.0529231	0.0529231	0.0529231	0	0.308916	0	0.102972	0.00847417	0	0	1	0.8125	0.015625	0	0.00721154	6.0674e-05	0	
69	0.949902	0.0500975	0	0.21875	0.109375	0.620559	0.653853	0.653853	0.000787027	0.109375	0.1357	0.899805	0.899805	0.0976081	0.0887242	0.58834	0	0.0417301	0.553678	0	0.184559	0.175313	0	0	1	0.6875	0.109375	0	0.0539773	0.00188049	1	
69	0.899805	0.100195	0	0.3125	0.15625	0.6406	0.70249	0.70249	0.00118346	0.15625	0.0899805	0.899805	0.899805	0.0728684	0.058834	0.58834	0	0.0311529	0.688755	0	0.229585	0.206582	0	0	0	0.6875	0.15625	0	0.0667614	0.00355517	0	
69	0.0500975	0.949902	0	0.09375	0.046875	0.704874	0.841346	0.841346	0.00934	0.046875	0.0166992	0.0500975	0.0500975	0.000557725	0.010739	0.0322169	0	0.000230651	0.302638	0.100879	0	0.00505381	0	0	1	0.6875	0.046875	0	0.0142045	0.00041968	0	
69	0.0500975	0.949902	0	0.0625	0.03125	0.636638	0.643083	0.643083	4.15453e-05	0.03125	0.0250488	0.0500975	0.0500975	0.00062744	0.0161084	0.0322169	0	0.000259482	0.430089	0	0.143363	0.00718214	0	0	1	0.6875	0.03125	0	0.00852273	0.000193698	0	
69	0.0500975	0.949902	0	0.03125	0.015625	0.643083	0.643083	0.643083	0	0.015625	0.0500975	0.0500975	0.0500975	0	0.0322169	0.0322169	0.0322169	0	0.319483	0	0.106494	0.00533509	0	0	1	0.6875	0.015625	0	0.00426136	4.84246e-05	0	
69	0.970332	0.0296678	0	0.0625	0.03125	0.599318	0.600447	0.600447	1.27554e-06	0.03125	0.485166	0.970332	0.970332	0.235386	0.290221	0.580442	0	0.0842281	0.49225	0	0.164083	0.159215	0	0	1	0.6875	0.03125	0	0.0127841	0.000213875	0	
69	0.0296678	0.970332	0	0.0625	0.03125	0.753069	0.841346	0.841346	0.00779277	0.03125	0.0148339	0.0296678	0.0296678	0.000220045	0.00986148	0.019723	0	9.72487e-05	0.456699	0	0.152233	0.00451642	0	0	0	0.6875	0.03125	0	0.0127841	0.000213875	0	
69	0.0296678	0.970332	0	0.0625	0.03125	0.63262	0.664793	0.664793	0.00103507	0.03125	0.0148339	0.0296678	0.0296678	0.000220045	0.00986148	0.019723	0	9.72487e-05	0.427176	0	0.142392	0.00422446	0	0	0	0.6875	0.03125	0	0.0127841	0.000213875	0	
69	0.0500975	0.949902	0	0.0625	0.03125	0.636638	0.643083	0.643083	4.15453e-05	0.03125	0.0250488	0.0500975	0.0500975	0.00062744	0.0161084	0.0322169	0	0.000259482	0.401602	0	0.133867	0.00670642	0	0	1	0.6875	0.03125	0	0.00852273	0.000193698	0	
69	0.0500975	0.949902	0	0.03125	0.015625	0.643083	0.643083	0.643083	0	0.015625	0.0500975	0.0500975	0.0500975	0	0.0322169	0.0322169	0.0322169	0	0.308916	0	0.102972	0.00515864	0	0	1	0.6875	0.015625	0	0.00426136	4.84246e-05	0	
70	0.219153	0.780847	0	0.09375	0.046875	0.647627	0.717486	0.717486	0.00258564	0.046875	0.0730511	0.219153	0.219153	0.0106729	0.0458377	0.137513	0	0.00420219	0.427257	0.142419	0	0.0312116	0	0	0	0.6875	0.046875	0	0.0127841	0.000435821	0	
70	0.219153	0.780847	0	0.09375	0.046875	0.647627	0.717486	0.717486	0.00258564	0.046875	0.0730511	0.219153	0.219153	0.0106729	0.0458377	0.137513	0	0.00420219	0.488625	0	0.162875	0.0356946	0	0	0	0.6875	0.046875	0	0.0127841	0.000435821	0	
70	0.829479	0.170521	0	0.0625	0.03125	0.631403	0.680983	0.680983	0.0024581	0.03125	0.414739	0.829479	0.829479	0.172009	0.28243	0.564861	0	0.0797669	0.437991	0	0.145997	0.121101	0	0	0	0.6875	0.03125	0	0.00710227	0.000149309	0	
70	0.829479	0.170521	0	0.09375	0.046875	0.668595	0.680983	0.680983	9.23091e-05	0.046875	0.276493	0.829479	0.829479	0.152897	0.188287	0.564861	0	0.0709039	0.51328	0.171093	0	0.141918	0	0	0	0.6875	0.046875	0	0.0113636	0.00031476	0	
70	0.829479	0.170521	0	0.0625	0.03125	0.631403	0.680983	0.680983	0.0024581	0.03125	0.414739	0.829479	0.829479	0.172009	0.28243	0.564861	0	0.0797669	0.487192	0	0.162397	0.134705	0	0	0	0.6875	0.03125	0	0.00710227	0.000149309	1	
70	0.829479	0.170521	0	0.0625	0.03125	0.631403	0.680983	0.680983	0.0024581	0.03125	0.414739	0.829479	0.829479	0.172009	0.28243	0.564861	0	0.0797669	0.352116	0	0.117372	0.0973576	0	0	0	0.6875	0.03125	0	0.00710227	0.000149309	0	
70	0.219153	0.780847	0	0.09375	0.046875	0.61853	0.630192	0.630192	0.000213565	0.046875	0.0730511	0.219153	0.219153	0.0106729	0.0458377	0.137513	0	0.00420219	0.302638	0.100879	0	0.022108	0	0	1	0.6875	0.046875	0	0.0127841	0.000435821	0	
70	0.219153	0.780847	0	0.03125	0.015625	0.627474	0.627474	0.627474	0	0.015625	0.219153	0.219153	0.219153	0	0.137513	0.137513	0.137513	0	0.319483	0	0.106494	0.0233385	0	0	1	0.6875	0.015625	0	0.00426136	4.84246e-05	0	
70	0.951368	0.048632	0	0.0625	0.03125	0.599318	0.600447	0.600447	1.27554e-06	0.03125	0.475684	0.951368	0.951368	0.226275	0.284549	0.569097	0	0.080968	0.442329	0.147443	0	0.140272	0	0	1	0.6875	0.03125	0	0.00994318	0.000189663	0	
70	0.951368	0.048632	0	0.0625	0.03125	0.599318	0.600447	0.600447	1.27554e-06	0.03125	0.475684	0.951368	0.951368	0.226275	0.284549	0.569097	0	0.080968	0.49225	0	0.164083	0.156104	0	0	1	0.6875	0.03125	0	0.00994318	0.000189663	0	
71	0.577907	0.422093	0	0.09375	0.046875	0.647627	0.717486	0.717486	0.00258564	0.046875	0.192636	0.577907	0.577907	0.074217	0.120874	0.362622	0	0.029221	0.427257	0.142419	0	0.0823049	0	0	0	0.5	0.046875	0	0.0175781	0.000514984	0	
71	0.577907	0.422093	0	0.09375	0.046875	0.647627	0.717486	0.717486	0.00258564	0.046875	0.192636	0.577907	0.577907	0.074217	0.120874	0.362622	0	0.029221	0.488625	0	0.162875	0.0941267	0	0	0	0.5	0.046875	0	0.0175781	0.000514984	0	
71	0.751867	0.248133	0	0.03125	0.015625	0.581824	0.581824	0.581824	0	0.015625	0.751867	0.751867	0.751867	0	0.437454	0.437454	0.437454	0	0.437991	0	0.145997	0.10977	0	0	0	0.5	0.015625	0	0.00390625	4.57764e-05	0	
71	0.670226	0.329774	0	0.125	0.0625	0.627966	0.636282	0.636282	6.64282e-05	0.0625	0.167557	0.670226	0.670226	0.0842256	0.103877	0.41551	0	0.0323716	0.487525	0.162508	0	0.108917	0	0	1	0.5	0.0625	0	0.0371094	0.000606537	0	
71	0.751867	0.248133	0	0.03125	0.015625	0.581824	0.581824	0.581824	0	0.015625	0.751867	0.751867	0.751867	0	0.437454	0.437454	0.437454	0	0.487192	0	0.162397	0.122101	0	0	0	0.5	0.015625	0	0.00390625	4.57764e-05	0	
71	0.670226	0.329774	0	0.0625	0.03125	0.65381	0.687666	0.687666	0.00114619	0.03125	0.335113	0.670226	0.670226	0.112301	0.207755	0.41551	0	0.0431621	0.452331	0.150777	0	0.101055	0	0	1	0.5	0.03125	0	0.0136719	0.000148773	0	
71	0.751867	0.248133	0	0.03125	0.015625	0.581824	0.581824	0.581824	0	0.015625	0.751867	0.751867	0.751867	0	0.437454	0.437454	0.437454	0	0.352116	0	0.117372	0.0882481	0	0	0	0.5	0.015625	0	0.00390625	4.57764e-05	0	
71	0.577907	0.422093	0	0.0625	0.03125	0.612698	0.627474	0.627474	0.000218333	0.03125	0.288954	0.577907	0.577907	0.0834942	0.181311	0.362622	0	0.0328737	0.302638	0.100879	0	0.0582989	0	0	1	0.5	0.03125	0	0.0117188	0.000228882	1	
71	0.577907	0.422093	0	0.03125	0.015625	0.627474	0.627474	0.627474	0	0.015625	0.577907	0.577907	0.577907	0	0.362622	0.362622	0.362622	0	0.319483	0	0.106494	0.0615437	0	0	1	0.5	0.015625	0	0.00585938	5.72205e-05	0	
72	0.00246792	0.997532	0	0.03125	0.015625	0.717486	0.717486	0.717486	0	0.015625	0.00246792	0.00246792	0.00246792	0	0.0017707	0.0017707	0.0017707	0	0.316741	0	0.10558	0.000260564	0	0	0	0.8125	0.015625	0	0.00480769	5.20063e-05	0	
72	0.787311	0.212689	0	0.03125	0.015625	0.581824	0.581824	0.581824	0	0.015625	0.787311	0.787311	0.787311	0	0.458076	0.458076	0.458076	0	0.437991	0	0.145997	0.114945	0	0	0	0.8125	0.015625	0	0.00240385	3.17816e-05	1	
72	0.00246792	0.997532	0	0.03125	0.015625	0.717486	0.717486	0.717486	0	0.015625	0.00246792	0.00246792	0.00246792	0	0.0017707	0.0017707	0.0017707	0	0.408196	0.136065	0	0.000335799	0	0	0	0.8125	0.015625	0	0.00480769	5.20063e-05	0	
72	0.207753	0.792247	0	0.25	0.125	0.659784	0.7914	0.7914	0.00303053	0.125	0.0259692	0.207753	0.207753	0.00472078	0.0160997	0.128798	0	0.0018144	0.450909	0.150303	0	0.031226	0	0	1	0.8125	0.125	0	0.0504808	0.00210914	0	
72	0.787311	0.212689	0	0.0625	0.03125	0.686612	0.7914	0.7914	0.0109805	0.03125	0.393655	0.787311	0.787311	0.154965	0.229038	0.458076	0	0.0524585	0.487192	0	0.162397	0.127857	0	0	0	0.8125	0.03125	0	0.00600962	0.000132905	1	
72	0.415507	0.584493	0	0.15625	0.078125	0.691817	0.7914	0.7914	0.00310735	0.078125	0.0831013	0.207753	0.207753	0.0103587	0.0543881	0.143143	0	0.00445768	0.452331	0.150777	0	0.0626489	0	0	1	0.8125	0.078125	0	0.0252404	0.000733866	1	
72	0.787311	0.212689	0	0.0625	0.03125	0.686612	0.7914	0.7914	0.0109805	0.03125	0.393655	0.787311	0.787311	0.154965	0.229038	0.458076	0	0.0524585	0.352116	0	0.117372	0.0924083	0	0	0	0.8125	0.03125	0	0.00600962	0.000132905	1	
72	0.00493585	0.995064	0	0.09375	0.046875	0.695633	0.717283	0.717283	0.00048425	0.046875	0.00164528	0.00246792	0.00246792	1.35348e-06	0.00116934	0.0017702	0	6.83858e-07	0.52375	0.174583	0	0.000861716	0	0	0	0.8125	0.046875	0	0.0132212	0.000369822	0	
72	0.00493585	0.995064	0	0.09375	0.046875	0.695633	0.717283	0.717283	0.00048425	0.046875	0.00164528	0.00246792	0.00246792	1.35348e-06	0.00116934	0.0017702	0	6.83858e-07	0.504797	0	0.168266	0.000830534	0	0	0	0.8125	0.046875	0	0.0132212	0.000369822	0	
72	0.00493585	0.995064	0	0.09375	0.046875	0.695633	0.717283	0.717283	0.00048425	0.046875	0.00164528	0.00246792	0.00246792	1.35348e-06	0.00116934	0.0017702	0	6.83858e-07	0.401602	0	0.133867	0.000660749	0	0	1	0.8125	0.046875	0	0.0132212	0.000369822	0	
73	1	1.11022e-16	-0.252214	0.375	0.1875	0.67725	0.703419	0.703419	0.000737991	0.1875	0.0833333	0.899805	0.899805	0.0609446	0.0546924	0.58834	0	0.0260468	0.549041	0.183014	0	0.183014	0	0	0	0.875	0.1875	0	0.0770089	0.00430609	0	
73	0.899805	0.100195	0	0.3125	0.15625	0.6406	0.70249	0.70249	0.00118346	0.15625	0.0899805	0.899805	0.899805	0.0728684	0.058834	0.58834	0	0.0311529	0.688755	0	0.229585	0.206582	0	0	0	0.875	0.15625	0	0.0591518	0.00304055	0	
73	0.0500975	0.949902	0	0.15625	0.078125	0.767001	0.878246	0.878246	0.011524	0.078125	0.0100195	0.0500975	0.0500975	0.000401562	0.00644338	0.0322169	0	0.000166068	0.302638	0.100879	0	0.00505381	0	0	1	0.875	0.078125	0	0.0212054	0.00103262	0	
73	0.0500975	0.949902	0	0.0625	0.03125	0.636638	0.643083	0.643083	4.15453e-05	0.03125	0.0250488	0.0500975	0.0500975	0.00062744	0.0161084	0.0322169	0	0.000259482	0.430089	0	0.143363	0.00718214	0	0	1	0.875	0.03125	0	0.00669643	0.000164421	0	
73	0.0500975	0.949902	0	0.03125	0.015625	0.643083	0.643083	0.643083	0	0.015625	0.0500975	0.0500975	0.0500975	0	0.0322169	0.0322169	0.0322169	0	0.319483	0	0.106494	0.00533509	0	0	1	0.875	0.015625	0	0.00334821	4.11053e-05	0	
73	0.928093	0.0719074	0	0.09375	0.046875	0.680258	0.842137	0.842137	0.0131033	0.046875	0.309364	0.928093	0.928093	0.191412	0.185058	0.555174	0	0.068493	0.49225	0	0.164083	0.152285	0	0	1	0.875	0.046875	0	0.0145089	0.00043472	0	
73	0.0218098	0.97819	0	0.0625	0.03125	0.753069	0.841346	0.841346	0.00779277	0.03125	0.0109049	0.0218098	0.0218098	0.000118917	0.00724951	0.014499	0	5.25554e-05	0.456699	0	0.152233	0.00332018	0	0	0	0.875	0.03125	0	0.0100446	0.000195562	0	
73	0.0218098	0.97819	0	0.0625	0.03125	0.63262	0.664793	0.664793	0.00103507	0.03125	0.0109049	0.0218098	0.0218098	0.000118917	0.00724951	0.014499	0	5.25554e-05	0.427176	0	0.142392	0.00310555	0	0	0	0.875	0.03125	0	0.0100446	0.000195562	0	
73	0.0500975	0.949902	0	0.0625	0.03125	0.636638	0.643083	0.643083	4.15453e-05	0.03125	0.0250488	0.0500975	0.0500975	0.00062744	0.0161084	0.0322169	0	0.000259482	0.401602	0	0.133867	0.00670642	0	0	1	0.875	0.03125	0	0.00669643	0.000164421	1	
73	0.0500975	0.949902	0	0.03125	0.015625	0.643083	0.643083	0.643083	0	0.015625	0.0500975	0.0500975	0.0500975	0	0.0322169	0.0322169	0.0322169	0	0.308916	0	0.102972	0.00515864	0	0	1	0.875	0.015625	0	0.00334821	4.11053e-05	0	
74	0.892046	0.107954	0	0.09375	0.046875	0.647627	0.717486	0.717486	0.00258564	0.046875	0.297349	0.892046	0.892046	0.176832	0.186579	0.559736	0	0.0696231	0.427257	0.142419	0	0.127044	0	0	0	0.625	0.046875	0	0.0171875	0.000461426	0	
74	0.866767	0.133233	0	0.09375	0.046875	0.661991	0.722991	0.722991	0.00259987	0.046875	0.288922	0.866767	0.866767	0.166952	0.192073	0.57622	0	0.0737843	0.455104	0.151701	0	0.13149	0	0	1	0.625	0.046875	0	0.0171875	0.000412598	0	
74	0.866767	0.133233	0	0.125	0.0625	0.623045	0.664793	0.664793	0.000725975	0.0625	0.216692	0.866767	0.866767	0.140866	0.144055	0.57622	0	0.0622555	0.442329	0.147443	0	0.127799	0	0	1	0.625	0.0625	0	0.021875	0.000791016	1	
74	0.133233	0.866767	0	0.15625	0.078125	0.634743	0.722991	0.722991	0.00209324	0.078125	0.0266467	0.133233	0.133233	0.00284018	0.0166098	0.0830491	0	0.00110354	0.49225	0	0.164083	0.0218614	0	0	1	0.625	0.078125	0	0.0265625	0.00102783	0	
75	0.849747	0.150253	0	0.09375	0.046875	0.647627	0.717486	0.717486	0.00258564	0.046875	0.283249	0.849747	0.849747	0.16046	0.177731	0.533194	0	0.0631769	0.427257	0.142419	0	0.12102	0	0	0	0.75	0.046875	0	0.015625	0.000406901	0	
75	0.637252	0.362748	0	0.1875	0.09375	0.621482	0.670181	0.670181	0.00115607	0.09375	0.106209	0.486998	0.486998	0.0320103	0.0661699	0.296322	0	0.011946	0.553678	0	0.184559	0.117611	0	0	1	0.75	0.09375	0	0.046875	0.00142415	0	
75	0.849747	0.150253	0	0.09375	0.046875	0.647627	0.717486	0.717486	0.00258564	0.046875	0.283249	0.849747	0.849747	0.16046	0.177731	0.533194	0	0.0631769	0.488625	0	0.162875	0.138403	0	0	0	0.75	0.046875	0	0.015625	0.000406901	0	
75	0.513002	0.486998	0	0.1875	0.09375	0.631991	0.670052	0.670052	0.000539232	0.09375	0.0855003	0.362748	0.362748	0.0183834	0.0529897	0.224788	0	0.00705984	0.487525	0.162508	0	0.0833671	0	0	1	0.75	0.09375	0	0.0442708	0.00125461	1	
75	0.300507	0.699493	0	0.125	0.0625	0.654485	0.670181	0.670181	0.000422928	0.0625	0.0751267	0.150253	0.150253	0.00564402	0.0484618	0.100697	0	0.00235567	0.452331	0.150777	0	0.0453096	0	0	1	0.75	0.0625	0	0.0234375	0.000467936	0	
75	0.849747	0.150253	0	0.0625	0.03125	0.619666	0.630192	0.630192	0.000110803	0.03125	0.424873	0.849747	0.849747	0.180517	0.258807	0.517614	0	0.0669811	0.504797	0	0.168266	0.142983	0	0	0	0.75	0.03125	0	0.0104167	0.000176324	0	
75	0.150253	0.849747	0	0.0625	0.03125	0.636638	0.643083	0.643083	4.15453e-05	0.03125	0.0751267	0.150253	0.150253	0.00564402	0.0483127	0.0966255	0	0.00233412	0.401602	0	0.133867	0.020114	0	0	1	0.75	0.03125	0	0.0143229	0.0002221	0	
75	0.849747	0.150253	0	0.03125	0.015625	0.60914	0.60914	0.60914	0	0.015625	0.849747	0.849747	0.849747	0	0.517614	0.517614	0.517614	0	0.534784	0	0.178261	0.151477	0	0	0	0.75	0.015625	0	0.00390625	4.57764e-05	0	
75	0.150253	0.849747	0	0.03125	0.015625	0.643083	0.643083	0.643083	0	0.015625	0.150253	0.150253	0.150253	0	0.0966255	0.0966255	0.0966255	0	0.308916	0	0.102972	0.0154719	0	0	1	0.75	0.015625	0	0.0078125	6.10352e-05	0	
76	0.646853	0.353147	0	0.125	0.0625	0.653048	0.717486	0.717486	0.00202738	0.0625	0.161713	0.646853	0.646853	0.0784536	0.101471	0.405884	0	0.0308891	0.427257	0.142419	0	0.0921242	0	0	0	0.8125	0.0625	0	0.0192308	0.00071942	0	
76	0.27471	0.72529	0	0.21875	0.109375	0.60722	0.635794	0.635794	0.000467886	0.109375	0.0392443	0.27471	0.27471	0.00924067	0.0238362	0.166853	0	0.00340899	0.553678	0	0.184559	0.0507003	0	0	1	0.8125	0.109375	0	0.0504808	0.00147062	1	
76	0.646853	0.353147	0	0.125	0.0625	0.653048	0.717486	0.717486	0.00202738	0.0625	0.161713	0.646853	0.646853	0.0784536	0.101471	0.405884	0	0.0308891	0.488625	0	0.162875	0.105356	0	0	0	0.8125	0.0625	0	0.0192308	0.00071942	0	
76	0.0784367	0.921563	0	0.03125	0.015625	0.581824	0.581824	0.581824	0	0.015625	0.0784367	0.0784367	0.0784367	0	0.0456363	0.0456363	0.0456363	0	0.437991	0	0.145997	0.0114515	0	0	0	0.8125	0.015625	0	0.00240385	3.17816e-05	1	
76	0.27471	0.72529	0	0.1875	0.09375	0.625368	0.636282	0.636282	0.000127268	0.09375	0.045785	0.27471	0.27471	0.0104813	0.0278089	0.166853	0	0.00386667	0.487525	0.162508	0	0.0446427	0	0	1	0.8125	0.09375	0	0.0528846	0.00110947	0	
76	0.0784367	0.921563	0	0.03125	0.015625	0.581824	0.581824	0.581824	0	0.015625	0.0784367	0.0784367	0.0784367	0	0.0456363	0.0456363	0.0456363	0	0.487192	0	0.162397	0.0127379	0	0	0	0.8125	0.015625	0	0.00240385	3.17816e-05	1	
76	0.0784367	0.921563	0	0.03125	0.015625	0.581824	0.581824	0.581824	0	0.015625	0.0784367	0.0784367	0.0784367	0	0.0456363	0.0456363	0.0456363	0	0.352116	0	0.117372	0.00920627	0	0	0	0.8125	0.015625	0	0.00240385	3.17816e-05	1	
76	0.646853	0.353147	0	0.03125	0.015625	0.627474	0.627474	0.627474	0	0.015625	0.646853	0.646853	0.646853	0	0.405884	0.405884	0.405884	0	0.319483	0	0.106494	0.0688861	0	0	1	0.8125	0.015625	0	0.00480769	5.20063e-05	0	
76	0.646853	0.353147	0	0.03125	0.015625	0.632128	0.632128	0.632128	0	0.015625	0.646853	0.646853	0.646853	0	0.408894	0.408894	0.408894	0	0.52375	0.174583	0	0.11293	0	0	0	0.8125	0.015625	0	0.00480769	5.20063e-05	0	
76	0.353147	0.646853	0	0.03125	0.015625	0.639043	0.639043	0.639043	0	0.015625	0.353147	0.353147	0.353147	0	0.225676	0.225676	0.225676	0	0.308916	0	0.102972	0.0363642	0	0	1	0.8125	0.015625	0	0.00600962	5.77848e-05	0	
77	0.736684	0.263316	0	0.21875	0.109375	0.624172	0.636282	0.636282	0.000117672	0.109375	0.105241	0.530113	0.530113	0.035166	0.064284	0.32198	0	0.0130186	0.487525	0.162508	0	0.119717	0	0	1	0.625	0.109375	0	0.05	0.00155273	1	
77	0.736684	0.263316	0	0.21875	0.109375	0.630883	0.692139	0.692139	0.00071572	0.109375	0.105241	0.530113	0.530113	0.035166	0.064284	0.32198	0	0.0130186	0.450909	0.150303	0	0.110726	0	0	1	0.625	0.109375	0	0.053125	0.00157227	0	
77	0.866602	0.133398	0	0.03125	0.015625	0.643083	0.643083	0.643083	0	0.015625	0.866602	0.866602	0.866602	0	0.557297	0.557297	0.557297	0	0.302638	0.100879	0	0.0874223	0	0	1	0.625	0.015625	0	0.0046875	5.12695e-05	0	
77	0.866602	0.133398	0	0.03125	0.015625	0.643083	0.643083	0.643083	0	0.015625	0.866602	0.866602	0.866602	0	0.557297	0.557297	0.557297	0	0.430089	0	0.143363	0.124239	0	0	1	0.625	0.015625	0	0.0046875	5.12695e-05	0	
77	0.866602	0.133398	0	0.03125	0.015625	0.643083	0.643083	0.643083	0	0.015625	0.866602	0.866602	0.866602	0	0.557297	0.557297	0.557297	0	0.319483	0	0.106494	0.092288	0	0	1	0.625	0.015625	0	0.0046875	5.12695e-05	0	
77	0.866602	0.133398	0	0.03125	0.015625	0.643083	0.643083	0.643083	0	0.015625	0.866602	0.866602	0.866602	0	0.557297	0.557297	0.557297	0	0.401602	0	0.133867	0.11601	0	0	1	0.625	0.015625	0	0.0046875	5.12695e-05	0	
77	0.866602	0.133398	0	0.03125	0.015625	0.643083	0.643083	0.643083	0	0.015625	0.866602	0.866602	0.866602	0	0.557297	0.557297	0.557297	0	0.308916	0	0.102972	0.0892357	0	0	1	0.625	0.015625	0	0.0046875	5.12695e-05	0	
78	0.871455	0.128545	0	0.21875	0.109375	0.620559	0.653853	0.653853	0.000787027	0.109375	0.124494	0.871455	0.871455	0.092992	0.0814005	0.569803	0	0.0397562	0.553678	0	0.184559	0.160835	0	0	1	0.625	0.109375	0	0.0640625	0.00168213	1	
78	0.0500975	0.949902	0	0.0625	0.03125	0.636638	0.643083	0.643083	4.15453e-05	0.03125	0.0250488	0.0500975	0.0500975	0.00062744	0.0157855	0.0315711	0	0.000249183	0.302638	0.100879	0	0.00505381	0	0	1	0.625	0.03125	0	0.0109375	0.000197754	0	
79	0.173251	0.826749	0	0.09375	0.046875	0.647627	0.717486	0.717486	0.00258564	0.046875	0.0577504	0.173251	0.173251	0.00667022	0.0362369	0.108711	0	0.00262623	0.427257	0.142419	0	0.0246743	0	0	0	0.8125	0.046875	0	0.0144231	0.000392936	0	
79	0.207306	0.792694	0	0.1875	0.09375	0.621482	0.670181	0.670181	0.00115607	0.09375	0.0345509	0.207306	0.207306	0.00596884	0.0231554	0.138932	0	0.00268086	0.553678	0	0.184559	0.0382602	0	0	1	0.8125	0.09375	0	0.0492788	0.00145907	0	
79	0.173251	0.826749	0	0.09375	0.046875	0.647627	0.717486	0.717486	0.00258564	0.046875	0.0577504	0.173251	0.173251	0.00667022	0.0362369	0.108711	0	0.00262623	0.488625	0	0.162875	0.0282183	0	0	0	0.8125	0.046875	0	0.0144231	0.000392936	0	
79	0.619443	0.380557	0	0.03125	0.015625	0.581824	0.581824	0.581824	0	0.015625	0.619443	0.619443	0.619443	0	0.360407	0.360407	0.360407	0	0.437991	0	0.145997	0.0904368	0	0	0	0.8125	0.015625	0	0.00240385	3.17816e-05	1	
79	0.619443	0.380557	0	0.03125	0.015625	0.581824	0.581824	0.581824	0	0.015625	0.619443	0.619443	0.619443	0	0.360407	0.360407	0.360407	0	0.487192	0	0.162397	0.100596	0	0	0	0.8125	0.015625	0	0.00240385	3.17816e-05	1	
79	0.414611	0.585389	0	0.125	0.0625	0.654485	0.670181	0.670181	0.000422928	0.0625	0.103653	0.207306	0.207306	0.0107439	0.0668631	0.138932	0	0.00448423	0.452331	0.150777	0	0.0625139	0	0	1	0.8125	0.0625	0	0.0264423	0.000502727	0	
79	0.619443	0.380557	0	0.03125	0.015625	0.581824	0.581824	0.581824	0	0.015625	0.619443	0.619443	0.619443	0	0.360407	0.360407	0.360407	0	0.352116	0	0.117372	0.0727053	0	0	0	0.8125	0.015625	0	0.00240385	3.17816e-05	1	
79	0.173251	0.826749	0	0.0625	0.03125	0.619666	0.630192	0.630192	0.000110803	0.03125	0.0866256	0.173251	0.173251	0.007504	0.0527671	0.105534	0	0.00278437	0.504797	0	0.168266	0.0291523	0	0	0	0.8125	0.03125	0	0.00961538	0.000170465	0	
79	0.826749	0.173251	0	0.0625	0.03125	0.636638	0.643083	0.643083	4.15453e-05	0.03125	0.413374	0.826749	0.826749	0.170878	0.265834	0.531668	0	0.0706678	0.401602	0	0.133867	0.110675	0	0	1	0.8125	0.03125	0	0.0132212	0.000219582	0	
79	0.173251	0.826749	0	0.03125	0.015625	0.60914	0.60914	0.60914	0	0.015625	0.173251	0.173251	0.173251	0	0.105534	0.105534	0.105534	0	0.534784	0	0.178261	0.030884	0	0	0	0.8125	0.015625	0	0.00360577	4.33386e-05	0	
79	0.826749	0.173251	0	0.03125	0.015625	0.643083	0.643083	0.643083	0	0.015625	0.826749	0.826749	0.826749	0	0.531668	0.531668	0.531668	0	0.308916	0	0.102972	0.0851319	0	0	1	0.8125	0.015625	0	0.00721154	6.0674e-05	0	
80	0.339864	0.660136	0	0.1875	0.09375	0.612041	0.653314	0.653314	0.000623331	0.09375	0.0566439	0.339864	0.339864	0.0160427	0.034466	0.206796	0	0.00593952	0.553678	0	0.184559	0.062725	0	0	1	0.4375	0.09375	0	0.0401786	0.00215242	0	
80	0.660136	0.339864	0	0.15625	0.078125	0.623543	0.653575	0.653575	0.000246434	0.078125	0.132027	0.660136	0.660136	0.0697248	0.0818146	0.409073	0	0.0267745	0.487525	0.162508	0	0.107278	0	0	1	0.4375	0.078125	0	0.03125	0.00111607	0	
80	0.451441	0.548559	0	0.125	0.0625	0.617226	0.643083	0.643083	0.000755632	0.0625	0.11286	0.451441	0.451441	0.0382123	0.0708169	0.283268	0	0.0150451	0.319483	0	0.106494	0.0480759	0	0	1	0.4375	0.0625	0	0.0379464	0.00068758	1	
81	0.394532	0.605468	0	0.1875	0.09375	0.612041	0.653314	0.653314	0.000623331	0.09375	0.0657554	0.394532	0.394532	0.0216189	0.04001	0.24006	0	0.00800399	0.553678	0	0.184559	0.0728146	0	0	1	0.75	0.09375	0	0.0455729	0.00164625	0	
81	0.431689	0.568311	0	0.03125	0.015625	0.570915	0.570915	0.570915	0	0.015625	0.431689	0.431689	0.431689	0	0.246457	0.246457	0.246457	0	0.488625	0	0.162875	0.0703113	0	0	0	0.75	0.015625	0	0.00390625	4.57764e-05	0	
81	0.394532	0.605468	0	0.0625	0.03125	0.662401	0.667235	0.667235	2.3371e-05	0.03125	0.197266	0.394532	0.394532	0.0389139	0.129716	0.259431	0	0.0168261	0.51328	0.171093	0	0.0675019	0	0	0	0.75	0.03125	0	0.00651042	0.00014072	0	
81	0.394532	0.605468	0	0.09375	0.046875	0.648252	0.667235	0.667235	0.000415953	0.046875	0.131511	0.394532	0.394532	0.0345902	0.0864771	0.259431	0	0.0149566	0.452331	0.150777	0	0.0594865	0	0	1	0.75	0.046875	0	0.0117188	0.000330607	1	
81	0.605468	0.394532	0	0.09375	0.046875	0.61473	0.643083	0.643083	0.000987594	0.046875	0.201823	0.431689	0.431689	0.0314524	0.119404	0.246457	0	0.0101528	0.302638	0.100879	0	0.0610792	0	0	1	0.75	0.046875	0	0.0117188	0.000411987	0	
81	0.173779	0.826221	0	0.0625	0.03125	0.636638	0.643083	0.643083	4.15453e-05	0.03125	0.0868895	0.173779	0.173779	0.00754979	0.0558772	0.111754	0	0.00312226	0.430089	0	0.143363	0.0249135	0	0	1	0.75	0.03125	0	0.0078125	0.000183105	0	
81	0.605468	0.394532	0	0.0625	0.03125	0.606999	0.643083	0.643083	0.00130208	0.03125	0.302734	0.431689	0.431689	0.0166293	0.179106	0.246457	0.111754	0.00453622	0.319483	0	0.106494	0.0644788	0	0	1	0.75	0.03125	0	0.0078125	0.000183105	0	
81	0.173779	0.826221	0	0.0625	0.03125	0.636638	0.643083	0.643083	4.15453e-05	0.03125	0.0868895	0.173779	0.173779	0.00754979	0.0558772	0.111754	0	0.00312226	0.401602	0	0.133867	0.0232633	0	0	1	0.75	0.03125	0	0.0078125	0.000183105	0	
81	0.173779	0.826221	0	0.03125	0.015625	0.643083	0.643083	0.643083	0	0.015625	0.173779	0.173779	0.173779	0	0.111754	0.111754	0.111754	0	0.308916	0	0.102972	0.0178944	0	0	1	0.75	0.015625	0	0.00390625	4.57764e-05	0	
82	0.896665	0.103335	0	0.28125	0.140625	0.633723	0.692139	0.692139	0.00084207	0.140625	0.0996295	0.896665	0.896665	0.0794083	0.065143	0.586287	0	0.0339489	0.688755	0	0.229585	0.205861	0	0	0	0.6875	0.140625	0	0.0625	0.00261896	1	
82	0.0500975	0.949902	0	0.0625	0.03125	0.636638	0.643083	0.643083	4.15453e-05	0.03125	0.0250488	0.0500975	0.0500975	0.00062744	0.0157855	0.0315711	0	0.000249183	0.302638	0.100879	0	0.00505381	0	0	1	0.6875	0.03125	0	0.00994318	0.000189663	0	
83	0.0199047	0.980095	0	0.0625	0.03125	0.643595	0.667235	0.667235	0.000558862	0.03125	0.00995234	0.0199047	0.0199047	9.90492e-05	0.00617	0.01234	0	3.80689e-05	0.452331	0.150777	0	0.00300117	0	0	1	0.5625	0.03125	0	0.00694444	0.000168789	0	
83	0.616141	0.383859	0	0.09375	0.046875	0.664008	0.729042	0.729042	0.00285408	0.046875	0.20538	0.616141	0.616141	0.0843622	0.136535	0.409606	0	0.0372838	0.455104	0.151701	0	0.0934694	0	0	1	0.5625	0.046875	0	0.0190972	0.000421971	1	
83	0.980095	0.0199047	0	0.09375	0.046875	0.638823	0.729042	0.729042	0.00446221	0.046875	0.326698	0.980095	0.980095	0.213464	0.186038	0.558115	0	0.0692205	0.605846	0	0.201949	0.197929	0	0	1	0.5625	0.046875	0	0.0190972	0.000367718	0	
83	0.383859	0.616141	0	0.09375	0.046875	0.609129	0.62875	0.62875	0.000193354	0.046875	0.127953	0.383859	0.383859	0.0327439	0.0804505	0.241351	0	0.0129446	0.49225	0	0.164083	0.0629849	0	0	1	0.5625	0.046875	0	0.0173611	0.00045814	0	
83	0.616141	0.383859	0	0.0625	0.03125	0.63262	0.664793	0.664793	0.00103507	0.03125	0.308071	0.616141	0.616141	0.0949074	0.204803	0.409606	0	0.0419443	0.427176	0	0.142392	0.0877336	0	0	0	0.5625	0.03125	0	0.0121528	0.000204958	1	
84	0.339864	0.660136	0	0.1875	0.09375	0.612041	0.653314	0.653314	0.000623331	0.09375	0.0566439	0.339864	0.339864	0.0160427	0.034466	0.206796	0	0.00593952	0.553678	0	0.184559	0.062725	0	0	1	0.8125	0.09375	0	0.0408654	0.00171043	1	
84	0.455348	0.544652	0	0.09375	0.046875	0.669495	0.717486	0.717486	0.0011532	0.046875	0.151783	0.455348	0.455348	0.046076	0.098214	0.294642	0	0.019292	0.316741	0	0.10558	0.0480759	0	0	0	0.8125	0.046875	0	0.015625	0.000450721	0	
84	0.660136	0.339864	0	0.1875	0.09375	0.629214	0.657567	0.657567	0.000366139	0.09375	0.110023	0.660136	0.660136	0.060525	0.0681788	0.409073	0	0.0232418	0.487525	0.162508	0	0.107278	0	0	1	0.8125	0.09375	0	0.0348558	0.00128282	0	
85	0.555897	0.444103	0	0.0625	0.03125	0.579581	0.588248	0.588248	7.51111e-05	0.03125	0.277948	0.555897	0.555897	0.0772553	0.158685	0.31737	0	0.0251809	0.488625	0	0.162875	0.0905417	0	0	0	0.75	0.03125	0	0.0078125	0.000183105	0	
85	0.297552	0.702448	0	0.25	0.125	0.709938	0.944705	0.944705	0.00855383	0.125	0.0371939	0.297552	0.297552	0.00968373	0.0261629	0.209303	0	0.00479149	0.549041	0.183014	0	0.054456	0	0	0	0.75	0.125	0	0.0403646	0.00205315	1	
85	0.702448	0.297552	0	0.34375	0.171875	0.635696	0.70249	0.70249	0.00131639	0.171875	0.063859	0.702448	0.702448	0.0407797	0.0406323	0.446956	0	0.0165099	0.688755	0	0.229585	0.161272	0	0	0	0.75	0.171875	0	0.0638021	0.00400628	0	
85	0.555897	0.444103	0	0.1875	0.09375	0.662874	0.841289	0.841289	0.0081615	0.09375	0.0926495	0.555897	0.555897	0.0429196	0.0528949	0.31737	0	0.0139894	0.302638	0.100879	0	0.0560785	0	0	1	0.75	0.09375	0	0.0234375	0.00164795	0	
85	0.444103	0.555897	0	0.15625	0.078125	0.640078	0.703515	0.703515	0.00131138	0.078125	0.0888207	0.444103	0.444103	0.0315564	0.056146	0.28073	0	0.0126095	0.430089	0	0.143363	0.063668	0	0	1	0.75	0.078125	0	0.0182292	0.00101047	0	
85	0.555897	0.444103	0	0.09375	0.046875	0.600749	0.643083	0.643083	0.000946189	0.046875	0.185299	0.555897	0.555897	0.0686714	0.10579	0.31737	0	0.022383	0.319483	0	0.106494	0.0591998	0	0	1	0.75	0.046875	0	0.0117188	0.000411987	0	
85	0.444103	0.555897	0	0.125	0.0625	0.710595	0.841289	0.841289	0.00633161	0.0625	0.111026	0.444103	0.444103	0.0369802	0.0701825	0.28073	0	0.0147768	0.52375	0.174583	0	0.077533	0	0	0	0.75	0.0625	0	0.015625	0.000732422	0	
85	0.444103	0.555897	0	0.1875	0.09375	0.677341	0.841289	0.841289	0.00655773	0.09375	0.0740172	0.444103	0.444103	0.0273927	0.0467884	0.28073	0	0.0109458	0.504797	0	0.168266	0.0747274	0	0	0	0.75	0.09375	0	0.0221354	0.00148349	0	
86	0.0500975	0.949902	0	0.125	0.0625	0.680611	0.841339	0.841339	0.00877029	0.0625	0.0125244	0.0500975	0.0500975	0.00047058	0.00761268	0.0304507	0	0.000173859	0.302638	0.100879	0	0.00505381	0	0	1	0.9375	0.0625	0	0.00520833	0.000249566	0	
86	0.0500975	0.949902	0	0.0625	0.03125	0.625456	0.643083	0.643083	0.000310719	0.03125	0.0250488	0.0500975	0.0500975	0.00062744	0.0152254	0.0304507	0	0.000231812	0.319483	0	0.106494	0.00533509	0	0	1	0.9375	0.03125	0	0.00208333	6.07639e-05	1	
86	0.0500975	0.949902	0	0.09375	0.046875	0.627035	0.643083	0.643083	0.000212131	0.046875	0.0166992	0.0500975	0.0500975	0.000557725	0.0101502	0.0304507	0	0.000206055	0.401602	0	0.133867	0.00670642	0	0	1	0.9375	0.046875	0	0.003125	0.000136719	0	
87	0.033896	0.966104	0	0.15625	0.078125	0.61143	0.643083	0.643083	0.000738862	0.078125	0.0067792	0.033896	0.033896	0.00018383	0.00425377	0.0212689	0	7.23784e-05	0.319483	0	0.106494	0.00360973	0	0	1	0.6875	0.078125	0	0.0298295	0.00121869	0	
87	0.625409	0.374591	0	0.125	0.0625	0.618027	0.664793	0.664793	0.000744257	0.0625	0.156352	0.625409	0.625409	0.0733382	0.0935282	0.374113	0	0.0262426	0.442329	0.147443	0	0.0922122	0	0	1	0.6875	0.0625	0	0.0213068	0.000811112	1	
87	0.374591	0.625409	0	0.125	0.0625	0.631495	0.664793	0.664793	0.00054355	0.0625	0.0936476	0.374591	0.374591	0.0263096	0.0596916	0.238766	0	0.0106893	0.427176	0	0.142392	0.0533387	0	0	0	0.6875	0.0625	0	0.0184659	0.000657767	0	
88	0.185577	0.814423	0	0.25	0.125	0.616965	0.653853	0.653853	0.000547861	0.125	0.0231972	0.185577	0.185577	0.00376676	0.0151675	0.12134	0	0.00161038	0.553678	0	0.184559	0.03425	0	0	1	0.875	0.125	0	0.0524554	0.00214869	0	
88	0.814423	0.185577	0	0.34375	0.171875	0.618518	0.689004	0.689004	0.00107902	0.171875	0.0740384	0.814423	0.814423	0.0548169	0.0464436	0.510879	0	0.02157	0.59993	0.199977	0	0.162865	0	0	1	0.875	0.171875	0.015625	0.0803571	0.00282007	0	
88	0.185577	0.814423	0	0.09375	0.046875	0.670823	0.692139	0.692139	0.000253754	0.046875	0.0618591	0.185577	0.185577	0.0076531	0.0404467	0.12134	0	0.00327188	0.549041	0.183014	0	0.0339632	0	0	0	0.875	0.046875	0	0.015625	0.000348772	0	
88	0.814423	0.185577	0	0.09375	0.046875	0.677586	0.707956	0.707956	0.000476752	0.046875	0.271474	0.814423	0.814423	0.147396	0.178512	0.535537	0	0.0637333	0.51328	0.171093	0	0.139342	0	0	0	0.875	0.046875	0	0.0145089	0.000330088	0	
88	0.498848	0.501152	0	0.09375	0.046875	0.61853	0.630192	0.630192	0.000213565	0.046875	0.166283	0.498848	0.498848	0.0552999	0.10479	0.31437	0	0.0219619	0.302638	0.100879	0	0.0503235	0	0	1	0.875	0.046875	0	0.0100446	0.000369948	0	
88	0.501152	0.498848	0	0.125	0.0625	0.647553	0.729042	0.729042	0.00295284	0.0625	0.125288	0.501152	0.501152	0.0470912	0.0749458	0.299783	0	0.0168506	0.455104	0.151701	0	0.0760254	0	0	1	0.875	0.0625	0	0.0167411	0.000609106	0	
88	0.498848	0.501152	0	0.03125	0.015625	0.630192	0.630192	0.630192	0	0.015625	0.498848	0.498848	0.498848	0	0.31437	0.31437	0.31437	0	0.430089	0	0.143363	0.0715164	0	0	1	0.875	0.015625	0	0.00334821	4.11053e-05	0	
88	0.501152	0.498848	0	0.125	0.0625	0.615404	0.664793	0.664793	0.000813917	0.0625	0.125288	0.501152	0.501152	0.0470912	0.0749458	0.299783	0	0.0168506	0.442329	0.147443	0	0.0738913	0	0	1	0.875	0.0625	0	0.0133929	0.000657685	0	
88	0.501152	0.498848	0	0.09375	0.046875	0.598942	0.600447	0.600447	1.13381e-06	0.046875	0.167051	0.501152	0.501152	0.0558118	0.0999278	0.299783	0	0.0199711	0.49225	0	0.164083	0.0822307	0	0	1	0.875	0.046875	0	0.0100446	0.000369948	0	
88	0.498848	0.501152	0	0.03125	0.015625	0.630192	0.630192	0.630192	0	0.015625	0.498848	0.498848	0.498848	0	0.31437	0.31437	0.31437	0	0.504797	0	0.168266	0.0839391	0	0	0	0.875	0.015625	0	0.00334821	4.11053e-05	0	
88	0.498848	0.501152	0	0.03125	0.015625	0.630192	0.630192	0.630192	0	0.015625	0.498848	0.498848	0.498848	0	0.31437	0.31437	0.31437	0	0.401602	0	0.133867	0.0667795	0	0	1	0.875	0.015625	0	0.00334821	4.11053e-05	1	
89	0.0500975	0.949902	0	0.09375	0.046875	0.633942	0.643083	0.643083	4.22364e-05	0.046875	0.0166992	0.0500975	0.0500975	0.000557725	0.0104962	0.0314887	0	0.000220343	0.302638	0.100879	0	0.00505381	0	0	1	0.5625	0.046875	0	0.0138889	0.000403887	0	
89	0.949902	0.0500975	0	0.09375	0.046875	0.621582	0.643083	0.643083	0.000481038	0.046875	0.316634	0.949902	0.949902	0.200514	0.18728	0.56184	0	0.0701476	0.401602	0	0.133867	0.127161	0	0	1	0.5625	0.046875	0	0.0121528	0.000313465	1	
90	0.580907	0.419093	0	0.1875	0.09375	0.618212	0.653853	0.653853	0.00071672	0.09375	0.0968179	0.580907	0.580907	0.0468685	0.060718	0.364308	0	0.0184334	0.553678	0	0.184559	0.107212	0	0	1	0.5	0.09375	0	0.0546875	0.00146484	0	
90	0.660136	0.339864	0	0.21875	0.109375	0.629398	0.653575	0.653575	0.000206514	0.109375	0.0943052	0.419093	0.419093	0.0244981	0.0606002	0.266661	0	0.0100315	0.487525	0.162508	0	0.107278	0	0	1	0.5	0.109375	0	0.0644531	0.00149155	1	
91	0.584839	0.415161	0	0.03125	0.015625	0.570915	0.570915	0.570915	0	0.015625	0.584839	0.584839	0.584839	0	0.333893	0.333893	0.333893	0	0.488625	0	0.162875	0.0952558	0	0	0	0.6875	0.015625	0	0.00426136	4.84246e-05	0	
91	0.344307	0.655693	0	0.09375	0.046875	0.670823	0.692139	0.692139	0.000253754	0.046875	0.114769	0.344307	0.344307	0.0263439	0.0750421	0.225126	0	0.0112626	0.549041	0.183014	0	0.063013	0	0	0	0.6875	0.046875	0	0.0213068	0.00036722	0	
91	0.344307	0.655693	0	0.03125	0.015625	0.666944	0.666944	0.666944	0	0.015625	0.344307	0.344307	0.344307	0	0.229634	0.229634	0.229634	0	0.51328	0.171093	0	0.0589087	0	0	0	0.6875	0.015625	0	0.00568182	5.64954e-05	1	
91	0.655693	0.344307	0	0.09375	0.046875	0.61473	0.643083	0.643083	0.000987594	0.046875	0.218564	0.584839	0.584839	0.0679155	0.126486	0.333893	0	0.0218549	0.302638	0.100879	0	0.0661459	0	0	1	0.6875	0.046875	0	0.0127841	0.000435821	1	
91	0.0708533	0.929147	0	0.0625	0.03125	0.636638	0.643083	0.643083	4.15453e-05	0.03125	0.0354266	0.0708533	0.0708533	0.00125505	0.0227823	0.0455646	0	0.000519032	0.430089	0	0.143363	0.0101577	0	0	1	0.6875	0.03125	0	0.00852273	0.000193698	0	
91	0.655693	0.344307	0	0.0625	0.03125	0.606999	0.643083	0.643083	0.00130208	0.03125	0.327846	0.584839	0.584839	0.0660455	0.189729	0.333893	0.0455646	0.0207834	0.319483	0	0.106494	0.0698275	0	0	1	0.6875	0.03125	0	0.00852273	0.000193698	0	
91	0.0708533	0.929147	0	0.0625	0.03125	0.636638	0.643083	0.643083	4.15453e-05	0.03125	0.0354266	0.0708533	0.0708533	0.00125505	0.0227823	0.0455646	0	0.000519032	0.401602	0	0.133867	0.00948494	0	0	1	0.6875	0.03125	0	0.00852273	0.000193698	0	
91	0.0708533	0.929147	0	0.03125	0.015625	0.643083	0.643083	0.643083	0	0.015625	0.0708533	0.0708533	0.0708533	0	0.0455646	0.0455646	0.0455646	0	0.308916	0	0.102972	0.0072959	0	0	1	0.6875	0.015625	0	0.00426136	4.84246e-05	0	
92	0.612195	0.387805	0	0.09375	0.046875	0.647627	0.717486	0.717486	0.00258564	0.046875	0.204065	0.612195	0.612195	0.0832851	0.128046	0.384137	0	0.0327914	0.427257	0.142419	0	0.0871882	0	0	0	0.75	0.046875	0	0.0143229	0.000425551	0	
92	0.838942	0.161058	0	0.125	0.0625	0.628449	0.717486	0.717486	0.00304264	0.0625	0.209735	0.612195	0.612195	0.0625603	0.128397	0.384137	0	0.0245939	0.488625	0	0.162875	0.136643	0	0	0	0.75	0.0625	0	0.0195312	0.000778198	1	
92	0.838942	0.161058	0	0.0625	0.03125	0.599194	0.627474	0.627474	0.000799749	0.03125	0.419471	0.612195	0.612195	0.0371427	0.256795	0.384137	0.129453	0.016216	0.319483	0	0.106494	0.0893424	0	0	1	0.75	0.03125	0	0.0104167	0.000217014	0	
92	0.161058	0.838942	0	0.03125	0.015625	0.639696	0.639696	0.639696	0	0.015625	0.161058	0.161058	0.161058	0	0.103028	0.103028	0.103028	0	0.504797	0	0.168266	0.0271006	0	0	0	0.75	0.015625	0	0.00520833	5.42535e-05	0	
92	0.161058	0.838942	0	0.03125	0.015625	0.639696	0.639696	0.639696	0	0.015625	0.161058	0.161058	0.161058	0	0.103028	0.103028	0.103028	0	0.401602	0	0.133867	0.0215604	0	0	1	0.75	0.015625	0	0.00520833	5.42535e-05	0	
92	0.161058	0.838942	0	0.0625	0.03125	0.72405	0.808403	0.808403	0.00711553	0.03125	0.0805291	0.161058	0.161058	0.00648493	0.0515141	0.103028	0	0.00265371	0.308916	0	0.102972	0.0165845	0	0	1	0.75	0.03125	0	0.00911458	0.00014072	0	
93	0.544221	0.455779	0	0.15625	0.078125	0.620409	0.717486	0.717486	0.00269269	0.078125	0.108844	0.544221	0.544221	0.0473882	0.0621407	0.310703	0	0.0154459	0.488625	0	0.162875	0.08864	0	0	0	0.5625	0.078125	0	0.0329861	0.00138045	0	
93	0.4487	0.5513	0	0.03125	0.015625	0.707956	0.707956	0.707956	0	0.015625	0.4487	0.4487	0.4487	0	0.31766	0.31766	0.31766	0	0.437991	0	0.145997	0.0655089	0	0	0	0.5625	0.015625	0	0.00694444	6.02816e-05	0	
93	0.5513	0.4487	0	0.21875	0.109375	0.624595	0.636282	0.636282	0.000112675	0.109375	0.0787571	0.5513	0.5513	0.0372161	0.0488258	0.341781	0	0.0143038	0.487525	0.162508	0	0.0895909	0	0	1	0.5625	0.109375	0	0.0451389	0.00181448	0	
93	0.5513	0.4487	0	0.34375	0.171875	0.638015	0.692139	0.692139	0.000829969	0.171875	0.0501182	0.5513	0.5513	0.0251183	0.031071	0.341781	0	0.00965406	0.450909	0.150303	0	0.0828621	0	0	1	0.5625	0.171875	0	0.0677083	0.00444878	1	
93	0.4487	0.5513	0	0.0625	0.03125	0.687596	0.707956	0.707956	0.000414545	0.03125	0.22435	0.4487	0.4487	0.050333	0.15883	0.31766	0	0.025227	0.51328	0.171093	0	0.0767697	0	0	0	0.5625	0.03125	0	0.0121528	0.000204958	0	
93	0.4487	0.5513	0	0.03125	0.015625	0.707956	0.707956	0.707956	0	0.015625	0.4487	0.4487	0.4487	0	0.31766	0.31766	0.31766	0	0.352116	0	0.117372	0.0526649	0	0	0	0.5625	0.015625	0	0.00694444	6.02816e-05	0	
93	0.544221	0.455779	0	0.09375	0.046875	0.595546	0.627474	0.627474	0.000559794	0.046875	0.181407	0.544221	0.544221	0.0658169	0.103568	0.310703	0	0.0214526	0.319483	0	0.106494	0.0579563	0	0	1	0.5625	0.046875	0	0.0208333	0.000542535	0	
93	0.455779	0.544221	0	0.03125	0.015625	0.639696	0.639696	0.639696	0	0.015625	0.455779	0.455779	0.455779	0	0.29156	0.29156	0.29156	0	0.504797	0	0.168266	0.0766921	0	0	0	0.5625	0.015625	0	0.00694444	6.02816e-05	0	
93	0.455779	0.544221	0	0.03125	0.015625	0.639696	0.639696	0.639696	0	0.015625	0.455779	0.455779	0.455779	0	0.29156	0.29156	0.29156	0	0.401602	0	0.133867	0.061014	0	0	1	0.5625	0.015625	0	0.00694444	6.02816e-05	0	
93	0.455779	0.544221	0	0.03125	0.015625	0.639696	0.639696	0.639696	0	0.015625	0.455779	0.455779	0.455779	0	0.29156	0.29156	0.29156	0	0.308916	0	0.102972	0.0469325	0	0	1	0.5625	0.015625	0	0.00694444	6.02816e-05	0	
94	0.982959	0.0170409	0	0.21875	0.109375	0.624595	0.636282	0.636282	0.000112675	0.109375	0.140423	0.982959	0.982959	0.118311	0.0870557	0.60939	0	0.0454722	0.487525	0.162508	0	0.159739	0	0	1	0.5	0.109375	0	0.03125	0.00158691	0	
94	0.982959	0.0170409	0	0.34375	0.171875	0.638015	0.692139	0.692139	0.000829969	0.171875	0.0893599	0.982959	0.982959	0.079852	0.0553991	0.60939	0	0.0306906	0.450909	0.150303	0	0.147742	0	0	1	0.5	0.171875	0	0.0488281	0.00381088	0	
94	0.0170409	0.982959	0	0.4375	0.21875	0.6462	0.692139	0.692139	0.00138237	0.21875	0.0012172	0.0170409	0.0170409	1.92606e-05	0.000838471	0.0117386	0	9.13945e-06	0.688755	0	0.229585	0.00391233	0	0	0	0.5	0.21875	0	0.0722656	0.00799179	1	
95	0.352216	0.647784	0	0.125	0.0625	0.653048	0.717486	0.717486	0.00202738	0.0625	0.0880541	0.352216	0.352216	0.0232606	0.0552517	0.221007	0	0.00915825	0.427257	0.142419	0	0.0501623	0	0	0	0.5625	0.0625	0	0.0208333	0.000868056	0	
95	0.352216	0.647784	0	0.125	0.0625	0.653048	0.717486	0.717486	0.00202738	0.0625	0.0880541	0.352216	0.352216	0.0232606	0.0552517	0.221007	0	0.00915825	0.488625	0	0.162875	0.0573673	0	0	0	0.5625	0.0625	0	0.0208333	0.000868056	0	
95	0.245567	0.754433	0	0.25	0.125	0.708791	0.7914	0.7914	0.00340744	0.125	0.0306959	0.245567	0.245567	0.00659566	0.0223995	0.179196	0	0.00351216	0.452331	0.150777	0	0.0370259	0	0	1	0.5625	0.125	0	0.0607639	0.00181448	0	
95	0.647784	0.352216	0	0.125	0.0625	0.637931	0.66931	0.66931	0.000474998	0.0625	0.161946	0.647784	0.647784	0.0786794	0.104145	0.416579	0	0.0325384	0.430089	0	0.143363	0.0928683	0	0	1	0.5625	0.0625	0	0.0190972	0.000747492	0	
95	0.647784	0.352216	0	0.0625	0.03125	0.636638	0.643083	0.643083	4.15453e-05	0.03125	0.323892	0.647784	0.647784	0.104906	0.208289	0.416579	0	0.0433845	0.401602	0	0.133867	0.0867171	0	0	1	0.5625	0.03125	0	0.0104167	0.000217014	1	
95	0.647784	0.352216	0	0.03125	0.015625	0.643083	0.643083	0.643083	0	0.015625	0.647784	0.647784	0.647784	0	0.416579	0.416579	0.416579	0	0.308916	0	0.102972	0.0667035	0	0	1	0.5625	0.015625	0	0.00520833	5.42535e-05	0	
96	0.759246	0.240754	0	0.125	0.0625	0.647488	0.717486	0.717486	0.00193929	0.0625	0.189811	0.518491	0.518491	0.0456706	0.120281	0.32534	0	0.0180612	0.427257	0.142419	0	0.108131	0	0	0	0.8125	0.0625	0	0.0192308	0.00071942	1	
96	0.104726	0.895274	0	0.1875	0.09375	0.621482	0.670181	0.670181	0.00115607	0.09375	0.0174543	0.104726	0.104726	0.00152327	0.0106014	0.0636086	0	0.000561952	0.553678	0	0.184559	0.0193282	0	0	1	0.8125	0.09375	0	0.0420673	0.00144173	0	
96	0.759246	0.240754	0	0.125	0.0625	0.647488	0.717486	0.717486	0.00193929	0.0625	0.189811	0.518491	0.518491	0.0456706	0.120281	0.32534	0	0.0180612	0.488625	0	0.162875	0.123662	0	0	0	0.8125	0.0625	0	0.0192308	0.00071942	1	
96	0.240754	0.759246	0	0.0625	0.03125	0.682278	0.717486	0.717486	0.0012396	0.03125	0.120377	0.240754	0.240754	0.0144907	0.0778924	0.155785	0	0.00606723	0.316741	0	0.10558	0.0254189	0	0	0	0.8125	0.03125	0	0.00841346	0.000173354	0	
96	0.895274	0.104726	0	0.1875	0.09375	0.625581	0.670181	0.670181	0.00128057	0.09375	0.149212	0.895274	0.895274	0.111322	0.0924638	0.554783	0	0.0427478	0.59993	0.199977	0	0.179034	0	0	1	0.8125	0.09375	0	0.0396635	0.0012626	1	
96	0.481509	0.518491	0	0.125	0.0625	0.640823	0.65032	0.65032	5.23968e-05	0.0625	0.120377	0.240754	0.240754	0.0144907	0.0778481	0.156567	0	0.00606071	0.401602	0	0.133867	0.0644583	0	0	1	0.8125	0.0625	0	0.0252404	0.000621186	0	
96	0.759246	0.240754	0	0.03125	0.015625	0.60914	0.60914	0.60914	0	0.015625	0.759246	0.759246	0.759246	0	0.462487	0.462487	0.462487	0	0.534784	0	0.178261	0.135344	0	0	0	0.8125	0.015625	0	0.00480769	5.20063e-05	1	
96	0.481509	0.518491	0	0.09375	0.046875	0.644367	0.65032	0.65032	1.96347e-05	0.046875	0.160503	0.240754	0.240754	0.0128806	0.103797	0.156567	0	0.00538747	0.308916	0	0.102972	0.0495819	0	0	1	0.8125	0.046875	0	0.0180288	0.000332262	0	
97	0.759167	0.240833	0	0.125	0.0625	0.647488	0.717486	0.717486	0.00193929	0.0625	0.189792	0.759167	0.759167	0.108063	0.11909	0.476358	0	0.0425469	0.427257	0.142419	0	0.10812	0	0	0	0.875	0.0625	0	0.0167411	0.000713738	0	
97	0.933383	0.0666167	0	0.25	0.125	0.628739	0.657752	0.657752	0.000218842	0.125	0.116673	0.933383	0.933383	0.095288	0.0708649	0.566919	0	0.0351528	0.487525	0.162508	0	0.151683	0	0	1	0.875	0.125	0	0.0491071	0.00184351	0	
97	0.933383	0.0666167	0	0.09375	0.046875	0.661991	0.722991	0.722991	0.00259987	0.046875	0.311128	0.933383	0.933383	0.193601	0.206835	0.620506	0	0.0855618	0.455104	0.151701	0	0.141595	0	0	1	0.875	0.046875	0	0.0122768	0.000285246	0	
97	0.133233	0.866767	0	0.1875	0.09375	0.649353	0.722991	0.722991	0.00281173	0.09375	0.0222056	0.0666167	0.0666167	0.000986174	0.0149415	0.0481243	0	0.000450125	0.49225	0	0.164083	0.0218614	0	0	1	0.875	0.09375	0	0.0234375	0.00100272	1	
98	0.827	0.173	0	0.125	0.0625	0.609239	0.65032	0.65032	0.000982392	0.0625	0.20675	0.827	0.827	0.128237	0.12973	0.518921	0	0.0504899	0.319483	0	0.106494	0.0880707	0	0	1	0.6875	0.0625	0	0.0213068	0.000677944	0	
98	0.631677	0.368323	0	0.03125	0.015625	0.600447	0.600447	0.600447	0	0.015625	0.631677	0.631677	0.631677	0	0.379289	0.379289	0.379289	0	0.442329	0.147443	0	0.0931363	0	0	1	0.6875	0.015625	0	0.00426136	4.84246e-05	1	
98	0.368323	0.631677	0	0.125	0.0625	0.739065	0.84788	0.84788	0.00848472	0.0625	0.0920807	0.368323	0.368323	0.0254366	0.0573972	0.229589	0	0.0098833	0.456699	0	0.152233	0.0560709	0	0	0	0.6875	0.0625	0	0.0113636	0.000581095	0	
99	0.324817	0.675183	0	0.25	0.125	0.626311	0.688851	0.688851	0.00114419	0.125	0.0406022	0.324817	0.324817	0.0115398	0.0267062	0.213649	0	0.00499254	0.553678	0	0.184559	0.0599481	0	0	1	0.6875	0.125	0	0.0667614	0.00209033	0	
99	0.580828	0.419172	0	0.0625	0.03125	0.631491	0.664793	0.664793	0.00110902	0.03125	0.290414	0.580828	0.580828	0.0843402	0.173722	0.347445	0	0.0301794	0.455104	0.151701	0	0.0881123	0	0	1	0.6875	0.03125	0	0.0113636	0.000225981	1	
99	0.419172	0.580828	0	0.0625	0.03125	0.63262	0.664793	0.664793	0.00103507	0.03125	0.209586	0.419172	0.419172	0.0439263	0.125845	0.251691	0	0.0158371	0.427176	0	0.142392	0.0596868	0	0	0	0.6875	0.03125	0	0.0113636	0.000225981	0	
100	0.580907	0.419093	0	0.1875	0.09375	0.618212	0.653853	0.653853	0.00071672	0.09375	0.0968179	0.367462	0.367462	0.0207242	0.0612482	0.23363	0	0.00833222	0.553678	0	0.184559	0.107212	0	0	1	0.625	0.09375	0	0.0484375	0.00143799	0	
100	0.632538	0.367462	0	0.21875	0.109375	0.63355	0.692139	0.692139	0.000638832	0.109375	0.0903625	0.419093	0.419093	0.0234342	0.0572172	0.266661	0	0.00944426	0.450909	0.150303	0	0.0950724	0	0	1	0.625	0.109375	0	0.0515625	0.00176025	1	
101	0.612195	0.387805	0	0.125	0.0625	0.653048	0.717486	0.717486	0.00202738	0.0625	0.153049	0.612195	0.612195	0.0702718	0.102437	0.409748	0	0.03148	0.427257	0.142419	0	0.0871882	0	0	0	0.8125	0.0625	0	0.0192308	0.00071942	0	
101	0.612195	0.387805	0	0.125	0.0625	0.653048	0.717486	0.717486	0.00202738	0.0625	0.153049	0.612195	0.612195	0.0702718	0.102437	0.409748	0	0.03148	0.488625	0	0.162875	0.0997113	0	0	0	0.8125	0.0625	0	0.0192308	0.00071942	0	
101	0.436881	0.563119	0	0.0625	0.03125	0.599318	0.600447	0.600447	1.27554e-06	0.03125	0.218441	0.436881	0.436881	0.0477163	0.130669	0.261337	0	0.0170743	0.49225	0	0.164083	0.0716849	0	0	1	0.8125	0.03125	0	0.00841346	0.000173354	0	
101	0.563119	0.436881	0	0.03125	0.015625	0.664793	0.664793	0.664793	0	0.015625	0.563119	0.563119	0.563119	0	0.374357	0.374357	0.374357	0	0.456699	0	0.152233	0.0857252	0	0	0	0.8125	0.015625	0	0.00480769	5.20063e-05	0	
101	0.563119	0.436881	0	0.0625	0.03125	0.63262	0.664793	0.664793	0.00103507	0.03125	0.281559	0.563119	0.563119	0.0792757	0.187179	0.374357	0	0.0350358	0.427176	0	0.142392	0.0801836	0	0	0	0.8125	0.03125	0	0.00841346	0.000173354	0	
101	0.387805	0.612195	0	0.0625	0.03125	0.635585	0.639043	0.639043	1.1954e-05	0.03125	0.193902	0.387805	0.387805	0.0375981	0.123912	0.247824	0	0.0153542	0.504797	0	0.168266	0.0652543	0	0	0	0.8125	0.03125	0	0.0108173	0.000202247	0	
101	0.387805	0.612195	0	0.03125	0.015625	0.639043	0.639043	0.639043	0	0.015625	0.387805	0.387805	0.387805	0	0.247824	0.247824	0.247824	0	0.308916	0	0.102972	0.039933	0	0	1	0.8125	0.015625	0	0.00600962	5.77848e-05	1	
102	0.642147	0.357853	0	0.125	0.0625	0.653048	0.717486	0.717486	0.00202738	0.0625	0.160537	0.642147	0.642147	0.0773162	0.100733	0.402931	0	0.0304412	0.427257	0.142419	0	0.0914539	0	0	0	0.6875	0.0625	0	0.0184659	0.000746546	0	
102	0.838019	0.161981	0	0.1875	0.09375	0.637499	0.717486	0.717486	0.00225489	0.09375	0.13967	0.642147	0.642147	0.0556121	0.0857928	0.402931	0	0.0217826	0.488625	0	0.162875	0.136492	0	0	0	0.6875	0.09375	0	0.0284091	0.00167872	0	
102	0.161981	0.838019	0	0.03125	0.015625	0.581824	0.581824	0.581824	0	0.015625	0.161981	0.161981	0.161981	0	0.0942444	0.0942444	0.0942444	0	0.437991	0	0.145997	0.0236487	0	0	0	0.6875	0.015625	0	0.00284091	3.63184e-05	1	
102	0.161981	0.838019	0	0.03125	0.015625	0.581824	0.581824	0.581824	0	0.015625	0.161981	0.161981	0.161981	0	0.0942444	0.0942444	0.0942444	0	0.487192	0	0.162397	0.0263052	0	0	0	0.6875	0.015625	0	0.00284091	3.63184e-05	1	
102	0.161981	0.838019	0	0.03125	0.015625	0.581824	0.581824	0.581824	0	0.015625	0.161981	0.161981	0.161981	0	0.0942444	0.0942444	0.0942444	0	0.352116	0	0.117372	0.019012	0	0	0	0.6875	0.015625	0	0.00284091	3.63184e-05	1	
102	0.838019	0.161981	0	0.1875	0.09375	0.624425	0.66931	0.66931	0.00101805	0.09375	0.13967	0.642147	0.642147	0.0556121	0.0857928	0.402931	0	0.0217826	0.302638	0.100879	0	0.0845388	0	0	1	0.6875	0.09375	0	0.03125	0.0016424	0	
102	0.838019	0.161981	0	0.09375	0.046875	0.613425	0.641887	0.641887	0.000938195	0.046875	0.27934	0.642147	0.642147	0.0722089	0.171586	0.402931	0	0.0288445	0.319483	0	0.106494	0.0892442	0	0	1	0.6875	0.046875	0	0.0142045	0.00041968	0	
103	0.464606	0.535394	0	0.03125	0.015625	0.581824	0.581824	0.581824	0	0.015625	0.464606	0.464606	0.464606	0	0.270319	0.270319	0.270319	0	0.437991	0	0.145997	0.0678311	0	0	0	0.5625	0.015625	0	0.00347222	4.21971e-05	1	
103	0.535394	0.464606	0	0.21875	0.109375	0.624595	0.636282	0.636282	0.000112675	0.109375	0.0764849	0.535394	0.535394	0.0350996	0.0473961	0.331773	0	0.0134783	0.487525	0.162508	0	0.0870061	0	0	1	0.5625	0.109375	0	0.0486111	0.00170597	1	
103	0.535394	0.464606	0	0.25	0.125	0.613039	0.653314	0.653314	0.000743269	0.125	0.0669242	0.535394	0.535394	0.031352	0.0414716	0.331773	0	0.0120392	0.59993	0.199977	0	0.107066	1	0	1	0.5625	0.125	0	0.0659722	0.0024836	0	
103	0.535394	0.464606	0	0.28125	0.140625	0.633708	0.692139	0.692139	0.000708794	0.140625	0.0594882	0.535394	0.535394	0.0283108	0.0368636	0.331773	0	0.0108714	0.450909	0.150303	0	0.0804714	0	0	1	0.5625	0.140625	0	0.0572917	0.00276693	1	
103	0.464606	0.535394	0	0.03125	0.015625	0.581824	0.581824	0.581824	0	0.015625	0.464606	0.464606	0.464606	0	0.270319	0.270319	0.270319	0	0.487192	0	0.162397	0.0754507	0	0	0	0.5625	0.015625	0	0.00347222	4.21971e-05	1	
103	0.464606	0.535394	0	0.03125	0.015625	0.581824	0.581824	0.581824	0	0.015625	0.464606	0.464606	0.464606	0	0.270319	0.270319	0.270319	0	0.352116	0	0.117372	0.0545318	0	0	0	0.5625	0.015625	0	0.00347222	4.21971e-05	1	
103	0.573586	0.426414	0	0.09375	0.046875	0.613824	0.643083	0.643083	0.000961219	0.046875	0.191195	0.573586	0.573586	0.0731113	0.11997	0.35991	0	0.0287857	0.319483	0	0.106494	0.0610836	0	0	1	0.5625	0.046875	0	0.0173611	0.00045814	0	
104	0.679668	0.320332	0	0.0625	0.03125	0.631491	0.664793	0.664793	0.00110902	0.03125	0.339834	0.679668	0.679668	0.115487	0.203285	0.406569	0	0.0413247	0.455104	0.151701	0	0.103106	0	0	1	0.6875	0.03125	0	0.00852273	0.000193698	0	
104	0.655401	0.344599	0	0.125	0.0625	0.631076	0.643083	0.643083	0.000185759	0.0625	0.16385	0.335069	0.335069	0.0268741	0.102551	0.215076	0	0.0105664	0.430089	0	0.143363	0.0939604	0	0	1	0.6875	0.0625	0	0.0241477	0.00063759	0	
104	0.679668	0.320332	0	0.09375	0.046875	0.621143	0.664793	0.664793	0.000953498	0.046875	0.226556	0.679668	0.679668	0.102655	0.135523	0.406569	0	0.036733	0.442329	0.147443	0	0.100212	0	0	1	0.6875	0.046875	0	0.0127841	0.000435821	0	
104	0.679668	0.320332	0	0.0625	0.03125	0.599318	0.600447	0.600447	1.27554e-06	0.03125	0.339834	0.679668	0.679668	0.115487	0.203285	0.406569	0	0.0413247	0.49225	0	0.164083	0.111522	0	0	1	0.6875	0.03125	0	0.00852273	0.000193698	0	
104	0.320332	0.679668	0	0.0625	0.03125	0.619666	0.630192	0.630192	0.000110803	0.03125	0.160166	0.320332	0.320332	0.0256532	0.0975636	0.195127	0	0.00951865	0.504797	0	0.168266	0.053901	0	0	0	0.6875	0.03125	0	0.00852273	0.000149309	0	
104	0.320332	0.679668	0	0.03125	0.015625	0.60914	0.60914	0.60914	0	0.015625	0.320332	0.320332	0.320332	0	0.195127	0.195127	0.195127	0	0.534784	0	0.178261	0.0571028	0	0	0	0.6875	0.015625	0	0.00284091	3.63184e-05	1	
105	0.957776	0.0422235	0	0.3125	0.15625	0.6406	0.70249	0.70249	0.00118346	0.15625	0.0957776	0.957776	0.957776	0.0825602	0.0626245	0.626245	0	0.0352964	0.688755	0	0.229585	0.219891	0	0	0	0.875	0.15625	0	0.0591518	0.00304055	0	
105	0.0500975	0.949902	0	0.15625	0.078125	0.765864	0.878246	0.878246	0.0118167	0.078125	0.0100195	0.0289857	0.0289857	0.000156786	0.00778959	0.0254566	0	0.000105333	0.302638	0.100879	0	0.00505381	0	0	1	0.875	0.078125	0	0.0212054	0.00103262	0	
105	0.0211118	0.978888	0	0.0625	0.03125	0.633796	0.639043	0.639043	2.75302e-05	0.03125	0.0105559	0.0211118	0.0211118	0.000111427	0.00674567	0.0134913	0	4.5504e-05	0.430089	0	0.143363	0.00302665	0	0	1	0.875	0.03125	0	0.00669643	0.000164421	0	
105	0.949902	0.0500975	0	0.09375	0.046875	0.680258	0.842137	0.842137	0.0131033	0.046875	0.316634	0.949902	0.949902	0.200514	0.189407	0.568221	0	0.07175	0.49225	0	0.164083	0.155863	0	0	1	0.875	0.046875	0	0.0145089	0.00043472	1	
105	0.0211118	0.978888	0	0.0625	0.03125	0.633796	0.639043	0.639043	2.75302e-05	0.03125	0.0105559	0.0211118	0.0211118	0.000111427	0.00674567	0.0134913	0	4.5504e-05	0.504797	0	0.168266	0.00355239	0	0	0	0.875	0.03125	0	0.00669643	0.000164421	1	
105	0.0289857	0.971014	0	0.09375	0.046875	0.85391	0.878246	0.878246	0.000296227	0.046875	0.00966191	0.0289857	0.0289857	0.000186705	0.00848553	0.0254566	0	0.000144009	0.534784	0	0.178261	0.00516703	0	0	0	0.875	0.046875	0	0.0145089	0.00043472	0	
105	0.0211118	0.978888	0	0.03125	0.015625	0.639043	0.639043	0.639043	0	0.015625	0.0211118	0.0211118	0.0211118	0	0.0134913	0.0134913	0.0134913	0	0.308916	0	0.102972	0.00217392	0	0	1	0.875	0.015625	0	0.00334821	4.11053e-05	0	
106	0.892924	0.107076	0	0.25	0.125	0.634078	0.703419	0.703419	0.000789843	0.125	0.111615	0.785848	0.785848	0.0661697	0.0690012	0.486974	0	0.0254105	0.487525	0.162508	0	0.145108	0	0	1	0.625	0.125	0	0.059375	0.00150391	0	
106	0.892924	0.107076	0	0.25	0.125	0.63995	0.703419	0.703419	0.00120173	0.125	0.111615	0.785848	0.785848	0.0661697	0.0690012	0.486974	0	0.0254105	0.450909	0.150303	0	0.134209	0	0	1	0.625	0.125	0	0.0609375	0.00158447	0	
106	0.382124	0.617876	0	0.03125	0.015625	0.628549	0.628549	0.628549	0	0.015625	0.382124	0.382124	0.382124	0	0.240184	0.240184	0.240184	0	0.302638	0.100879	0	0.0385485	0	0	1	0.625	0.015625	0	0.00625	5.85937e-05	1	
106	0.617876	0.382124	0	0.03125	0.015625	0.60914	0.60914	0.60914	0	0.015625	0.617876	0.617876	0.617876	0	0.376373	0.376373	0.376373	0	0.534784	0	0.178261	0.110143	0	0	0	0.625	0.015625	0	0.0046875	5.12695e-05	0	
107	0.0500975	0.949902	0	0.15625	0.078125	0.62716	0.643083	0.643083	0.000154027	0.078125	0.0100195	0.0500975	0.0500975	0.000401562	0.0063043	0.0315215	0	0.000158977	0.302638	0.100879	0	0.00505381	0	0	1	0.6875	0.078125	0	0.0241477	0.00108148	1	
107	0.949902	0.0500975	0	0.125	0.0625	0.623324	0.643083	0.643083	0.000369879	0.0625	0.237476	0.949902	0.949902	0.169184	0.14046	0.56184	0	0.059187	0.430089	0	0.143363	0.136181	0	0	1	0.6875	0.0625	0	0.0184659	0.000613378	0	
108	0.319126	0.680874	0	0.1875	0.09375	0.618212	0.653853	0.653853	0.00071672	0.09375	0.0531876	0.319126	0.319126	0.0141446	0.0333559	0.200135	0	0.00556307	0.553678	0	0.184559	0.0588976	0	0	1	0.625	0.09375	0	0.0515625	0.00122314	0	
108	0.184629	0.815371	0	0.03125	0.015625	0.581824	0.581824	0.581824	0	0.015625	0.184629	0.184629	0.184629	0	0.107422	0.107422	0.107422	0	0.437991	0	0.145997	0.0269553	0	0	0	0.625	0.015625	0	0.003125	3.90625e-05	0	
108	0.184629	0.815371	0	0.03125	0.015625	0.581824	0.581824	0.581824	0	0.015625	0.184629	0.184629	0.184629	0	0.107422	0.107422	0.107422	0	0.487192	0	0.162397	0.0299833	0	0	0	0.625	0.015625	0	0.003125	3.90625e-05	0	
108	0.184629	0.815371	0	0.03125	0.015625	0.581824	0.581824	0.581824	0	0.015625	0.184629	0.184629	0.184629	0	0.107422	0.107422	0.107422	0	0.352116	0	0.117372	0.0216703	0	0	0	0.625	0.015625	0	0.003125	3.90625e-05	0	
108	0.815371	0.184629	0	0.0625	0.03125	0.631491	0.664793	0.664793	0.00110902	0.03125	0.407685	0.815371	0.815371	0.166207	0.243873	0.487746	0	0.0594739	0.455104	0.151701	0	0.123693	0	0	1	0.625	0.03125	0	0.009375	0.000205078	1	
108	0.815371	0.184629	0	0.09375	0.046875	0.621143	0.664793	0.664793	0.000953498	0.046875	0.27179	0.815371	0.815371	0.14774	0.162582	0.487746	0	0.0528657	0.442329	0.147443	0	0.120221	0	0	1	0.625	0.046875	0	0.0140625	0.000461426	0	
108	0.815371	0.184629	0	0.0625	0.03125	0.599318	0.600447	0.600447	1.27554e-06	0.03125	0.407685	0.815371	0.815371	0.166207	0.243873	0.487746	0	0.0594739	0.49225	0	0.164083	0.133789	0	0	1	0.625	0.03125	0	0.009375	0.000205078	0	
109	0.519482	0.480518	0	0.0625	0.03125	0.660164	0.666476	0.666476	3.98406e-05	0.03125	0.259741	0.519482	0.519482	0.0674654	0.169832	0.339665	0	0.028843	0.549041	0.183014	0	0.0950724	0	0	0	0.625	0.03125	0	0.009375	0.000205078	1	
109	0.273693	0.726307	0	0.09375	0.046875	0.613824	0.643083	0.643083	0.000961219	0.046875	0.0912311	0.273693	0.273693	0.0166462	0.0572452	0.171736	0	0.00655402	0.319483	0	0.106494	0.0291467	0	0	1	0.625	0.046875	0	0.01875	0.000429688	0	
110	0.831932	0.168068	0	0.3125	0.15625	0.644189	0.703419	0.703419	0.00110341	0.15625	0.0831932	0.457239	0.457239	0.0280251	0.0509908	0.277718	0	0.0105039	0.487525	0.162508	0	0.135196	0	0	1	0.75	0.15625	0	0.0533854	0.00286696	0	
110	0.831932	0.168068	0	0.28125	0.140625	0.642949	0.703419	0.703419	0.00114017	0.140625	0.0924369	0.457239	0.457239	0.0302846	0.0566564	0.277718	0	0.01135	0.450909	0.150303	0	0.125042	0	0	1	0.75	0.140625	0	0.0507812	0.00244649	0	
110	0.855414	0.144586	0	0.0625	0.03125	0.631491	0.664793	0.664793	0.00110902	0.03125	0.427707	0.855414	0.855414	0.182933	0.25585	0.511699	0	0.065459	0.455104	0.151701	0	0.129767	0	0	1	0.75	0.03125	0	0.0078125	0.000183105	1	
110	0.855414	0.144586	0	0.09375	0.046875	0.621143	0.664793	0.664793	0.000953498	0.046875	0.285138	0.855414	0.855414	0.162607	0.170566	0.511699	0	0.0581858	0.442329	0.147443	0	0.126125	0	0	1	0.75	0.046875	0	0.0117188	0.000411987	0	
110	0.855414	0.144586	0	0.0625	0.03125	0.599318	0.600447	0.600447	1.27554e-06	0.03125	0.427707	0.855414	0.855414	0.182933	0.25585	0.511699	0	0.065459	0.49225	0	0.164083	0.140359	0	0	1	0.75	0.03125	0	0.0078125	0.000183105	0	
111	0.0295383	0.970462	0	0.09375	0.046875	0.706084	0.734267	0.734267	0.000815429	0.046875	0.00984609	0.0295383	0.0295383	0.000193891	0.00656679	0.0197004	0	8.62454e-05	0.51328	0.171093	0	0.00505381	0	0	0	0.625	0.046875	0	0.01875	0.000332031	1	
111	0.970462	0.0295383	0	0.09375	0.046875	0.598942	0.600447	0.600447	1.13381e-06	0.046875	0.323487	0.970462	0.970462	0.209288	0.193506	0.580519	0	0.0748894	0.49225	0	0.164083	0.159237	0	0	1	0.625	0.046875	0	0.009375	0.000351562	0	
112	1	1.11022e-16	0.100468	0.3125	0.15625	0.634429	0.70217	0.70217	0.00158195	0.15625	0.1	0.965505	0.965505	0.0832437	0.0653889	0.631298	0	0.0355882	0.553678	0	0.184559	0.184559	0	0	1	0.875	0.15625	0	0.0814732	0.00338932	0	
112	0.965505	0.0344954	0	0.3125	0.15625	0.6406	0.70249	0.70249	0.00118346	0.15625	0.0965505	0.965505	0.965505	0.0838979	0.0631298	0.631298	0	0.0358683	0.688755	0	0.229585	0.221666	0	0	0	0.875	0.15625	0	0.0591518	0.00304055	0	
112	0.0500975	0.949902	0	0.125	0.0625	0.8061	0.878246	0.878246	0.00707932	0.0625	0.0125244	0.0362994	0.0362994	0.000220148	0.0102559	0.0318798	0	0.000169799	0.302638	0.100879	0	0.00505381	0	0	1	0.875	0.0625	0	0.0178571	0.000692562	0	
112	0.0137982	0.986202	0	0.03125	0.015625	0.662673	0.662673	0.662673	0	0.015625	0.0137982	0.0137982	0.0137982	0	0.00914366	0.00914366	0.00914366	0	0.319483	0	0.106494	0.00146942	0	0	1	0.875	0.015625	0	0.00334821	4.11053e-05	0	
112	0.956802	0.0431984	0	0.09375	0.046875	0.680258	0.842137	0.842137	0.0131033	0.046875	0.318934	0.956802	0.956802	0.203438	0.190783	0.572348	0	0.072796	0.49225	0	0.164083	0.156995	0	0	1	0.875	0.046875	0	0.0145089	0.00043472	0	
112	0.0137982	0.986202	0	0.03125	0.015625	0.662673	0.662673	0.662673	0	0.015625	0.0137982	0.0137982	0.0137982	0	0.00914366	0.00914366	0.00914366	0	0.359327	0	0.119776	0.00165268	0	0	0	0.875	0.015625	0	0.00334821	4.11053e-05	0	
112	0.0362994	0.963701	0	0.09375	0.046875	0.85391	0.878246	0.878246	0.000296227	0.046875	0.0120998	0.0362994	0.0362994	0.00029281	0.0106266	0.0318798	0	0.000225849	0.534784	0	0.178261	0.00647077	0	0	0	0.875	0.046875	0	0.0145089	0.00043472	1	
112	0.0137982	0.986202	0	0.03125	0.015625	0.662673	0.662673	0.662673	0	0.015625	0.0137982	0.0137982	0.0137982	0	0.00914366	0.00914366	0.00914366	0	0.308916	0	0.102972	0.00142082	0	0	1	0.875	0.015625	0	0.00334821	4.11053e-05	0	
113	0.541603	0.458397	0	0.09375	0.046875	0.647627	0.717486	0.717486	0.00258564	0.046875	0.180534	0.541603	0.541603	0.0651853	0.113281	0.339842	0	0.025665	0.427257	0.142419	0	0.0771345	0	0	0	0.625	0.046875	0	0.01875	0.000429688	0	
113	0.585932	0.414068	0	0.21875	0.109375	0.624398	0.658764	0.658764	0.000986916	0.109375	0.0837045	0.585932	0.585932	0.0420387	0.0508405	0.355884	0	0.0155085	0.553678	0	0.184559	0.108139	0	0	1	0.625	0.109375	0	0.04375	0.00228516	0	
113	0.541603	0.458397	0	0.09375	0.046875	0.647627	0.717486	0.717486	0.00258564	0.046875	0.180534	0.541603	0.541603	0.0651853	0.113281	0.339842	0	0.025665	0.488625	0	0.162875	0.0882136	0	0	0	0.625	0.046875	0	0.01875	0.000429688	0	
113	0.585932	0.414068	0	0.15625	0.078125	0.622849	0.658764	0.658764	0.000350879	0.078125	0.117186	0.585932	0.585932	0.0549306	0.0711767	0.355884	0	0.0202645	0.450909	0.150303	0	0.0880674	0	0	1	0.625	0.078125	0	0.028125	0.000966797	0	
113	0.872465	0.127535	0	0.09375	0.046875	0.635135	0.643083	0.643083	3.22166e-05	0.046875	0.290822	0.458397	0.458397	0.0426161	0.185511	0.294787	0	0.0173891	0.430089	0	0.143363	0.125079	0	0	1	0.625	0.046875	0	0.01875	0.000429688	0	
113	0.414068	0.585932	0	0.03125	0.015625	0.632128	0.632128	0.632128	0	0.015625	0.414068	0.414068	0.414068	0	0.261744	0.261744	0.261744	0	0.52375	0.174583	0	0.0722894	0	0	0	0.625	0.015625	0	0.0046875	5.12695e-05	1	
113	0.414068	0.585932	0	0.0625	0.03125	0.63116	0.632128	0.632128	9.36762e-07	0.03125	0.207034	0.414068	0.414068	0.0428631	0.130872	0.261744	0	0.0171275	0.504797	0	0.168266	0.0696735	0	0	0	0.625	0.03125	0	0.0109375	0.000197754	0	
113	0.458397	0.541603	0	0.0625	0.03125	0.636638	0.643083	0.643083	4.15453e-05	0.03125	0.229198	0.458397	0.458397	0.0525319	0.147394	0.294787	0	0.0217249	0.401602	0	0.133867	0.0613644	0	0	1	0.625	0.03125	0	0.0140625	0.000217285	0	
113	0.458397	0.541603	0	0.03125	0.015625	0.643083	0.643083	0.643083	0	0.015625	0.458397	0.458397	0.458397	0	0.294787	0.294787	0.294787	0	0.308916	0	0.102972	0.047202	0	0	1	0.625	0.015625	0	0.0078125	6.10352e-05	0	
114	0.465244	0.534756	0	0.15625	0.078125	0.605528	0.643083	0.643083	0.000689316	0.078125	0.0930487	0.465244	0.465244	0.0346323	0.0556359	0.278179	0	0.0123814	0.302638	0.100879	0	0.0469335	0	0	1	0.5625	0.078125	0	0.0208333	0.00103082	0	
114	0.534756	0.465244	0	0.15625	0.078125	0.61143	0.643083	0.643083	0.000738862	0.078125	0.106951	0.534756	0.534756	0.0457543	0.0671046	0.335523	0	0.0180121	0.319483	0	0.106494	0.0569484	0	0	1	0.5625	0.078125	0	0.0208333	0.00103082	1	
115	0.151387	0.848613	0	0.09375	0.046875	0.647627	0.717486	0.717486	0.00258564	0.046875	0.0504623	0.151387	0.151387	0.00509289	0.0316638	0.0949914	0	0.00200519	0.427257	0.142419	0	0.0215604	0	0	0	0.9375	0.046875	0	0.0125	0.000364583	0	
115	0.424646	0.575354	0	0.25	0.125	0.626311	0.688851	0.688851	0.00114419	0.125	0.0530808	0.151387	0.151387	0.00476854	0.0349231	0.104283	0	0.00206969	0.553678	0	0.184559	0.0783724	0	0	1	0.9375	0.125	0	0.0489583	0.00240451	0	
115	0.151387	0.848613	0	0.09375	0.046875	0.647627	0.717486	0.717486	0.00258564	0.046875	0.0504623	0.151387	0.151387	0.00509289	0.0316638	0.0949914	0	0.00200519	0.488625	0	0.162875	0.0246572	0	0	0	0.9375	0.046875	0	0.0125	0.000364583	0	
115	0.848613	0.151387	0	0.25	0.125	0.628739	0.657752	0.657752	0.000218842	0.125	0.106077	0.726741	0.726741	0.0566234	0.0663385	0.450546	0	0.0217764	0.487525	0.162508	0	0.137907	0	0	1	0.9375	0.125	0	0.0489583	0.00227431	0	
115	0.697226	0.302774	0	0.25	0.125	0.617501	0.689004	0.689004	0.00124195	0.125	0.0871533	0.575354	0.575354	0.0356399	0.0508744	0.330545	0	0.0117999	0.59993	0.199977	0	0.139429	0	0	1	0.9375	0.125	0	0.0458333	0.00229384	1	
115	0.151387	0.848613	0	0.125	0.0625	0.627789	0.639696	0.639696	0.000128546	0.0625	0.0378467	0.151387	0.151387	0.00429712	0.0230539	0.0922158	0	0.00159445	0.504797	0	0.168266	0.0254732	0	0	0	0.9375	0.0625	0	0.0166667	0.000601128	0	
115	0.848613	0.151387	0	0.09375	0.046875	0.637657	0.643083	0.643083	2.97754e-05	0.046875	0.282871	0.848613	0.848613	0.160032	0.18191	0.545729	0	0.0661823	0.401602	0	0.133867	0.113602	0	0	1	0.9375	0.046875	0	0.015625	0.000423177	0	
115	0.151387	0.848613	0	0.03125	0.015625	0.60914	0.60914	0.60914	0	0.015625	0.151387	0.151387	0.151387	0	0.0922158	0.0922158	0.0922158	0	0.534784	0	0.178261	0.0269864	0	0	0	0.9375	0.015625	0	0.003125	3.90625e-05	0	
115	0.848613	0.151387	0	0.0625	0.03125	0.64139	0.643083	0.643083	2.86834e-06	0.03125	0.424307	0.848613	0.848613	0.180036	0.272864	0.545729	0	0.074455	0.308916	0	0.102972	0.0873834	0	0	1	0.9375	0.03125	0	0.0104167	0.000184462	0	
116	0.326163	0.673837	0	0.34375	0.171875	0.636132	0.692139	0.692139	0.000678393	0.171875	0.0296512	0.108721	0.108721	0.00234451	0.0193141	0.0725425	0	0.000996353	0.450909	0.150303	0	0.0490233	0	0	1	0.5625	0.171875	0	0.0711806	0.00396653	0	
116	0.891279	0.108721	0	0.0625	0.03125	0.631491	0.664793	0.664793	0.00110902	0.03125	0.44564	0.891279	0.891279	0.198595	0.266576	0.533153	0	0.071063	0.455104	0.151701	0	0.135208	0	0	1	0.5625	0.03125	0	0.0104167	0.000217014	1	
116	0.891279	0.108721	0	0.09375	0.046875	0.621143	0.664793	0.664793	0.000953498	0.046875	0.297093	0.891279	0.891279	0.176529	0.177718	0.533153	0	0.0631671	0.442329	0.147443	0	0.131413	0	0	1	0.5625	0.046875	0	0.015625	0.000488281	1	
116	0.891279	0.108721	0	0.0625	0.03125	0.599318	0.600447	0.600447	1.27554e-06	0.03125	0.44564	0.891279	0.891279	0.198595	0.266576	0.533153	0	0.071063	0.49225	0	0.164083	0.146244	0	0	1	0.5625	0.03125	0	0.0104167	0.000217014	0	
116	0.51003	0.48997	0	0.03125	0.015625	0.591471	0.591471	0.591471	0	0.015625	0.51003	0.51003	0.51003	0	0.301668	0.301668	0.301668	0	0.401602	0	0.133867	0.0682764	0	0	1	0.5625	0.015625	0	0.00520833	5.42535e-05	0	
116	0.48997	0.51003	0	0.03125	0.015625	0.60914	0.60914	0.60914	0	0.015625	0.48997	0.48997	0.48997	0	0.29846	0.29846	0.29846	0	0.534784	0	0.178261	0.0873426	0	0	0	0.5625	0.015625	0	0.00520833	5.42535e-05	0	
117	0.784194	0.215806	0	0.3125	0.15625	0.629454	0.692139	0.692139	0.000953502	0.15625	0.0784194	0.784194	0.784194	0.0553465	0.0498969	0.498969	0	0.0224073	0.688755	0	0.229585	0.180039	0	0	0	0.6875	0.15625	0	0.0582386	0.00395467	1	
117	0.452507	0.547493	0	0.15625	0.078125	0.605528	0.643083	0.643083	0.000689316	0.078125	0.0905014	0.452507	0.452507	0.032762	0.0567873	0.283937	0	0.0128992	0.302638	0.100879	0	0.0456486	0	0	1	0.6875	0.078125	0	0.0298295	0.00121869	0	
118	0.539385	0.460615	0	0.09375	0.046875	0.692106	0.717486	0.717486	0.00116158	0.046875	0.179795	0.539385	0.539385	0.0646524	0.115775	0.347326	0	0.0268078	0.316741	0	0.10558	0.0569484	0	0	0	0.5625	0.046875	0	0.015625	0.000488281	0	
118	0.460615	0.539385	0	0.03125	0.015625	0.597922	0.597922	0.597922	0	0.015625	0.460615	0.460615	0.460615	0	0.275412	0.275412	0.275412	0	0.302638	0.100879	0	0.0464666	0	0	1	0.5625	0.015625	0	0.00520833	5.42535e-05	1	
119	1	1.11022e-16	-0.373143	0.375	0.1875	0.67725	0.703419	0.703419	0.000737991	0.1875	0.0833333	0.899805	0.899805	0.0609446	0.0546924	0.58834	0	0.0260468	0.549041	0.183014	0	0.183014	0	0	0	0.875	0.1875	0	0.0770089	0.00430609	0	
119	0.899805	0.100195	0	0.3125	0.15625	0.6406	0.70249	0.70249	0.00118346	0.15625	0.0899805	0.899805	0.899805	0.0728684	0.058834	0.58834	0	0.0311529	0.688755	0	0.229585	0.206582	0	0	0	0.875	0.15625	0	0.0591518	0.00304055	1	
119	0.0500975	0.949902	0	0.09375	0.046875	0.715151	0.841339	0.841339	0.0080369	0.046875	0.0166992	0.0500975	0.0500975	0.000557725	0.0107115	0.0321346	0	0.000229473	0.302638	0.100879	0	0.00505381	0	0	1	0.875	0.046875	0	0.0111607	0.00036372	0	
119	0.0500975	0.949902	0	0.0625	0.03125	0.74139	0.841339	0.841339	0.00998991	0.03125	0.0250488	0.0500975	0.0500975	0.00062744	0.0160673	0.0321346	0	0.000258158	0.430089	0	0.143363	0.00718214	0	0	1	0.875	0.03125	0	0.0078125	0.000165667	0	
119	0.0500975	0.949902	0	0.0625	0.03125	0.652057	0.662673	0.662673	0.000112707	0.03125	0.0250488	0.0500975	0.0500975	0.00062744	0.0160673	0.0321346	0	0.000258158	0.319483	0	0.106494	0.00533509	0	0	1	0.875	0.03125	0	0.00669643	0.000164421	0	
119	0.876719	0.123281	0	0.09375	0.046875	0.640348	0.722407	0.722407	0.0033677	0.046875	0.29224	0.876719	0.876719	0.170808	0.174814	0.524443	0	0.0611201	0.49225	0	0.164083	0.143855	0	0	1	0.875	0.046875	0	0.015625	0.000418527	0	
119	0.0731837	0.926816	0	0.0625	0.03125	0.753066	0.841339	0.841339	0.00779219	0.03125	0.0365918	0.0731837	0.0731837	0.00133896	0.024326	0.048652	0	0.000591753	0.456699	0	0.152233	0.011141	0	0	0	0.875	0.03125	0	0.0100446	0.000195562	0	
119	0.0731837	0.926816	0	0.0625	0.03125	0.63262	0.664793	0.664793	0.00103507	0.03125	0.0365918	0.0731837	0.0731837	0.00133896	0.024326	0.048652	0	0.000591753	0.427176	0	0.142392	0.0104208	0	0	0	0.875	0.03125	0	0.0100446	0.000195562	0	
119	0.0500975	0.949902	0	0.0625	0.03125	0.652057	0.662673	0.662673	0.000112707	0.03125	0.0250488	0.0500975	0.0500975	0.00062744	0.0160673	0.0321346	0	0.000258158	0.308916	0	0.102972	0.00515864	0	0	1	0.875	0.03125	0	0.00669643	0.000164421	0	
120	0.711505	0.288495	0	0.25	0.125	0.616965	0.653853	0.653853	0.000547861	0.125	0.0889382	0.711505	0.711505	0.05537	0.0581524	0.46522	0	0.0236719	0.553678	0	0.184559	0.131315	0	0	1	0.8125	0.125	0	0.0516827	0.00241829	0	
120	0.288495	0.711505	0	0.34375	0.171875	0.618518	0.689004	0.689004	0.00107902	0.171875	0.0262268	0.288495	0.288495	0.00687844	0.0164518	0.18097	0	0.00270662	0.59993	0.199977	0	0.0576922	0	0	1	0.8125	0.171875	0	0.078125	0.00341797	1	
120	0.711505	0.288495	0	0.09375	0.046875	0.670823	0.692139	0.692139	0.000253754	0.046875	0.237168	0.711505	0.711505	0.112498	0.155073	0.46522	0	0.0480954	0.549041	0.183014	0	0.130215	0	0	0	0.8125	0.046875	0	0.015625	0.000375601	0	
120	0.288495	0.711505	0	0.09375	0.046875	0.677586	0.707956	0.707956	0.000476752	0.046875	0.0961649	0.288495	0.288495	0.0184954	0.0632348	0.189704	0	0.00799728	0.51328	0.171093	0	0.0493596	0	0	0	0.8125	0.046875	0	0.0132212	0.000369822	0	
120	0.668171	0.331829	0	0.0625	0.03125	0.599318	0.600447	0.600447	1.27554e-06	0.03125	0.334086	0.668171	0.668171	0.111613	0.199846	0.399692	0	0.0399385	0.49225	0	0.164083	0.109636	0	0	1	0.8125	0.03125	0	0.00841346	0.000173354	0	
120	0.331829	0.668171	0	0.03125	0.015625	0.664793	0.664793	0.664793	0	0.015625	0.331829	0.331829	0.331829	0	0.220597	0.220597	0.220597	0	0.456699	0	0.152233	0.0505153	0	0	0	0.8125	0.015625	0	0.00480769	5.20063e-05	0	
120	0.331829	0.668171	0	0.0625	0.03125	0.63262	0.664793	0.664793	0.00103507	0.03125	0.165914	0.331829	0.331829	0.0275276	0.110299	0.220597	0	0.0121658	0.427176	0	0.142392	0.0472498	0	0	0	0.8125	0.03125	0	0.00841346	0.000173354	0	
121	0.625636	0.374364	0	0.125	0.0625	0.653048	0.717486	0.717486	0.00202738	0.0625	0.156409	0.625636	0.625636	0.0733914	0.0981427	0.392571	0	0.028896	0.427257	0.142419	0	0.0891024	0	0	0	0.8125	0.0625	0	0.0204327	0.000690528	0	
121	0.959936	0.0400642	0	0.1875	0.09375	0.637499	0.717486	0.717486	0.00225489	0.09375	0.159989	0.625636	0.625636	0.0582662	0.0972379	0.392571	0	0.0223011	0.488625	0	0.162875	0.15635	0	0	0	0.8125	0.09375	0	0.0336538	0.00160931	0	
121	0.919872	0.0801284	0	0.03125	0.015625	0.632128	0.632128	0.632128	0	0.015625	0.919872	0.919872	0.919872	0	0.581477	0.581477	0.581477	0	0.52375	0.174583	0	0.160594	0	0	0	0.8125	0.015625	0	0.00600962	5.77848e-05	0	
121	0.0801284	0.919872	0	0.0625	0.03125	0.644064	0.664793	0.664793	0.000429673	0.03125	0.0400642	0.0400642	0.0400642	1.92593e-34	0.0258039	0.0266344	0.0249734	6.89684e-07	0.456699	0	0.152233	0.0121982	0	0	0	0.8125	0.03125	0	0.00841346	0.000135794	0	
121	0.0801284	0.919872	0	0.09375	0.046875	0.629525	0.664793	0.664793	0.000709206	0.046875	0.0267095	0.0400642	0.0400642	0.000356697	0.0172026	0.0266344	0	0.000148424	0.427176	0	0.142392	0.0114096	0	0	0	0.8125	0.046875	0	0.0144231	0.000355376	1	
121	0.0801284	0.919872	0	0.0625	0.03125	0.641045	0.643046	0.643046	4.00674e-06	0.03125	0.0400642	0.0400642	0.0400642	1.92593e-34	0.0256829	0.0257631	0.0256027	6.43137e-09	0.308916	0	0.102972	0.00825097	0	0	1	0.8125	0.03125	0	0.0132212	0.000182022	0	
122	0.782047	0.217953	0	0.28125	0.140625	0.621497	0.657752	0.657752	0.000651299	0.140625	0.0868941	0.782047	0.782047	0.0604046	0.0571548	0.514393	0	0.0261334	0.553678	0	0.184559	0.144334	0	0	1	0.875	0.140625	0	0.0591518	0.00248251	0	
122	0.217953	0.782047	0	0.09375	0.046875	0.677586	0.707956	0.707956	0.000476752	0.046875	0.0726511	0.217953	0.217953	0.0105564	0.047773	0.143319	0	0.00456451	0.51328	0.171093	0	0.0372904	0	0	0	0.875	0.046875	0	0.0133929	0.00034379	1	
122	0.767902	0.232098	0	0.0625	0.03125	0.599318	0.600447	0.600447	1.27554e-06	0.03125	0.383951	0.767902	0.767902	0.147418	0.229675	0.45935	0	0.0527507	0.49225	0	0.164083	0.126	0	0	1	0.875	0.03125	0	0.00669643	0.000164421	0	
122	0.232098	0.767902	0	0.03125	0.015625	0.664793	0.664793	0.664793	0	0.015625	0.232098	0.232098	0.232098	0	0.154297	0.154297	0.154297	0	0.456699	0	0.152233	0.0353329	0	0	0	0.875	0.015625	0	0.00334821	4.11053e-05	0	
122	0.232098	0.767902	0	0.0625	0.03125	0.63262	0.664793	0.664793	0.00103507	0.03125	0.116049	0.232098	0.232098	0.0134673	0.0771484	0.154297	0	0.00595188	0.427176	0	0.142392	0.0330489	0	0	0	0.875	0.03125	0	0.00669643	0.000164421	0	
123	0.0539082	0.946092	0	0.09375	0.046875	0.647627	0.717486	0.717486	0.00258564	0.046875	0.0179694	0.0539082	0.0539082	0.000645798	0.0112753	0.033826	0	0.000254266	0.427257	0.142419	0	0.00767754	0	0	0	0.8125	0.046875	0	0.0108173	0.000390047	0	
123	0.955293	0.0447073	0	0.1875	0.09375	0.610648	0.635794	0.635794	0.000463621	0.09375	0.159215	0.865878	0.865878	0.100274	0.0968597	0.525918	0	0.0369708	0.553678	0	0.184559	0.176308	0	0	1	0.8125	0.09375	0	0.0540865	0.00118748	0	
123	0.0539082	0.946092	0	0.09375	0.046875	0.647627	0.717486	0.717486	0.00258564	0.046875	0.0179694	0.0539082	0.0539082	0.000645798	0.0112753	0.033826	0	0.000254266	0.488625	0	0.162875	0.0087803	0	0	0	0.8125	0.046875	0	0.0108173	0.000390047	0	
123	0.990799	0.00920088	0	0.25	0.125	0.628716	0.657567	0.657567	0.000217497	0.125	0.12385	0.865878	0.865878	0.0790366	0.0756751	0.525918	0	0.0291121	0.487525	0.162508	0	0.161013	0	0	1	0.8125	0.125	0	0.0625	0.00161508	0	
123	0.0355064	0.964494	0	0.09375	0.046875	0.648252	0.667235	0.667235	0.000415953	0.046875	0.0118355	0.0355064	0.0355064	0.000280157	0.00778261	0.0233478	0	0.000121138	0.452331	0.150777	0	0.00535356	0	0	1	0.8125	0.046875	0	0.0144231	0.000317816	0	
123	0.955293	0.0447073	0	0.21875	0.109375	0.623128	0.636282	0.636282	0.00041405	0.109375	0.13647	0.865878	0.865878	0.0890533	0.0791319	0.497454	0	0.0293174	0.688755	0	0.229585	0.219321	0	0	0	0.8125	0.109375	0	0.0552885	0.0016382	0	
123	0.0539082	0.946092	0	0.125	0.0625	0.624668	0.643083	0.643083	0.000273216	0.0625	0.013477	0.0539082	0.0539082	0.000544892	0.0084565	0.033826	0	0.000214537	0.302638	0.100879	0	0.00543822	0	0	1	0.8125	0.0625	0	0.0144231	0.000693417	1	
123	0.0539082	0.946092	0	0.0625	0.03125	0.635279	0.643083	0.643083	6.09109e-05	0.03125	0.0269541	0.0539082	0.0539082	0.000726523	0.016913	0.033826	0	0.000286049	0.319483	0	0.106494	0.00574091	0	0	1	0.8125	0.03125	0	0.00721154	0.000173354	0	
124	0.705046	0.294954	0	0.21875	0.109375	0.620347	0.670181	0.670181	0.000948194	0.109375	0.100721	0.388791	0.388791	0.0257375	0.0594563	0.236566	0	0.00906921	0.553678	0	0.184559	0.130123	0	0	1	0.6875	0.109375	0	0.0411932	0.00192084	0	
124	0.705046	0.294954	0	0.28125	0.140625	0.622271	0.670181	0.670181	0.000926259	0.140625	0.0783384	0.388791	0.388791	0.0217715	0.0462438	0.236566	0	0.00766483	0.59993	0.199977	0	0.140993	1	0	1	0.6875	0.140625	0	0.0568182	0.00267546	0	
124	0.388791	0.611209	0	0.0625	0.03125	0.662401	0.667235	0.667235	2.3371e-05	0.03125	0.194395	0.388791	0.388791	0.0377895	0.127828	0.255656	0	0.01634	0.51328	0.171093	0	0.0665195	0	0	0	0.6875	0.03125	0	0.00994318	0.000189663	0	
124	0.294954	0.705046	0	0.09375	0.046875	0.61473	0.643083	0.643083	0.000987594	0.046875	0.098318	0.294954	0.294954	0.0193329	0.0632267	0.18968	0	0.00799522	0.302638	0.100879	0	0.0297548	0	0	1	0.6875	0.046875	0	0.0127841	0.000435821	1	
124	0.294954	0.705046	0	0.0625	0.03125	0.636638	0.643083	0.643083	4.15453e-05	0.03125	0.147477	0.294954	0.294954	0.0217495	0.09484	0.18968	0	0.00899463	0.430089	0	0.143363	0.0422855	0	0	1	0.6875	0.03125	0	0.00852273	0.000193698	1	
124	0.294954	0.705046	0	0.0625	0.03125	0.606999	0.643083	0.643083	0.00130208	0.03125	0.147477	0.294954	0.294954	0.0217495	0.09484	0.18968	0	0.00899463	0.319483	0	0.106494	0.0314109	0	0	1	0.6875	0.03125	0	0.00852273	0.000193698	0	
124	0.294954	0.705046	0	0.0625	0.03125	0.636638	0.643083	0.643083	4.15453e-05	0.03125	0.147477	0.294954	0.294954	0.0217495	0.09484	0.18968	0	0.00899463	0.401602	0	0.133867	0.0394847	0	0	1	0.6875	0.03125	0	0.00852273	0.000193698	1	
124	0.294954	0.705046	0	0.03125	0.015625	0.643083	0.643083	0.643083	0	0.015625	0.294954	0.294954	0.294954	0	0.18968	0.18968	0.18968	0	0.308916	0	0.102972	0.030372	0	0	1	0.6875	0.015625	0	0.00426136	4.84246e-05	0	
125	0.972524	0.0274757	0	0.125	0.0625	0.618027	0.664793	0.664793	0.000744257	0.0625	0.243131	0.972524	0.972524	0.177338	0.145438	0.581753	0	0.0634568	0.442329	0.147443	0	0.143392	0	0	1	0.5	0.0625	0	0.0214844	0.000789642	1	
125	0.0274757	0.972524	0	0.09375	0.046875	0.634215	0.664793	0.664793	0.00069514	0.046875	0.00915858	0.0274757	0.0274757	0.000167759	0.00583774	0.0175132	0	6.81584e-05	0.427176	0	0.142392	0.00391233	0	0	0	0.5	0.046875	0	0.015625	0.000427246	0	
126	0.0500975	0.949902	0	0.125	0.0625	0.756002	0.878557	0.878557	0.0110342	0.0625	0.0125244	0.0221092	0.0221092	6.32622e-05	0.00956256	0.0141817	0	3.12833e-05	0.302638	0.100879	0	0.00505381	0	0	1	0.8125	0.0625	0	0.0168269	0.000655857	0	
126	0.0500975	0.949902	0	0.09375	0.046875	0.787112	0.878557	0.878557	0.010841	0.046875	0.0166992	0.0221092	0.0221092	1.4634e-05	0.0127501	0.0141817	0.0117739	1.06998e-06	0.430089	0	0.143363	0.00718214	0	0	1	0.8125	0.046875	0	0.0132212	0.000369822	1	
126	0.0221092	0.977891	0	0.0625	0.03125	0.652057	0.662673	0.662673	0.000112707	0.03125	0.0110546	0.0221092	0.0221092	0.000122204	0.00709085	0.0141817	0	5.02802e-05	0.319483	0	0.106494	0.0023545	0	0	1	0.8125	0.03125	0	0.00721154	0.000173354	0	
126	0.877696	0.122304	0	0.09375	0.046875	0.640348	0.722407	0.722407	0.0033677	0.046875	0.292565	0.877696	0.877696	0.171189	0.175009	0.525028	0	0.0612564	0.49225	0	0.164083	0.144015	0	0	1	0.8125	0.046875	0	0.0168269	0.000430496	0	
126	0.0279884	0.972012	0	0.09375	0.046875	0.794896	0.878557	0.878557	0.00869437	0.046875	0.00932945	0.0139942	0.0139942	4.35194e-05	0.00802285	0.0122947	0	3.22283e-05	0.456699	0	0.152233	0.00426075	0	0	0	0.8125	0.046875	0	0.015625	0.000413161	0	
126	0.0221092	0.977891	0	0.0625	0.03125	0.652057	0.662673	0.662673	0.000112707	0.03125	0.0110546	0.0221092	0.0221092	0.000122204	0.00709085	0.0141817	0	5.02802e-05	0.308916	0	0.102972	0.00227662	0	0	1	0.8125	0.03125	0	0.00721154	0.000173354	0	
127	0.0949586	0.905041	0	0.125	0.0625	0.60743	0.643083	0.643083	0.000843565	0.0625	0.0237396	0.0949586	0.0949586	0.00169071	0.0152666	0.0610663	0	0.000699205	0.319483	0	0.106494	0.0101125	0	0	1	0.5625	0.0625	0	0.0225694	0.00081983	1	
127	0.905041	0.0949586	0	0.0625	0.03125	0.610832	0.630192	0.630192	0.000374832	0.03125	0.452521	0.905041	0.905041	0.204775	0.285175	0.57035	0	0.0813248	0.504797	0	0.168266	0.152288	0	0	0	0.5625	0.03125	0	0.0121528	0.000204958	1	
127	0.0949586	0.905041	0	0.03125	0.015625	0.643083	0.643083	0.643083	0	0.015625	0.0949586	0.0949586	0.0949586	0	0.0610663	0.0610663	0.0610663	0	0.308916	0	0.102972	0.00977807	0	0	1	0.5625	0.015625	0	0.00694444	6.02816e-05	1	
128	0.797962	0.202038	0	0.15625	0.078125	0.603787	0.617978	0.617978	0.000339182	0.078125	0.159592	0.797962	0.797962	0.101879	0.0986245	0.493123	0	0.0389072	0.553678	0	0.184559	0.147271	0	0	1	0.5	0.078125	0	0.0253906	0.00103378	1	
129	0.0148549	0.985145	0	0.03125	0.015625	0.707742	0.707742	0.707742	0	0.015625	0.0148549	0.0148549	0.0148549	0	0.0105135	0.0105135	0.0105135	0	0.437991	0	0.145997	0.00216877	0	0	0	0.5	0.015625	0	0.00585938	5.72205e-05	0	
129	0.985145	0.0148549	0	0.125	0.0625	0.616035	0.619955	0.619955	2.61837e-05	0.0625	0.246286	0.985145	0.985145	0.181971	0.152686	0.610745	0	0.0699394	0.487525	0.162508	0	0.160094	0	0	1	0.5	0.0625	0	0.0136719	0.000453949	0	
129	0.985145	0.0148549	0	0.15625	0.078125	0.624543	0.667235	0.667235	0.000484064	0.078125	0.197029	0.985145	0.985145	0.155282	0.122149	0.610745	0	0.0596816	0.450909	0.150303	0	0.14807	0	0	1	0.5	0.078125	0	0.0175781	0.00069809	0	
129	0.0148549	0.985145	0	0.03125	0.015625	0.707742	0.707742	0.707742	0	0.015625	0.0148549	0.0148549	0.0148549	0	0.0105135	0.0105135	0.0105135	0	0.352116	0	0.117372	0.00174355	0	0	0	0.5	0.015625	0	0.00585938	5.72205e-05	1	
130	0.887423	0.112577	0	0.1875	0.09375	0.610648	0.635794	0.635794	0.000463621	0.09375	0.147904	0.758473	0.758473	0.0753903	0.0901509	0.460682	0	0.0277807	0.553678	0	0.184559	0.163782	0	0	1	0.8125	0.09375	0	0.0516827	0.00114125	0	
130	0.112577	0.887423	0	0.09375	0.046875	0.648252	0.667235	0.667235	0.000415953	0.046875	0.0375258	0.112577	0.112577	0.00281637	0.0246757	0.0740271	0	0.00121778	0.452331	0.150777	0	0.0169741	0	0	1	0.8125	0.046875	0	0.0168269	0.000317816	0	
130	0.935525	0.0644749	0	0.21875	0.109375	0.623128	0.636282	0.636282	0.00041405	0.109375	0.133646	0.758473	0.758473	0.066726	0.0781943	0.435749	0	0.0219634	0.688755	0	0.229585	0.214783	0	0	0	0.8125	0.109375	0	0.0564904	0.00159775	0	
130	0.0644749	0.935525	0	0.03125	0.015625	0.60914	0.60914	0.60914	0	0.015625	0.0644749	0.0644749	0.0644749	0	0.0392742	0.0392742	0.0392742	0	0.430089	0	0.143363	0.00924332	0	0	1	0.8125	0.015625	0	0.00240385	3.17816e-05	1	
130	0.0644749	0.935525	0	0.03125	0.015625	0.60914	0.60914	0.60914	0	0.015625	0.0644749	0.0644749	0.0644749	0	0.0392742	0.0392742	0.0392742	0	0.504797	0	0.168266	0.0108489	0	0	0	0.8125	0.015625	0	0.00240385	3.17816e-05	1	
130	0.0644749	0.935525	0	0.03125	0.015625	0.60914	0.60914	0.60914	0	0.015625	0.0644749	0.0644749	0.0644749	0	0.0392742	0.0392742	0.0392742	0	0.534784	0	0.178261	0.0114934	0	0	0	0.8125	0.015625	0	0.00240385	3.17816e-05	0	
131	0.281252	0.718748	0	0.09375	0.046875	0.647627	0.717486	0.717486	0.00258564	0.046875	0.0937506	0.281252	0.281252	0.0175784	0.0588261	0.176478	0	0.00692102	0.427257	0.142419	0	0.0400556	0	0	0	0.5	0.046875	0	0.0214844	0.000484467	1	
131	0.762796	0.237204	0	0.1875	0.09375	0.610648	0.635794	0.635794	0.000463621	0.09375	0.127133	0.762796	0.762796	0.0808136	0.0773561	0.464136	0	0.0299198	0.553678	0	0.184559	0.140781	0	0	1	0.5	0.09375	0	0.046875	0.00164795	0	
131	0.237204	0.762796	0	0.25	0.125	0.628716	0.657567	0.657567	0.000217497	0.125	0.0296505	0.237204	0.237204	0.00615405	0.0183738	0.14699	0	0.00236317	0.487525	0.162508	0	0.0385476	0	0	1	0.5	0.125	0	0.0566406	0.00225449	0	
132	0.97003	0.02997	0	0.15625	0.078125	0.664763	0.879096	0.879096	0.0116803	0.078125	0.194006	0.97003	0.97003	0.150553	0.116052	0.580261	0	0.0538724	0.49225	0	0.164083	0.159166	0	0	1	0.5	0.078125	0	0.0351562	0.00108337	0	
132	0.02997	0.97003	0	0.09375	0.046875	0.747549	0.80717	0.80717	0.00364617	0.046875	0.00998999	0.02997	0.02997	0.0001996	0.00664127	0.0199238	0	8.82129e-05	0.456699	0	0.152233	0.00456242	0	0	0	0.5	0.046875	0	0.0253906	0.000423431	1	
132	0.02997	0.97003	0	0.125	0.0625	0.668333	0.770684	0.770684	0.0040133	0.0625	0.00749249	0.02997	0.02997	0.000168412	0.00498095	0.0199238	0	7.44296e-05	0.427176	0	0.142392	0.00426748	0	0	0	0.5	0.0625	0	0.0273438	0.000656128	0	
133	0.90312	0.0968802	0	0.125	0.0625	0.647488	0.717486	0.717486	0.00193929	0.0625	0.22578	0.90312	0.90312	0.15293	0.141671	0.566684	0	0.0602121	0.427257	0.142419	0	0.128621	0	0	0	0.9375	0.0625	0	0.0166667	0.000666233	0	
133	0.90312	0.0968802	0	0.125	0.0625	0.647488	0.717486	0.717486	0.00193929	0.0625	0.22578	0.90312	0.90312	0.15293	0.141671	0.566684	0	0.0602121	0.488625	0	0.162875	0.147096	0	0	0	0.9375	0.0625	0	0.0166667	0.000666233	0	
133	0.647281	0.352719	0	0.09375	0.046875	0.624028	0.637406	0.637406	0.000333981	0.046875	0.21576	0.647281	0.647281	0.0931049	0.129065	0.387196	0	0.0333157	0.455104	0.151701	0	0.0981933	0	0	1	0.9375	0.046875	0	0.0135417	0.000386285	1	
133	0.352719	0.647281	0	0.09375	0.046875	0.624781	0.637406	0.637406	0.000296204	0.046875	0.117573	0.352719	0.352719	0.0276469	0.0705965	0.211789	0	0.00996772	0.427176	0	0.142392	0.0502244	0	0	0	0.9375	0.046875	0	0.0135417	0.000386285	1	
133	0.19376	0.80624	0	0.15625	0.078125	0.672035	0.717283	0.717283	0.00114247	0.078125	0.0387521	0.0968802	0.0968802	0.00225259	0.0253541	0.0644687	0	0.000964719	0.401602	0	0.133867	0.0259382	0	0	1	0.9375	0.078125	0	0.0302083	0.000991753	0	
133	0.0968802	0.90312	0	0.03125	0.015625	0.643083	0.643083	0.643083	0	0.015625	0.0968802	0.0968802	0.0968802	0	0.062302	0.062302	0.062302	0	0.308916	0	0.102972	0.00997594	0	0	1	0.9375	0.015625	0	0.00625	5.85938e-05	0	
134	0.2972	0.7028	0	0.1875	0.09375	0.612041	0.653314	0.653314	0.000623331	0.09375	0.0495334	0.2972	0.2972	0.0122678	0.0281342	0.168805	0	0.00395767	0.553678	0	0.184559	0.0548511	0	0	1	0.75	0.09375	0	0.0299479	0.00180901	0	
134	0.7028	0.2972	0	0.15625	0.078125	0.623543	0.653575	0.653575	0.000246434	0.078125	0.14056	0.452516	0.452516	0.0337254	0.0871159	0.280415	0	0.0129525	0.487525	0.162508	0	0.114211	0	0	1	0.75	0.078125	0	0.0221354	0.000913832	1	
134	0.7028	0.2972	0	0.15625	0.078125	0.624543	0.667235	0.667235	0.000484064	0.078125	0.14056	0.452516	0.452516	0.0337254	0.0871159	0.280415	0	0.0129525	0.450909	0.150303	0	0.105633	0	0	1	0.75	0.078125	0	0.0182292	0.000847711	0	
134	0.250283	0.749717	0	0.0625	0.03125	0.643595	0.667235	0.667235	0.000558862	0.03125	0.125142	0.250283	0.250283	0.0156605	0.0775822	0.155164	0	0.006019	0.452331	0.150777	0	0.037737	0	0	1	0.75	0.03125	0	0.00520833	0.000135634	0	
134	0.749717	0.250283	0	0.09375	0.046875	0.638823	0.729042	0.729042	0.00446221	0.046875	0.249906	0.749717	0.749717	0.124906	0.142309	0.426926	0	0.0405035	0.605846	0	0.201949	0.151404	0	0	1	0.75	0.046875	0	0.015625	0.000325521	0	
135	0.299501	0.700499	0	0.09375	0.046875	0.647627	0.717486	0.717486	0.00258564	0.046875	0.0998336	0.299501	0.299501	0.0199335	0.062643	0.187929	0	0.00784829	0.427257	0.142419	0	0.0426546	0	0	0	0.625	0.046875	0	0.01875	0.000429688	0	
135	0.299501	0.700499	0	0.09375	0.046875	0.647627	0.717486	0.717486	0.00258564	0.046875	0.0998336	0.299501	0.299501	0.0199335	0.062643	0.187929	0	0.00784829	0.488625	0	0.162875	0.0487812	0	0	0	0.625	0.046875	0	0.01875	0.000429688	0	
135	0.295361	0.704639	0	0.09375	0.046875	0.64549	0.658764	0.658764	0.000326202	0.046875	0.0984535	0.295361	0.295361	0.0193862	0.0648576	0.194573	0	0.00841302	0.452331	0.150777	0	0.0445336	0	0	1	0.625	0.046875	0	0.015625	0.000390625	1	
135	0.700499	0.299501	0	0.0625	0.03125	0.636638	0.643083	0.643083	4.15453e-05	0.03125	0.35025	0.700499	0.700499	0.122675	0.22524	0.45048	0	0.0507329	0.430089	0	0.143363	0.100426	0	0	1	0.625	0.03125	0	0.0140625	0.000217285	0	
135	0.700499	0.299501	0	0.0625	0.03125	0.636638	0.643083	0.643083	4.15453e-05	0.03125	0.35025	0.700499	0.700499	0.122675	0.22524	0.45048	0	0.0507329	0.401602	0	0.133867	0.093774	0	0	1	0.625	0.03125	0	0.0140625	0.000217285	0	
135	0.700499	0.299501	0	0.03125	0.015625	0.643083	0.643083	0.643083	0	0.015625	0.700499	0.700499	0.700499	0	0.45048	0.45048	0.45048	0	0.308916	0	0.102972	0.0721318	0	0	1	0.625	0.015625	0	0.0078125	6.10352e-05	0	
136	0.637312	0.362688	0	0.28125	0.140625	0.631186	0.688851	0.688851	0.00120714	0.140625	0.0708124	0.637312	0.637312	0.0401152	0.0465771	0.419193	0	0.0173554	0.553678	0	0.184559	0.117622	0	0	1	0.6875	0.140625	0	0.0752841	0.0025665	1	
136	0.369653	0.630347	0	0.15625	0.078125	0.627674	0.643083	0.643083	0.000254708	0.078125	0.0739307	0.369653	0.369653	0.021863	0.0475436	0.237718	0	0.00904157	0.302638	0.100879	0	0.0372904	0	0	1	0.6875	0.078125	0	0.0241477	0.00117026	0	
136	0.369653	0.630347	0	0.0625	0.03125	0.635279	0.643083	0.643083	6.09109e-05	0.03125	0.184827	0.369653	0.369653	0.0341609	0.118859	0.237718	0	0.0141275	0.319483	0	0.106494	0.0393659	0	0	1	0.6875	0.03125	0	0.00994318	0.000189663	0	
136	0.630347	0.369653	0	0.125	0.0625	0.627789	0.639696	0.639696	0.000128546	0.0625	0.157587	0.630347	0.630347	0.0745007	0.0959923	0.383969	0	0.0276435	0.504797	0	0.168266	0.106066	0	0	0	0.6875	0.0625	0	0.0198864	0.000714263	0	
136	0.369653	0.630347	0	0.09375	0.046875	0.637657	0.643083	0.643083	2.97754e-05	0.046875	0.123218	0.369653	0.369653	0.0303653	0.0792393	0.237718	0	0.0125577	0.401602	0	0.133867	0.0494845	0	0	1	0.6875	0.046875	0	0.015625	0.000443892	0	
136	0.630347	0.369653	0	0.03125	0.015625	0.60914	0.60914	0.60914	0	0.015625	0.630347	0.630347	0.630347	0	0.383969	0.383969	0.383969	0	0.534784	0	0.178261	0.112366	0	0	0	0.6875	0.015625	0	0.00426136	4.84246e-05	0	
136	0.369653	0.630347	0	0.0625	0.03125	0.64139	0.643083	0.643083	2.86834e-06	0.03125	0.184827	0.369653	0.369653	0.0341609	0.118859	0.237718	0	0.0141275	0.308916	0	0.102972	0.0380639	0	0	1	0.6875	0.03125	0	0.00994318	0.000189663	0	
137	0.552714	0.447286	0	0.09375	0.046875	0.664008	0.729042	0.729042	0.00285408	0.046875	0.184238	0.331302	0.331302	0.0189844	0.115125	0.198181	0	0.00706014	0.455104	0.151701	0	0.0838474	0	0	1	0.8125	0.046875	0	0.0144231	0.000355376	0	
137	0.447286	0.552714	0	0.03125	0.015625	0.60914	0.60914	0.60914	0	0.015625	0.447286	0.447286	0.447286	0	0.27246	0.27246	0.27246	0	0.430089	0	0.143363	0.0641243	0	0	1	0.8125	0.015625	0	0.00240385	3.17816e-05	0	
137	0.552714	0.447286	0	0.09375	0.046875	0.621143	0.664793	0.664793	0.000953498	0.046875	0.184238	0.331302	0.331302	0.0189844	0.115125	0.198181	0	0.00706014	0.442329	0.147443	0	0.0814938	0	0	1	0.8125	0.046875	0	0.0108173	0.000390047	0	
137	0.331302	0.668698	0	0.0625	0.03125	0.599318	0.600447	0.600447	1.27554e-06	0.03125	0.165651	0.331302	0.331302	0.0274402	0.0990904	0.198181	0	0.00981891	0.49225	0	0.164083	0.0543611	0	0	1	0.8125	0.03125	0	0.00721154	0.000173354	0	
137	0.221412	0.778588	0	0.03125	0.015625	0.664793	0.664793	0.664793	0	0.015625	0.221412	0.221412	0.221412	0	0.147193	0.147193	0.147193	0	0.456699	0	0.152233	0.0337062	0	0	0	0.8125	0.015625	0	0.00360577	4.33386e-05	0	
137	0.221412	0.778588	0	0.0625	0.03125	0.63262	0.664793	0.664793	0.00103507	0.03125	0.110706	0.221412	0.221412	0.0122559	0.0735966	0.147193	0	0.00541646	0.427176	0	0.142392	0.0315273	0	0	0	0.8125	0.03125	0	0.00721154	0.000173354	0	
137	0.447286	0.552714	0	0.03125	0.015625	0.60914	0.60914	0.60914	0	0.015625	0.447286	0.447286	0.447286	0	0.27246	0.27246	0.27246	0	0.504797	0	0.168266	0.075263	0	0	0	0.8125	0.015625	0	0.00240385	3.17816e-05	0	
137	0.447286	0.552714	0	0.03125	0.015625	0.60914	0.60914	0.60914	0	0.015625	0.447286	0.447286	0.447286	0	0.27246	0.27246	0.27246	0	0.534784	0	0.178261	0.0797338	0	0	0	0.8125	0.015625	0	0.00240385	3.17816e-05	1	
138	0.203757	0.796243	0	0.125	0.0625	0.666445	0.692139	0.692139	0.000247797	0.0625	0.0509393	0.203757	0.203757	0.00778445	0.0333068	0.133227	0	0.00332803	0.549041	0.183014	0	0.0372904	0	0	0	0.9375	0.0625	0	0.0197917	0.000568576	0	
138	0.796243	0.203757	0	0.09375	0.046875	0.638823	0.729042	0.729042	0.00446221	0.046875	0.265414	0.796243	0.796243	0.140889	0.15114	0.45342	0	0.0456866	0.605846	0	0.201949	0.1608	0	0	1	0.9375	0.046875	0	0.0166667	0.000340712	1	
138	0.76083	0.23917	0	0.0625	0.03125	0.599318	0.600447	0.600447	1.27554e-06	0.03125	0.380415	0.76083	0.76083	0.144716	0.22756	0.45512	0	0.0517835	0.49225	0	0.164083	0.12484	0	0	1	0.9375	0.03125	0	0.00729167	0.00015842	0	
138	0.23917	0.76083	0	0.03125	0.015625	0.664793	0.664793	0.664793	0	0.015625	0.23917	0.23917	0.23917	0	0.158998	0.158998	0.158998	0	0.456699	0	0.152233	0.0364095	0	0	0	0.9375	0.015625	0	0.00416667	4.77431e-05	0	
138	0.23917	0.76083	0	0.0625	0.03125	0.63262	0.664793	0.664793	0.00103507	0.03125	0.119585	0.23917	0.23917	0.0143006	0.0794992	0.158998	0	0.00632012	0.427176	0	0.142392	0.0340559	0	0	0	0.9375	0.03125	0	0.00729167	0.00015842	0	
139	0.0181476	0.981852	0	0.03125	0.015625	0.824926	0.824926	0.824926	0	0.015625	0.0181476	0.0181476	0.0181476	0	0.0149704	0.0149704	0.0149704	0	0.427257	0.142419	0	0.00258455	0	0	0	0.6875	0.015625	0	0.00284091	3.63184e-05	0	
139	0.0181476	0.981852	0	0.03125	0.015625	0.824926	0.824926	0.824926	0	0.015625	0.0181476	0.0181476	0.0181476	0	0.0149704	0.0149704	0.0149704	0	0.316741	0	0.10558	0.00191603	0	0	0	0.6875	0.015625	0	0.00284091	3.63184e-05	0	
139	0.0181476	0.981852	0	0.03125	0.015625	0.824926	0.824926	0.824926	0	0.015625	0.0181476	0.0181476	0.0181476	0	0.0149704	0.0149704	0.0149704	0	0.408196	0.136065	0	0.00246925	0	0	0	0.6875	0.015625	0	0.00284091	3.63184e-05	0	
139	1	1.11022e-16	-0.202787	0.28125	0.140625	0.67085	0.703419	0.703419	0.000814701	0.140625	0.111111	0.981852	0.981852	0.0948058	0.0727502	0.641987	0	0.0405196	0.549041	0.183014	0	0.183014	0	0	0	0.6875	0.140625	0	0.0582386	0.00293372	0	
139	1	1.11022e-16	0.13625	0.3125	0.15625	0.6406	0.70249	0.70249	0.00118346	0.15625	0.1	0.981852	0.981852	0.0864364	0.0653534	0.641987	0	0.036957	0.688755	0	0.229585	0.229585	0	0	0	0.6875	0.15625	0	0.0667614	0.00355517	0	
139	0.945557	0.0544427	0	0.0625	0.03125	0.599318	0.600447	0.600447	1.27554e-06	0.03125	0.472779	0.945557	0.945557	0.22352	0.282811	0.565622	0	0.079982	0.49225	0	0.164083	0.15515	0	0	1	0.6875	0.03125	0	0.00994318	0.000189663	1	
140	0.0267973	0.973203	0	0.03125	0.015625	0.707956	0.707956	0.707956	0	0.015625	0.0267973	0.0267973	0.0267973	0	0.0189713	0.0189713	0.0189713	0	0.437991	0	0.145997	0.00391233	0	0	0	0.5625	0.015625	0	0.00520833	5.42535e-05	1	
140	0.973203	0.0267973	0	0.125	0.0625	0.616035	0.619955	0.619955	2.61837e-05	0.0625	0.243301	0.973203	0.973203	0.177586	0.150835	0.603342	0	0.068254	0.487525	0.162508	0	0.158154	0	0	1	0.5625	0.0625	0	0.015625	0.000434028	0	
140	0.973203	0.0267973	0	0.15625	0.078125	0.624543	0.667235	0.667235	0.000484064	0.078125	0.194641	0.973203	0.973203	0.15154	0.120668	0.603342	0	0.0582434	0.450909	0.150303	0	0.146275	0	0	1	0.5625	0.078125	0	0.0190972	0.000638985	0	
140	0.0267973	0.973203	0	0.0625	0.03125	0.687596	0.707956	0.707956	0.000414545	0.03125	0.0133987	0.0267973	0.0267973	0.000179524	0.00948566	0.0189713	0	8.99777e-05	0.51328	0.171093	0	0.00458484	0	0	0	0.5625	0.03125	0	0.00868056	0.000168789	0	
141	0.0234137	0.976586	0	0.1875	0.09375	0.612041	0.653314	0.653314	0.000623331	0.09375	0.00390229	0.0234137	0.0234137	7.61393e-05	0.00254942	0.0152965	0	3.24977e-05	0.553678	0	0.184559	0.00432122	0	0	1	0.8125	0.09375	0	0.0384615	0.00137528	0	
141	0.91636	0.08364	0	0.0625	0.03125	0.631403	0.680983	0.680983	0.0024581	0.03125	0.45818	0.91636	0.91636	0.209929	0.312013	0.624025	0	0.0973519	0.437991	0	0.145997	0.133786	0	0	0	0.8125	0.03125	0	0.00961538	0.000170465	1	
141	0.0234137	0.976586	0	0.09375	0.046875	0.671152	0.693666	0.693666	0.000282322	0.046875	0.00780458	0.0234137	0.0234137	0.000121823	0.00509884	0.0152965	0	5.19963e-05	0.549041	0.183014	0	0.00428504	0	0	0	0.8125	0.046875	0	0.0144231	0.000317816	0	
141	0.107054	0.892946	0	0.125	0.0625	0.66833	0.728562	0.728562	0.00152128	0.0625	0.0267634	0.08364	0.08364	0.00116968	0.0188631	0.0609369	0	0.000625185	0.452331	0.150777	0	0.0161413	0	0	1	0.8125	0.0625	0	0.0216346	0.000508506	0	
141	0.91636	0.08364	0	0.0625	0.03125	0.631403	0.680983	0.680983	0.0024581	0.03125	0.45818	0.91636	0.91636	0.209929	0.312013	0.624025	0	0.0973519	0.352116	0	0.117372	0.107555	0	0	0	0.8125	0.03125	0	0.00961538	0.000170465	1	
141	0.976586	0.0234137	0	0.125	0.0625	0.661832	0.730856	0.730856	0.00392982	0.0625	0.244147	0.976586	0.976586	0.178823	0.146046	0.584183	0	0.063988	0.442329	0.147443	0	0.143991	0	0	1	0.8125	0.0625	0	0.0168269	0.000580737	0	
141	0.976586	0.0234137	0	0.0625	0.03125	0.599318	0.600447	0.600447	1.27554e-06	0.03125	0.488293	0.976586	0.976586	0.23843	0.292091	0.584183	0	0.0853174	0.49225	0	0.164083	0.160242	0	0	1	0.8125	0.03125	0	0.00841346	0.000173354	0	
142	0.969696	0.0303035	0	0.1875	0.09375	0.612041	0.653314	0.653314	0.000623331	0.09375	0.161616	0.70082	0.70082	0.0677874	0.101359	0.432493	0	0.0260442	0.553678	0	0.184559	0.178966	0	0	1	0.6875	0.09375	0	0.0482955	0.00166258	0	
142	0.29918	0.70082	0	0.15625	0.078125	0.624543	0.667235	0.667235	0.000484064	0.078125	0.0598361	0.268877	0.268877	0.0110623	0.037094	0.166691	0	0.00425177	0.450909	0.150303	0	0.0449677	0	0	1	0.6875	0.078125	0	0.0298295	0.00095235	0	
142	0.268877	0.731123	0	0.0625	0.03125	0.659895	0.666476	0.666476	4.3315e-05	0.03125	0.134438	0.268877	0.268877	0.0180737	0.0878304	0.175661	0	0.00771418	0.549041	0.183014	0	0.0492082	0	0	0	0.6875	0.03125	0	0.0113636	0.000181592	0	
142	0.268877	0.731123	0	0.09375	0.046875	0.648252	0.667235	0.667235	0.000415953	0.046875	0.0896256	0.268877	0.268877	0.0160655	0.0555638	0.166691	0	0.00617467	0.452331	0.150777	0	0.0405405	0	0	1	0.6875	0.046875	0	0.00994318	0.000322831	1	
142	0.731123	0.268877	0	0.0625	0.03125	0.599318	0.600447	0.600447	1.27554e-06	0.03125	0.365562	0.731123	0.731123	0.133635	0.218675	0.43735	0	0.0478187	0.442329	0.147443	0	0.107799	0	0	1	0.6875	0.03125	0	0.00994318	0.000189663	0	
142	0.731123	0.268877	0	0.0625	0.03125	0.599318	0.600447	0.600447	1.27554e-06	0.03125	0.365562	0.731123	0.731123	0.133635	0.218675	0.43735	0	0.0478187	0.49225	0	0.164083	0.119965	0	0	1	0.6875	0.03125	0	0.00994318	0.000189663	0	
143	0.887423	0.112577	0	0.1875	0.09375	0.610648	0.635794	0.635794	0.000463621	0.09375	0.147904	0.887423	0.887423	0.109378	0.0898339	0.539003	0	0.0403506	0.553678	0	0.184559	0.163782	0	0	1	1	0.09375	0	0.0439453	0.00122738	0	
143	0.112577	0.887423	0	0.125	0.0625	0.663178	0.707956	0.707956	0.000980318	0.0625	0.0281443	0.112577	0.112577	0.00237631	0.0185068	0.0740271	0	0.0010275	0.452331	0.150777	0	0.0169741	0	0	1	1	0.0625	0	0.0185547	0.000464439	1	
143	0.871435	0.128565	0	0.0625	0.03125	0.599318	0.600447	0.600447	1.27554e-06	0.03125	0.435717	0.871435	0.871435	0.18985	0.260641	0.521282	0	0.0679338	0.49225	0	0.164083	0.142988	0	0	1	1	0.03125	0	0.00878906	0.000182152	0	
143	0.128565	0.871435	0	0.03125	0.015625	0.664793	0.664793	0.664793	0	0.015625	0.128565	0.128565	0.128565	0	0.0854693	0.0854693	0.0854693	0	0.456699	0	0.152233	0.0195719	0	0	0	1	0.015625	0	0.00488281	5.24521e-05	0	
143	0.128565	0.871435	0	0.0625	0.03125	0.63262	0.664793	0.664793	0.00103507	0.03125	0.0642827	0.128565	0.128565	0.00413226	0.0427347	0.0854693	0	0.00182625	0.427176	0	0.142392	0.0183067	0	0	0	1	0.03125	0	0.00878906	0.000182152	0	
144	0.97959	0.0204097	0	0.125	0.0625	0.616035	0.619955	0.619955	2.61837e-05	0.0625	0.244898	0.97959	0.97959	0.179924	0.151825	0.607302	0	0.0691529	0.487525	0.162508	0	0.159192	0	0	1	0.5625	0.0625	0	0.015625	0.000434028	0	
144	0.97959	0.0204097	0	0.25	0.125	0.641797	0.766985	0.766985	0.00413728	0.125	0.122449	0.97959	0.97959	0.104956	0.0756706	0.605365	0	0.0400823	0.59993	0.199977	0	0.195895	1	0	1	0.5625	0.125	0	0.0434028	0.00210383	0	
144	0.97959	0.0204097	0	0.15625	0.078125	0.624543	0.667235	0.667235	0.000484064	0.078125	0.195918	0.97959	0.97959	0.153536	0.12146	0.607302	0	0.0590104	0.450909	0.150303	0	0.147235	0	0	1	0.5625	0.078125	0	0.0190972	0.000638985	0	
144	0.0204097	0.97959	0	0.0625	0.03125	0.68413	0.701784	0.701784	0.000311662	0.03125	0.0102048	0.0204097	0.0204097	0.000104139	0.0071616	0.0143232	0	5.12885e-05	0.575069	0	0.19169	0.00391233	0	0	0	0.5625	0.03125	0	0.00868056	0.000168789	1	
145	0.972524	0.0274757	0	0.125	0.0625	0.616035	0.619955	0.619955	2.61837e-05	0.0625	0.243131	0.972524	0.972524	0.177338	0.15073	0.602921	0	0.0681588	0.487525	0.162508	0	0.158043	0	0	1	0.5625	0.0625	0	0.015625	0.000434028	0	
145	0.972524	0.0274757	0	0.15625	0.078125	0.624543	0.667235	0.667235	0.000484064	0.078125	0.194505	0.972524	0.972524	0.151329	0.120584	0.602921	0	0.0581622	0.450909	0.150303	0	0.146173	0	0	1	0.5625	0.078125	0	0.0190972	0.000638985	0	
145	0.0274757	0.972524	0	0.0625	0.03125	0.618927	0.637406	0.637406	0.00034149	0.03125	0.0137379	0.0274757	0.0274757	0.000188729	0.00824887	0.0164977	0	6.80439e-05	0.427176	0	0.142392	0.00391233	0	0	0	0.5625	0.03125	0	0.0104167	0.00016276	1	
146	0.619033	0.380967	0	0.125	0.0625	0.647488	0.717486	0.717486	0.00193929	0.0625	0.154758	0.619033	0.619033	0.0718503	0.0971068	0.388427	0	0.0282892	0.427257	0.142419	0	0.088162	0	0	0	0.8125	0.0625	0	0.0228365	0.000849436	1	
146	0.0830066	0.916993	0	0.09375	0.046875	0.712154	0.809939	0.809939	0.00920235	0.046875	0.0276689	0.0830066	0.0830066	0.00153113	0.0224101	0.0672303	0	0.00100443	0.437991	0	0.145997	0.0121187	0	0	0	0.8125	0.046875	0	0.0108173	0.000277367	0	
146	0.916993	0.0830066	0	0.25	0.125	0.628739	0.657752	0.657752	0.000218842	0.125	0.114624	0.916993	0.916993	0.0919709	0.0696205	0.556964	0	0.0339291	0.487525	0.162508	0	0.149019	0	0	1	0.8125	0.125	0	0.0528846	0.00193579	0	
146	0.0830066	0.916993	0	0.09375	0.046875	0.695882	0.809939	0.809939	0.00674263	0.046875	0.0276689	0.0830066	0.0830066	0.00153113	0.0224101	0.0672303	0	0.00100443	0.452331	0.150777	0	0.0125155	0	0	1	0.8125	0.046875	0	0.0132212	0.000332262	0	
146	0.0830066	0.916993	0	0.09375	0.046875	0.712154	0.809939	0.809939	0.00920235	0.046875	0.0276689	0.0830066	0.0830066	0.00153113	0.0224101	0.0672303	0	0.00100443	0.352116	0	0.117372	0.00974266	0	0	0	0.8125	0.046875	0	0.0108173	0.000277367	0	
147	0.79642	0.20358	0	0.03125	0.015625	0.581824	0.581824	0.581824	0	0.015625	0.79642	0.79642	0.79642	0	0.463376	0.463376	0.463376	0	0.437991	0	0.145997	0.116275	0	0	0	0.5625	0.015625	0	0.00347222	4.21971e-05	0	
147	0.79642	0.20358	0	0.03125	0.015625	0.581824	0.581824	0.581824	0	0.015625	0.79642	0.79642	0.79642	0	0.463376	0.463376	0.463376	0	0.487192	0	0.162397	0.129336	0	0	0	0.5625	0.015625	0	0.00347222	4.21971e-05	0	
147	0.79642	0.20358	0	0.03125	0.015625	0.581824	0.581824	0.581824	0	0.015625	0.79642	0.79642	0.79642	0	0.463376	0.463376	0.463376	0	0.352116	0	0.117372	0.0934775	0	0	0	0.5625	0.015625	0	0.00347222	4.21971e-05	0	
147	0.20358	0.79642	0	0.0625	0.03125	0.631491	0.664793	0.664793	0.00110902	0.03125	0.10179	0.20358	0.20358	0.0103612	0.0608896	0.121779	0	0.00370754	0.455104	0.151701	0	0.0308833	0	0	1	0.5625	0.03125	0	0.0104167	0.000217014	0	
147	0.474088	0.525912	0	0.09375	0.046875	0.613824	0.643083	0.643083	0.000961219	0.046875	0.158029	0.474088	0.474088	0.0499465	0.0991593	0.297478	0	0.0196651	0.319483	0	0.106494	0.0504876	0	0	1	0.5625	0.046875	0	0.0173611	0.00045814	0	
147	0.20358	0.79642	0	0.09375	0.046875	0.621143	0.664793	0.664793	0.000953498	0.046875	0.06786	0.20358	0.20358	0.00920995	0.040593	0.121779	0	0.00329559	0.442329	0.147443	0	0.0300164	0	0	1	0.5625	0.046875	0	0.015625	0.000488281	1	
147	0.20358	0.79642	0	0.0625	0.03125	0.599318	0.600447	0.600447	1.27554e-06	0.03125	0.10179	0.20358	0.20358	0.0103612	0.0608896	0.121779	0	0.00370754	0.49225	0	0.164083	0.0334041	0	0	1	0.5625	0.03125	0	0.0104167	0.000217014	1	
148	0.826392	0.173608	0	0.25	0.125	0.629894	0.666988	0.666988	0.000295159	0.125	0.103299	0.826392	0.826392	0.0746948	0.0640407	0.512326	0	0.0287085	0.487525	0.162508	0	0.134296	0	0	1	0.5	0.125	0	0.0527344	0.00255966	0	
148	0.826392	0.173608	0	0.34375	0.171875	0.638015	0.692139	0.692139	0.000829969	0.171875	0.0751265	0.826392	0.826392	0.05644	0.0465751	0.512326	0	0.0216924	0.450909	0.150303	0	0.124209	0	0	1	0.5	0.171875	0	0.0703125	0.00494385	0	
148	0.173608	0.826392	0	0.46875	0.234375	0.668897	0.83875	0.83875	0.00550443	0.234375	0.0115739	0.173608	0.173608	0.00187536	0.00797266	0.11959	0	0.000889887	0.688755	0	0.229585	0.0398578	0	0	0	0.5	0.234375	0	0.105469	0.0101166	1	
148	0.979244	0.0207563	0	0.125	0.0625	0.609239	0.65032	0.65032	0.000982392	0.0625	0.244811	0.979244	0.979244	0.179797	0.153613	0.61445	0	0.0707905	0.319483	0	0.106494	0.104284	0	0	1	0.5	0.0625	0	0.0234375	0.000732422	0	
149	0.676317	0.323683	0	0.15625	0.078125	0.651852	0.717486	0.717486	0.00162762	0.078125	0.135263	0.554845	0.554845	0.0462255	0.0853504	0.348151	0	0.0181928	0.427257	0.142419	0	0.0963204	0	0	0	0.75	0.078125	0	0.0273438	0.00114441	0	
149	0.121472	0.878528	0	0.0625	0.03125	0.682278	0.717486	0.717486	0.0012396	0.03125	0.0607361	0.121472	0.121472	0.00368888	0.0393005	0.078601	0	0.00154453	0.316741	0	0.10558	0.0128251	0	0	0	0.75	0.03125	0	0.00911458	0.00018141	1	
149	0.878528	0.121472	0	0.03125	0.015625	0.632128	0.632128	0.632128	0	0.015625	0.878528	0.878528	0.878528	0	0.555342	0.555342	0.555342	0	0.52375	0.174583	0	0.153376	0	0	0	0.75	0.015625	0	0.00651042	5.93397e-05	0	
149	0.121472	0.878528	0	0.0625	0.03125	0.641045	0.643046	0.643046	4.00674e-06	0.03125	0.0607361	0.121472	0.121472	0.00368888	0.0390562	0.0781123	0	0.00152538	0.308916	0	0.102972	0.0125082	0	0	1	0.75	0.03125	0	0.0143229	0.00018141	0	
150	0.299501	0.700499	0	0.09375	0.046875	0.647627	0.717486	0.717486	0.00258564	0.046875	0.0998336	0.299501	0.299501	0.0199335	0.062643	0.187929	0	0.00784829	0.427257	0.142419	0	0.0426546	0	0	0	0.625	0.046875	0	0.01875	0.000429688	0	
150	0.299501	0.700499	0	0.09375	0.046875	0.647627	0.717486	0.717486	0.00258564	0.046875	0.0998336	0.299501	0.299501	0.0199335	0.062643	0.187929	0	0.00784829	0.488625	0	0.162875	0.0487812	0	0	0	0.625	0.046875	0	0.01875	0.000429688	0	
150	0.243335	0.756665	0	0.09375	0.046875	0.671101	0.693513	0.693513	0.00028002	0.046875	0.0811116	0.243335	0.243335	0.0131582	0.0562519	0.168756	0	0.00632856	0.549041	0.183014	0	0.0445336	0	0	0	0.625	0.046875	0	0.015625	0.000439453	1	
150	0.700499	0.299501	0	0.09375	0.046875	0.627472	0.643083	0.643083	0.00019573	0.046875	0.2335	0.700499	0.700499	0.109044	0.15016	0.45048	0	0.045096	0.430089	0	0.143363	0.100426	0	0	1	0.625	0.046875	0	0.0171875	0.00036377	0	
150	0.700499	0.299501	0	0.0625	0.03125	0.636638	0.643083	0.643083	4.15453e-05	0.03125	0.35025	0.700499	0.700499	0.122675	0.22524	0.45048	0	0.0507329	0.401602	0	0.133867	0.093774	0	0	1	0.625	0.03125	0	0.0140625	0.000217285	0	
150	0.700499	0.299501	0	0.03125	0.015625	0.643083	0.643083	0.643083	0	0.015625	0.700499	0.700499	0.700499	0	0.45048	0.45048	0.45048	0	0.308916	0	0.102972	0.0721318	0	0	1	0.625	0.015625	0	0.0078125	6.10352e-05	0	
151	0.983425	0.0165752	0	0.125	0.0625	0.653048	0.717486	0.717486	0.00202738	0.0625	0.245856	0.631112	0.631112	0.0701615	0.158266	0.42241	0	0.0306532	0.427257	0.142419	0	0.140058	0	0	0	0.75	0.0625	0	0.0208333	0.000745985	0	
151	0.983425	0.0165752	0	0.1875	0.09375	0.628559	0.717486	0.717486	0.00257603	0.09375	0.163904	0.631112	0.631112	0.0602066	0.105511	0.42241	0	0.0260017	0.488625	0	0.162875	0.160175	0	0	0	0.75	0.09375	0	0.03125	0.00174967	0	
151	0.647688	0.352312	0	0.03125	0.015625	0.600447	0.600447	0.600447	0	0.015625	0.647688	0.647688	0.647688	0	0.388902	0.388902	0.388902	0	0.442329	0.147443	0	0.095497	0	0	1	0.75	0.015625	0	0.00390625	4.57764e-05	0	
151	0.647688	0.352312	0	0.03125	0.015625	0.600447	0.600447	0.600447	0	0.015625	0.647688	0.647688	0.647688	0	0.388902	0.388902	0.388902	0	0.49225	0	0.164083	0.106275	0	0	1	0.75	0.015625	0	0.00390625	4.57764e-05	0	
151	0.647688	0.352312	0	0.03125	0.015625	0.600447	0.600447	0.600447	0	0.015625	0.647688	0.647688	0.647688	0	0.388902	0.388902	0.388902	0	0.427176	0	0.142392	0.0922255	0	0	0	0.75	0.015625	0	0.00390625	4.57764e-05	0	
151	0.368888	0.631112	0	0.0625	0.03125	0.610832	0.630192	0.630192	0.000374832	0.03125	0.184444	0.352312	0.352312	0.0281799	0.109414	0.208383	0.0104456	0.00979477	0.504797	0	0.168266	0.0620712	0	0	0	0.75	0.03125	0	0.0104167	0.000176324	1	
151	0.368888	0.631112	0	0.09375	0.046875	0.621582	0.643083	0.643083	0.000481038	0.046875	0.122963	0.352312	0.352312	0.0263465	0.0729427	0.208383	0	0.00919017	0.401602	0	0.133867	0.049382	0	0	1	0.75	0.046875	0	0.0169271	0.000425551	0	
152	0.679668	0.320332	0	0.0625	0.03125	0.631491	0.664793	0.664793	0.00110902	0.03125	0.339834	0.679668	0.679668	0.115487	0.203285	0.406569	0	0.0413247	0.455104	0.151701	0	0.103106	0	0	1	0.6875	0.03125	0	0.00852273	0.000193698	0	
152	0.754595	0.245405	0	0.125	0.0625	0.626658	0.643083	0.643083	0.000438079	0.0625	0.188649	0.434263	0.434263	0.0372109	0.117054	0.278748	0	0.0146979	0.430089	0	0.143363	0.108181	0	0	1	0.6875	0.0625	0	0.0241477	0.00063759	1	
152	0.679668	0.320332	0	0.09375	0.046875	0.621143	0.664793	0.664793	0.000953498	0.046875	0.226556	0.679668	0.679668	0.102655	0.135523	0.406569	0	0.036733	0.442329	0.147443	0	0.100212	0	0	1	0.6875	0.046875	0	0.0127841	0.000435821	1	
152	0.679668	0.320332	0	0.0625	0.03125	0.599318	0.600447	0.600447	1.27554e-06	0.03125	0.339834	0.679668	0.679668	0.115487	0.203285	0.406569	0	0.0413247	0.49225	0	0.164083	0.111522	0	0	1	0.6875	0.03125	0	0.00852273	0.000193698	0	
152	0.320332	0.679668	0	0.0625	0.03125	0.610832	0.630192	0.630192	0.000374832	0.03125	0.160166	0.320332	0.320332	0.0256532	0.0947337	0.189467	0	0.00897447	0.504797	0	0.168266	0.053901	0	0	0	0.6875	0.03125	0	0.00852273	0.000149309	0	
152	0.320332	0.679668	0	0.09375	0.046875	0.621582	0.643083	0.643083	0.000481038	0.046875	0.106777	0.320332	0.320332	0.0228028	0.0631558	0.189467	0	0.0079773	0.401602	0	0.133867	0.042882	0	0	1	0.6875	0.046875	0	0.015625	0.000355114	0	
153	0.0647877	0.935212	0	0.03125	0.015625	0.717486	0.717486	0.717486	0	0.015625	0.0647877	0.0647877	0.0647877	0	0.0464842	0.0464842	0.0464842	0	0.427257	0.142419	0	0.009227	0	0	0	0.875	0.015625	0	0.00334821	4.11053e-05	0	
153	0.948359	0.0516406	0	0.1875	0.09375	0.610648	0.635794	0.635794	0.000463621	0.09375	0.15806	0.908918	0.908918	0.112778	0.09609	0.552059	0	0.0415893	0.553678	0	0.184559	0.175029	0	0	1	0.875	0.09375	0	0.046875	0.00125558	1	
153	0.0647877	0.935212	0	0.03125	0.015625	0.717486	0.717486	0.717486	0	0.015625	0.0647877	0.0647877	0.0647877	0	0.0464842	0.0464842	0.0464842	0	0.488625	0	0.162875	0.0105523	0	0	0	0.875	0.015625	0	0.00334821	4.11053e-05	0	
153	0.0647877	0.935212	0	0.03125	0.015625	0.717486	0.717486	0.717486	0	0.015625	0.0647877	0.0647877	0.0647877	0	0.0464842	0.0464842	0.0464842	0	0.316741	0	0.10558	0.00684031	0	0	0	0.875	0.015625	0	0.00334821	4.11053e-05	0	
153	0.993426	0.00657353	0	0.21875	0.109375	0.631307	0.666944	0.666944	0.000320744	0.109375	0.141918	0.908918	0.908918	0.098387	0.0863904	0.552059	0	0.0362709	0.487525	0.162508	0	0.16144	0	0	1	0.875	0.109375	0	0.0580357	0.00151467	0	
153	0.0647877	0.935212	0	0.03125	0.015625	0.717486	0.717486	0.717486	0	0.015625	0.0647877	0.0647877	0.0647877	0	0.0464842	0.0464842	0.0464842	0	0.408196	0.136065	0	0.00881536	0	0	0	0.875	0.015625	0	0.00334821	4.11053e-05	0	
153	1	1.11022e-16	-0.0205978	0.25	0.125	0.627265	0.666944	0.666944	0.000308429	0.125	0.125	0.908918	0.908918	0.0881138	0.0760701	0.552059	0	0.0324909	0.450909	0.150303	0	0.150303	0	0	1	0.875	0.125	0	0.0647321	0.00219228	0	
153	0.948359	0.0516406	0	0.21875	0.109375	0.623128	0.636282	0.636282	0.00041405	0.109375	0.13548	0.915492	0.915492	0.101421	0.0781064	0.525958	0	0.0334354	0.688755	0	0.229585	0.217729	0	0	0	0.875	0.109375	0	0.0513393	0.00172393	1	
154	0.549689	0.450311	0	0.09375	0.046875	0.669495	0.717486	0.717486	0.0011532	0.046875	0.18323	0.549689	0.549689	0.0671463	0.118562	0.355687	0	0.0281141	0.316741	0	0.10558	0.0580364	0	0	0	0.4375	0.046875	0	0.0290179	0.000448422	0	
154	0.892293	0.107707	0	0.125	0.0625	0.637694	0.657567	0.657567	0.000321584	0.0625	0.223073	0.892293	0.892293	0.149285	0.138234	0.552936	0	0.0573259	0.487525	0.162508	0	0.145005	0	0	1	0.4375	0.0625	0	0.0223214	0.00068758	1	
154	0.892293	0.107707	0	0.09375	0.046875	0.621797	0.653575	0.653575	0.000631372	0.046875	0.297431	0.892293	0.892293	0.176931	0.184312	0.552936	0	0.0679418	0.59993	0.199977	0	0.178438	1	0	1	0.4375	0.046875	0	0.0223214	0.000408562	0	
154	0.892293	0.107707	0	0.09375	0.046875	0.635623	0.667235	0.667235	0.000499673	0.046875	0.297431	0.892293	0.892293	0.176931	0.184312	0.552936	0	0.0679418	0.450909	0.150303	0	0.134114	0	0	1	0.4375	0.046875	0	0.0133929	0.000448422	0	
154	0.107707	0.892293	0	0.09375	0.046875	0.636214	0.66931	0.66931	0.000621532	0.046875	0.0359022	0.107707	0.107707	0.00257794	0.0218695	0.0656084	0	0.000956548	0.430089	0	0.143363	0.0154412	0	0	1	0.4375	0.046875	0	0.0245536	0.000338807	0	
154	0.107707	0.892293	0	0.0625	0.03125	0.619666	0.630192	0.630192	0.000110803	0.03125	0.0538534	0.107707	0.107707	0.00290018	0.0328042	0.0656084	0	0.00107612	0.504797	0	0.168266	0.0181234	0	0	0	0.4375	0.03125	0	0.0133929	0.000169404	0	
154	0.107707	0.892293	0	0.03125	0.015625	0.60914	0.60914	0.60914	0	0.015625	0.107707	0.107707	0.107707	0	0.0656084	0.0656084	0.0656084	0	0.534784	0	0.178261	0.0191999	0	0	0	0.4375	0.015625	0	0.00446429	4.98246e-05	0	
155	0.828995	0.171005	0	0.09375	0.046875	0.631569	0.66931	0.66931	0.000857743	0.046875	0.276332	0.582974	0.582974	0.0571024	0.170968	0.365801	0	0.0225865	0.427257	0.142419	0	0.118065	0	0	0	0.75	0.046875	0	0.0182292	0.000440809	1	
155	0.753978	0.246022	0	0.03125	0.015625	0.632128	0.632128	0.632128	0	0.015625	0.753978	0.753978	0.753978	0	0.476611	0.476611	0.476611	0	0.52375	0.174583	0	0.131632	0	0	0	0.75	0.015625	0	0.00651042	5.93397e-05	0	
155	0.246022	0.753978	0	0.0625	0.03125	0.641045	0.643046	0.643046	4.00674e-06	0.03125	0.123011	0.246022	0.246022	0.0151317	0.0791017	0.158203	0	0.00625707	0.308916	0	0.102972	0.0253333	0	0	1	0.75	0.03125	0	0.0143229	0.00018141	0	
156	1	3.33067e-16	-0.176852	0.1875	0.09375	0.612781	0.657752	0.657752	0.000687136	0.09375	0.166667	1	1	0.138889	0.102996	0.617978	0	0.0530412	0.553678	0	0.184559	0.184559	0	0	1	0.6875	0.09375	0	0.0284091	0.00163433	0	
156	1	3.33067e-16	0	0.28125	0.140625	0.656093	0.770459	0.770459	0.00531253	0.140625	0.111111	1	1	0.0987654	0.0686642	0.617978	0	0.0377182	0.59993	0.199977	0	0.199977	1	0	1	0.6875	0.140625	0	0.0411932	0.0024979	0	
156	1	2.22045e-16	0.150431	0.125	0.0625	0.704143	0.879096	0.879096	0.0129123	0.0625	0.25	1	1	0.1875	0.149547	0.598189	0	0.067093	0.455104	0.151701	0	0.151701	0	0	1	0.6875	0.0625	0	0.0269886	0.000669873	0	
156	1	3.33067e-16	0.274632	0.15625	0.078125	0.698316	0.770459	0.770459	0.00520459	0.078125	0.2	1	1	0.16	0.123596	0.617978	0	0.0611034	0.605846	0	0.201949	0.201949	0	0	1	0.6875	0.078125	0	0.0269886	0.00102499	0	
156	1	2.22045e-16	0.186805	0.09375	0.046875	0.65795	0.766985	0.766985	0.0059626	0.046875	0.333333	1	1	0.222222	0.199396	0.598189	0	0.0795177	0.442329	0.147443	0	0.147443	0	0	1	0.6875	0.046875	0	0.0198864	0.000403538	0	
156	1	2.22045e-16	-0.000556549	0.125	0.0625	0.714105	0.879096	0.879096	0.0137373	0.0625	0.25	1	1	0.1875	0.149547	0.598189	0	0.067093	0.49225	0	0.164083	0.164083	0	0	1	0.6875	0.0625	0	0.0269886	0.000669873	0	
156	0.911872	0.0881277	0	0.15625	0.078125	0.637391	0.679231	0.679231	0.000794959	0.078125	0.182374	0.911872	0.911872	0.133042	0.114931	0.574655	0	0.0528365	0.401602	0	0.133867	0.12207	0	0	1	0.6875	0.078125	0	0.0298295	0.00112991	0	
156	0.0881277	0.911872	0	0.09375	0.046875	0.746717	0.879096	0.879096	0.00876324	0.046875	0.0293759	0.0881277	0.0881277	0.00172589	0.0200292	0.0600876	0	0.000802337	0.534784	0	0.178261	0.0157097	0	0	0	0.6875	0.046875	0	0.0198864	0.000359149	1	
157	0.500593	0.499407	0	0.0625	0.03125	0.579581	0.588248	0.588248	7.51111e-05	0.03125	0.250296	0.500593	0.500593	0.0626483	0.142898	0.285796	0	0.0204198	0.488625	0	0.162875	0.0815341	0	0	0	0.6875	0.03125	0	0.0113636	0.000225981	0	
157	0.692269	0.307731	0	0.21875	0.109375	0.617345	0.636282	0.636282	0.000568367	0.109375	0.0988955	0.692269	0.692269	0.0586819	0.0629255	0.440478	0	0.0237577	0.688755	0	0.229585	0.158935	0	0	0	0.6875	0.109375	0	0.0426136	0.0017796	1	
157	0.499407	0.500593	0	0.15625	0.078125	0.640078	0.703515	0.703515	0.00131138	0.078125	0.0998815	0.499407	0.499407	0.0399052	0.0702682	0.351341	0	0.0197505	0.430089	0	0.143363	0.0715966	0	0	1	0.6875	0.078125	0	0.0241477	0.00108148	0	
157	0.500593	0.499407	0	0.09375	0.046875	0.600749	0.643083	0.643083	0.000946189	0.046875	0.166864	0.500593	0.500593	0.0556873	0.0952652	0.285796	0	0.0181509	0.319483	0	0.106494	0.0533102	0	0	1	0.6875	0.046875	0	0.0170455	0.000508458	0	
157	0.499407	0.500593	0	0.125	0.0625	0.710595	0.841289	0.841289	0.00633161	0.0625	0.124852	0.499407	0.499407	0.0467639	0.0878352	0.351341	0	0.0231451	0.52375	0.174583	0	0.0871882	0	0	0	0.6875	0.0625	0	0.0198864	0.000758652	0	
157	0.499407	0.500593	0	0.1875	0.09375	0.677341	0.841289	0.841289	0.00655773	0.09375	0.0832346	0.499407	0.499407	0.03464	0.0585568	0.351341	0	0.0171445	0.504797	0	0.168266	0.0840332	0	0	0	0.6875	0.09375	0	0.0284091	0.00154555	0	
158	0.403906	0.596094	0	0.09375	0.046875	0.648252	0.667235	0.667235	0.000415953	0.046875	0.134635	0.403906	0.403906	0.0362533	0.0834677	0.250403	0	0.0139337	0.452331	0.150777	0	0.0608997	0	0	1	0.6875	0.046875	0	0.0142045	0.000375291	1	
158	0.596094	0.403906	0	0.28125	0.140625	0.633723	0.692139	0.692139	0.00084207	0.140625	0.0662327	0.596094	0.596094	0.0350942	0.0433064	0.389758	0	0.0150036	0.688755	0	0.229585	0.136854	0	0	0	0.6875	0.140625	0	0.0667614	0.00253422	0	
158	0.8446	0.1554	0	0.09375	0.046875	0.613824	0.643083	0.643083	0.000961219	0.046875	0.281533	0.8446	0.8446	0.158522	0.176655	0.529965	0	0.0624139	0.319483	0	0.106494	0.0899449	0	0	1	0.6875	0.046875	0	0.0184659	0.00048021	0	
159	0.387212	0.612788	0	0.03125	0.015625	0.707956	0.707956	0.707956	0	0.015625	0.387212	0.387212	0.387212	0	0.274129	0.274129	0.274129	0	0.437991	0	0.145997	0.0565318	0	0	0	0.625	0.015625	0	0.00625	5.85938e-05	0	
159	0.612788	0.387212	0	0.1875	0.09375	0.648185	0.766394	0.766394	0.00319804	0.09375	0.102131	0.612788	0.612788	0.0521541	0.0633168	0.379901	0	0.0200451	0.450909	0.150303	0	0.092104	0	0	1	0.625	0.09375	0	0.0421875	0.00112549	0	
159	0.612788	0.387212	0	0.0625	0.03125	0.659895	0.666476	0.666476	4.3315e-05	0.03125	0.306394	0.612788	0.612788	0.0938774	0.200171	0.400343	0	0.0400686	0.549041	0.183014	0	0.112149	0	0	0	0.625	0.03125	0	0.0125	0.000185547	0	
159	0.387212	0.612788	0	0.125	0.0625	0.699788	0.766394	0.766394	0.00183635	0.0625	0.0968029	0.387212	0.387212	0.0281124	0.0685322	0.274129	0	0.01409	0.51328	0.171093	0	0.0662494	0	0	0	0.625	0.0625	0	0.021875	0.000791016	0	
159	0.387212	0.612788	0	0.0625	0.03125	0.737175	0.766394	0.766394	0.000853743	0.03125	0.193606	0.387212	0.387212	0.0374832	0.137064	0.274129	0	0.0187867	0.352116	0	0.117372	0.0454478	0	0	0	0.625	0.03125	0	0.0125	0.000234375	0	
159	0.418171	0.581829	0	0.09375	0.046875	0.61853	0.630192	0.630192	0.000213565	0.046875	0.13939	0.418171	0.418171	0.0388593	0.0878426	0.263528	0	0.0154327	0.302638	0.100879	0	0.0421848	0	0	1	0.625	0.046875	0	0.0140625	0.000461426	0	
159	0.581829	0.418171	0	0.0625	0.03125	0.663615	0.729042	0.729042	0.00428065	0.03125	0.290915	0.581829	0.581829	0.0846314	0.174022	0.348044	0	0.0302836	0.455104	0.151701	0	0.0882643	0	0	1	0.625	0.03125	0	0.0140625	0.000168457	0	
159	0.418171	0.581829	0	0.03125	0.015625	0.630192	0.630192	0.630192	0	0.015625	0.418171	0.418171	0.418171	0	0.263528	0.263528	0.263528	0	0.430089	0	0.143363	0.0599503	0	0	1	0.625	0.015625	0	0.0046875	5.12695e-05	0	
159	0.581829	0.418171	0	0.0625	0.03125	0.599318	0.600447	0.600447	1.27554e-06	0.03125	0.290915	0.581829	0.581829	0.0846314	0.174022	0.348044	0	0.0302836	0.442329	0.147443	0	0.0857866	0	0	1	0.625	0.03125	0	0.009375	0.000205078	0	
159	0.581829	0.418171	0	0.0625	0.03125	0.599318	0.600447	0.600447	1.27554e-06	0.03125	0.290915	0.581829	0.581829	0.0846314	0.174022	0.348044	0	0.0302836	0.49225	0	0.164083	0.0954685	0	0	1	0.625	0.03125	0	0.009375	0.000205078	0	
159	0.418171	0.581829	0	0.03125	0.015625	0.630192	0.630192	0.630192	0	0.015625	0.418171	0.418171	0.418171	0	0.263528	0.263528	0.263528	0	0.504797	0	0.168266	0.0703638	0	0	0	0.625	0.015625	0	0.0046875	5.12695e-05	1	
159	0.418171	0.581829	0	0.03125	0.015625	0.630192	0.630192	0.630192	0	0.015625	0.418171	0.418171	0.418171	0	0.263528	0.263528	0.263528	0	0.401602	0	0.133867	0.0559794	0	0	1	0.625	0.015625	0	0.0046875	5.12695e-05	1	
160	0.180113	0.819887	0	0.125	0.0625	0.642589	0.717486	0.717486	0.00201539	0.0625	0.0450283	0.180113	0.180113	0.00608263	0.0282541	0.113016	0	0.00239488	0.427257	0.142419	0	0.0256515	0	0	0	0.75	0.0625	0	0.0195312	0.000778198	0	
160	0.542916	0.457084	0	0.1875	0.09375	0.612041	0.653314	0.653314	0.000623331	0.09375	0.0904859	0.542916	0.542916	0.0409385	0.0558411	0.335047	0	0.0155911	0.553678	0	0.184559	0.1002	0	0	1	0.75	0.09375	0	0.046875	0.00154622	0	
160	0.180113	0.819887	0	0.125	0.0625	0.642589	0.717486	0.717486	0.00201539	0.0625	0.0450283	0.180113	0.180113	0.00608263	0.0282541	0.113016	0	0.00239488	0.488625	0	0.162875	0.0293359	0	0	0	0.75	0.0625	0	0.0195312	0.000778198	0	
160	0.457084	0.542916	0	0.125	0.0625	0.625618	0.666944	0.666944	0.000592459	0.0625	0.114271	0.457084	0.457084	0.0391737	0.0708115	0.283246	0	0.0150428	0.450909	0.150303	0	0.0687012	0	0	1	0.75	0.0625	0	0.0286458	0.00068495	1	
160	0.819887	0.180113	0	0.09375	0.046875	0.683511	0.716824	0.716824	0.00145094	0.046875	0.273296	0.819887	0.819887	0.149381	0.192268	0.576803	0	0.0739337	0.430089	0	0.143363	0.117542	0	0	1	0.75	0.046875	0	0.0143229	0.000425551	0	
160	0.180113	0.819887	0	0.09375	0.046875	0.657258	0.716824	0.716824	0.00177408	0.046875	0.0600377	0.180113	0.180113	0.00720905	0.0376721	0.113016	0	0.00283838	0.319483	0	0.106494	0.019181	0	0	1	0.75	0.046875	0	0.0143229	0.000425551	0	
160	0.819887	0.180113	0	0.0625	0.03125	0.71017	0.716824	0.716824	4.42799e-05	0.03125	0.409943	0.819887	0.819887	0.168054	0.288402	0.576803	0	0.0831755	0.52375	0.174583	0	0.143139	0	0	0	0.75	0.03125	0	0.00911458	0.00018141	0	
160	0.819887	0.180113	0	0.09375	0.046875	0.683511	0.716824	0.716824	0.00145094	0.046875	0.273296	0.819887	0.819887	0.149381	0.192268	0.576803	0	0.0739337	0.504797	0	0.168266	0.137959	0	0	0	0.75	0.046875	0	0.0143229	0.000425551	0	
161	0.837966	0.162034	0	0.15625	0.078125	0.623306	0.636282	0.636282	8.48292e-05	0.078125	0.167593	0.837966	0.837966	0.11235	0.105129	0.525647	0	0.0442088	0.450909	0.150303	0	0.125949	0	0	1	0.6875	0.078125	0	0.0269886	0.000980598	1	
161	0.753978	0.246022	0	0.03125	0.015625	0.632128	0.632128	0.632128	0	0.015625	0.753978	0.753978	0.753978	0	0.476611	0.476611	0.476611	0	0.52375	0.174583	0	0.131632	0	0	0	0.6875	0.015625	0	0.00568182	5.64954e-05	0	
161	0.246022	0.753978	0	0.0625	0.03125	0.641045	0.643046	0.643046	4.00674e-06	0.03125	0.123011	0.246022	0.246022	0.0151317	0.0791017	0.158203	0	0.00625707	0.308916	0	0.102972	0.0253333	0	0	1	0.6875	0.03125	0	0.0127841	0.000169486	0	
162	0.00811084	0.991889	0	0.1875	0.09375	0.623989	0.717486	0.717486	0.00230798	0.09375	0.00135181	0.00811084	0.00811084	9.13691e-06	0.000867707	0.00520624	0	3.76458e-06	0.488625	0	0.162875	0.00132105	0	0	0	0.6875	0.09375	0	0.0255682	0.00152134	0	
162	0.975667	0.0243325	0	0.125	0.0625	0.616035	0.619955	0.619955	2.61837e-05	0.0625	0.243917	0.975667	0.975667	0.178486	0.151217	0.60487	0	0.0686001	0.487525	0.162508	0	0.158554	0	0	1	0.6875	0.0625	0	0.0127841	0.000391432	0	
162	0.975667	0.0243325	0	0.15625	0.078125	0.624543	0.667235	0.667235	0.000484064	0.078125	0.195133	0.975667	0.975667	0.152308	0.120974	0.60487	0	0.0585388	0.450909	0.150303	0	0.146646	0	0	1	0.6875	0.078125	0	0.015625	0.00057706	0	
162	0.0243325	0.975667	0	0.21875	0.109375	0.622154	0.643307	0.643307	0.000771571	0.109375	0.00347608	0.00811084	0.00811084	1.61108e-05	0.0022339	0.00521776	0	6.65374e-06	0.319483	0	0.106494	0.00259127	0	0	1	0.6875	0.109375	0	0.0355114	0.00200155	1	
163	0.796243	0.203757	0	0.3125	0.15625	0.624678	0.657752	0.657752	0.000677278	0.15625	0.0796243	0.592485	0.592485	0.0329156	0.0522826	0.389709	0	0.0142258	0.553678	0	0.184559	0.146954	0	0	1	0.9375	0.15625	0	0.0604167	0.00325087	0	
163	0.203757	0.796243	0	0.15625	0.078125	0.683943	0.753936	0.753936	0.00142297	0.078125	0.0407515	0.203757	0.203757	0.00664273	0.0266235	0.133117	0	0.00283524	0.549041	0.183014	0	0.0372904	0	0	0	0.9375	0.078125	0	0.0239583	0.000907118	1	
163	1	1.11022e-16	0.035777	0.1875	0.09375	0.682777	0.753936	0.753936	0.0016217	0.09375	0.166667	0.592485	0.592485	0.0445677	0.109403	0.389709	0	0.0192874	0.452331	0.150777	0	0.150777	0	0	1	0.9375	0.09375	0	0.0416667	0.00129123	0	
163	0.787973	0.212027	0	0.0625	0.03125	0.599318	0.600447	0.600447	1.27554e-06	0.03125	0.393986	0.787973	0.787973	0.155225	0.235678	0.471356	0	0.0555442	0.49225	0	0.164083	0.129293	0	0	1	0.9375	0.03125	0	0.00729167	0.00015842	0	
163	0.212027	0.787973	0	0.03125	0.015625	0.664793	0.664793	0.664793	0	0.015625	0.212027	0.212027	0.212027	0	0.140954	0.140954	0.140954	0	0.456699	0	0.152233	0.0322776	0	0	0	0.9375	0.015625	0	0.00416667	4.77431e-05	0	
163	0.212027	0.787973	0	0.0625	0.03125	0.63262	0.664793	0.664793	0.00103507	0.03125	0.106014	0.212027	0.212027	0.0112389	0.0704771	0.140954	0	0.00496703	0.427176	0	0.142392	0.030191	0	0	0	0.9375	0.03125	0	0.00729167	0.00015842	0	
164	0.731546	0.268454	0	0.28125	0.140625	0.613597	0.653853	0.653853	0.000577729	0.140625	0.0812829	0.731546	0.731546	0.0528552	0.050231	0.452079	0	0.0201852	0.553678	0	0.184559	0.135014	0	0	1	0.6875	0.140625	0	0.0525568	0.00303057	1	
164	0.452507	0.547493	0	0.15625	0.078125	0.605528	0.643083	0.643083	0.000689316	0.078125	0.0905014	0.452507	0.452507	0.032762	0.0567873	0.283937	0	0.0128992	0.302638	0.100879	0	0.0456486	0	0	1	0.6875	0.078125	0	0.0298295	0.00121869	0	
165	0.0100773	0.989923	0	0.15625	0.078125	0.679405	0.717992	0.717992	0.00241388	0.078125	0.00201546	0.0100773	0.0100773	1.62483e-05	0.00144709	0.00723543	0	8.37624e-06	0.488625	0	0.162875	0.00164134	0	0	0	0.6875	0.078125	0	0.0198864	0.000936209	0	
165	0.0100773	0.989923	0	0.125	0.0625	0.699776	0.717992	0.717992	0.000942502	0.0625	0.00251933	0.0100773	0.0100773	1.9041e-05	0.00180886	0.00723543	0	9.8159e-06	0.316741	0	0.10558	0.00106397	0	0	0	0.6875	0.0625	0	0.015625	0.00057706	1	
165	0.969768	0.0302319	0	0.125	0.0625	0.616035	0.619955	0.619955	2.61837e-05	0.0625	0.242442	0.969768	0.969768	0.176334	0.150303	0.601212	0	0.067773	0.487525	0.162508	0	0.157596	0	0	1	0.6875	0.0625	0	0.0127841	0.000391432	0	
165	0.969768	0.0302319	0	0.15625	0.078125	0.624543	0.667235	0.667235	0.000484064	0.078125	0.193954	0.969768	0.969768	0.150472	0.120242	0.601212	0	0.057833	0.450909	0.150303	0	0.145759	0	0	1	0.6875	0.078125	0	0.015625	0.00057706	0	
165	0.0100773	0.989923	0	0.0625	0.03125	0.735048	0.735375	0.735375	1.06681e-07	0.03125	0.00503865	0.0100773	0.0100773	2.5388e-05	0.0037053	0.0074106	0	1.37292e-05	0.359327	0	0.119776	0.00120702	0	0	0	0.6875	0.03125	0	0.0127841	0.000213875	0	
166	0.320332	0.679668	0	0.03125	0.015625	0.581824	0.581824	0.581824	0	0.015625	0.320332	0.320332	0.320332	0	0.186377	0.186377	0.186377	0	0.437991	0	0.145997	0.0467676	0	0	0	0.5625	0.015625	0	0.00347222	4.21971e-05	1	
166	0.320332	0.679668	0	0.03125	0.015625	0.581824	0.581824	0.581824	0	0.015625	0.320332	0.320332	0.320332	0	0.186377	0.186377	0.186377	0	0.487192	0	0.162397	0.0520211	0	0	0	0.5625	0.015625	0	0.00347222	4.21971e-05	1	
166	0.320332	0.679668	0	0.03125	0.015625	0.581824	0.581824	0.581824	0	0.015625	0.320332	0.320332	0.320332	0	0.186377	0.186377	0.186377	0	0.352116	0	0.117372	0.0375981	0	0	0	0.5625	0.015625	0	0.00347222	4.21971e-05	1	
166	0.679668	0.320332	0	0.0625	0.03125	0.631491	0.664793	0.664793	0.00110902	0.03125	0.339834	0.52533	0.52533	0.034409	0.220779	0.349236	0.0923228	0.0165011	0.455104	0.151701	0	0.103106	0	0	1	0.5625	0.03125	0	0.0104167	0.000217014	0	
166	0.679668	0.320332	0	0.09375	0.046875	0.621143	0.664793	0.664793	0.000953498	0.046875	0.226556	0.52533	0.52533	0.0486031	0.147186	0.349236	0	0.0218326	0.442329	0.147443	0	0.100212	0	0	1	0.5625	0.046875	0	0.015625	0.000488281	0	
166	0.154337	0.845663	0	0.0625	0.03125	0.599318	0.600447	0.600447	1.27554e-06	0.03125	0.0771686	0.154337	0.154337	0.005955	0.0461614	0.0923228	0	0.00213088	0.49225	0	0.164083	0.0253242	0	0	1	0.5625	0.03125	0	0.0104167	0.000217014	0	
166	0.52533	0.47467	0	0.03125	0.015625	0.664793	0.664793	0.664793	0	0.015625	0.52533	0.52533	0.52533	0	0.349236	0.349236	0.349236	0	0.456699	0	0.152233	0.0799726	0	0	0	0.5625	0.015625	0	0.00520833	5.42535e-05	0	
166	0.52533	0.47467	0	0.0625	0.03125	0.63262	0.664793	0.664793	0.00103507	0.03125	0.262665	0.52533	0.52533	0.068993	0.174618	0.349236	0	0.0304914	0.427176	0	0.142392	0.0748028	0	0	0	0.5625	0.03125	0	0.0104167	0.000217014	0	
167	0.7624	0.2376	0	0.125	0.0625	0.647488	0.717486	0.717486	0.00193929	0.0625	0.1906	0.5248	0.5248	0.0466388	0.120761	0.329298	0	0.0184355	0.427257	0.142419	0	0.10858	0	0	0	0.9375	0.0625	0	0.0166667	0.000666233	1	
167	0.7624	0.2376	0	0.125	0.0625	0.647488	0.717486	0.717486	0.00193929	0.0625	0.1906	0.5248	0.5248	0.0466388	0.120761	0.329298	0	0.0184355	0.488625	0	0.162875	0.124176	0	0	0	0.9375	0.0625	0	0.0166667	0.000666233	1	
167	0.2376	0.7624	0	0.0625	0.03125	0.682278	0.717486	0.717486	0.0012396	0.03125	0.1188	0.2376	0.2376	0.0141135	0.076872	0.153744	0	0.0059093	0.316741	0	0.10558	0.0250859	0	0	0	0.9375	0.03125	0	0.00729167	0.00015842	0	
167	0.858986	0.141014	0	0.09375	0.046875	0.624028	0.637406	0.637406	0.000333981	0.046875	0.286329	0.858986	0.858986	0.163968	0.171279	0.513836	0	0.0586727	0.455104	0.151701	0	0.130309	0	0	1	0.9375	0.046875	0	0.0135417	0.000386285	0	
167	0.141014	0.858986	0	0.09375	0.046875	0.624781	0.637406	0.637406	0.000296204	0.046875	0.0470046	0.141014	0.141014	0.00441886	0.0282238	0.0846713	0	0.00159316	0.427176	0	0.142392	0.0200792	0	0	0	0.9375	0.046875	0	0.0135417	0.000386285	0	
167	0.4752	0.5248	0	0.125	0.0625	0.640823	0.65032	0.65032	5.23968e-05	0.0625	0.1188	0.2376	0.2376	0.0141135	0.0768282	0.154516	0	0.00590295	0.401602	0	0.133867	0.0636138	0	0	1	0.9375	0.0625	0	0.021875	0.000611979	0	
167	0.7624	0.2376	0	0.03125	0.015625	0.60914	0.60914	0.60914	0	0.015625	0.7624	0.7624	0.7624	0	0.464408	0.464408	0.464408	0	0.534784	0	0.178261	0.135906	0	0	0	0.9375	0.015625	0	0.00416667	4.77431e-05	1	
167	0.4752	0.5248	0	0.09375	0.046875	0.644367	0.65032	0.65032	1.96347e-05	0.046875	0.1584	0.2376	0.2376	0.0125453	0.102438	0.154516	0	0.00524723	0.308916	0	0.102972	0.0489323	0	0	1	0.9375	0.046875	0	0.015625	0.000325521	0	
168	0.0500975	0.949902	0	0.09375	0.046875	0.769788	0.841339	0.841339	0.00974554	0.046875	0.0166992	0.0250488	0.0250488	0.000139431	0.0140204	0.0210745	0	9.8287e-05	0.302638	0.100879	0	0.00505381	0	0	1	1	0.046875	0	0.00488281	0.000144005	0	
168	0.0500975	0.949902	0	0.09375	0.046875	0.769788	0.841339	0.841339	0.00974554	0.046875	0.0166992	0.0250488	0.0250488	0.000139431	0.0140204	0.0210745	0	9.8287e-05	0.430089	0	0.143363	0.00718214	0	0	1	1	0.046875	0	0.00488281	0.000144005	0	
168	0.0500975	0.949902	0	0.09375	0.046875	0.781321	0.841339	0.841339	0.00679154	0.046875	0.0166992	0.0250488	0.0250488	0.000139431	0.0140204	0.0210745	0	9.8287e-05	0.456699	0	0.152233	0.00762649	0	0	0	1	0.046875	0	0.00683594	0.000182152	1	
169	0.276186	0.723814	0	0.1875	0.09375	0.612041	0.653314	0.653314	0.000623331	0.09375	0.046031	0.276186	0.276186	0.0105943	0.0279583	0.16775	0	0.00390834	0.553678	0	0.184559	0.0509727	0	0	1	0.75	0.09375	0	0.0195312	0.0011851	1	
169	0.723814	0.276186	0	0.3125	0.15625	0.626445	0.717198	0.717198	0.00149056	0.15625	0.0723814	0.723814	0.723814	0.0471516	0.0448533	0.448533	0	0.0181063	0.59993	0.199977	0	0.144746	1	0	1	0.75	0.15625	0	0.0377604	0.00319248	0	
170	0.527411	0.472589	0	0.125	0.0625	0.647488	0.717486	0.717486	0.00193929	0.0625	0.131853	0.527411	0.527411	0.0521555	0.0827343	0.330937	0	0.0205349	0.427257	0.142419	0	0.0751134	0	0	0	0.75	0.0625	0	0.0208333	0.000745985	0	
170	0.661461	0.338539	0	0.15625	0.078125	0.632173	0.717486	0.717486	0.00248959	0.078125	0.132292	0.527411	0.527411	0.0417252	0.0814936	0.330937	0	0.0164341	0.488625	0	0.162875	0.107735	0	0	0	0.75	0.078125	0	0.0273438	0.0011851	1	
170	0.677079	0.322921	0	0.21875	0.109375	0.658378	0.717283	0.717283	0.00135064	0.109375	0.0967255	0.338539	0.338539	0.0233896	0.0632842	0.22528	0	0.0100163	0.401602	0	0.133867	0.0906387	0	0	1	0.75	0.109375	0	0.0507812	0.00187683	0	
170	0.338539	0.661461	0	0.09375	0.046875	0.630518	0.643083	0.643083	0.000238311	0.046875	0.112846	0.338539	0.338539	0.0254686	0.0725697	0.217709	0	0.0105327	0.308916	0	0.102972	0.0348601	0	0	1	0.75	0.046875	0	0.0208333	0.000420464	1	
171	0.775029	0.224971	0	0.03125	0.015625	0.635948	0.635948	0.635948	0	0.015625	0.775029	0.775029	0.775029	0	0.492878	0.492878	0.492878	0	0.487525	0.162508	0	0.125949	0	0	1	0.5625	0.015625	0	0.00694444	6.02816e-05	1	
171	0.753978	0.246022	0	0.03125	0.015625	0.632128	0.632128	0.632128	0	0.015625	0.753978	0.753978	0.753978	0	0.476611	0.476611	0.476611	0	0.52375	0.174583	0	0.131632	0	0	0	0.5625	0.015625	0	0.00694444	6.02816e-05	0	
171	0.246022	0.753978	0	0.0625	0.03125	0.641045	0.643046	0.643046	4.00674e-06	0.03125	0.123011	0.246022	0.246022	0.0151317	0.0791017	0.158203	0	0.00625707	0.308916	0	0.102972	0.0253333	0	0	1	0.5625	0.03125	0	0.015625	0.00016276	0	
172	0.865114	0.134886	0	0.125	0.0625	0.620831	0.643046	0.643046	0.00086816	0.0625	0.216279	0.479593	0.479593	0.0478826	0.13721	0.300932	0	0.0191781	0.319483	0	0.106494	0.0921296	0	0	1	0.625	0.0625	0	0.03125	0.000585937	1	
172	0.614479	0.385521	0	0.03125	0.015625	0.632128	0.632128	0.632128	0	0.015625	0.614479	0.614479	0.614479	0	0.388429	0.388429	0.388429	0	0.52375	0.174583	0	0.107278	0	0	0	0.625	0.015625	0	0.00625	5.85937e-05	0	
172	0.385521	0.614479	0	0.0625	0.03125	0.641045	0.643046	0.643046	4.00674e-06	0.03125	0.192761	0.385521	0.385521	0.0371566	0.123954	0.247908	0	0.0153646	0.308916	0	0.102972	0.0396979	0	0	1	0.625	0.03125	0	0.0125	0.000185547	0	
173	0.499423	0.500577	0	0.125	0.0625	0.600239	0.617125	0.617125	0.000361045	0.0625	0.124856	0.499423	0.499423	0.0467668	0.0758349	0.30334	0	0.0172528	0.553678	0	0.184559	0.0921731	0	0	1	0.6875	0.0625	0	0.0241477	0.000770758	1	
173	0.147044	0.852956	0	0.03125	0.015625	0.717486	0.717486	0.717486	0	0.015625	0.147044	0.147044	0.147044	0	0.105502	0.105502	0.105502	0	0.316741	0	0.10558	0.015525	0	0	0	0.6875	0.015625	0	0.00568182	5.64954e-05	0	
173	0.147044	0.852956	0	0.03125	0.015625	0.717486	0.717486	0.717486	0	0.015625	0.147044	0.147044	0.147044	0	0.105502	0.105502	0.105502	0	0.408196	0.136065	0	0.0200076	0	0	0	0.6875	0.015625	0	0.00568182	5.64954e-05	0	
173	0.499423	0.500577	0	0.09375	0.046875	0.611842	0.61968	0.61968	3.09078e-05	0.046875	0.166474	0.499423	0.499423	0.0554274	0.101113	0.30334	0	0.0204478	0.450909	0.150303	0	0.0750648	0	0	1	0.6875	0.046875	0	0.0170455	0.000375291	1	
173	0.500577	0.499423	0	0.09375	0.046875	0.627472	0.643083	0.643083	0.00019573	0.046875	0.166859	0.353533	0.353533	0.0210273	0.103304	0.215351	0	0.00776757	0.430089	0	0.143363	0.0717643	0	0	1	0.6875	0.046875	0	0.015625	0.000355114	0	
173	0.353533	0.646467	0	0.0625	0.03125	0.619666	0.630192	0.630192	0.000110803	0.03125	0.176767	0.353533	0.353533	0.0312464	0.107676	0.215351	0	0.011594	0.504797	0	0.168266	0.0594876	0	0	0	0.6875	0.03125	0	0.00852273	0.000149309	0	
173	0.147044	0.852956	0	0.0625	0.03125	0.636638	0.643083	0.643083	4.15453e-05	0.03125	0.073522	0.147044	0.147044	0.00540548	0.0472808	0.0945615	0	0.00223547	0.401602	0	0.133867	0.0196844	0	0	1	0.6875	0.03125	0	0.0127841	0.000213875	0	
173	0.353533	0.646467	0	0.03125	0.015625	0.60914	0.60914	0.60914	0	0.015625	0.353533	0.353533	0.353533	0	0.215351	0.215351	0.215351	0	0.534784	0	0.178261	0.0630213	0	0	0	0.6875	0.015625	0	0.00284091	3.63184e-05	0	
173	0.147044	0.852956	0	0.03125	0.015625	0.643083	0.643083	0.643083	0	0.015625	0.147044	0.147044	0.147044	0	0.0945615	0.0945615	0.0945615	0	0.308916	0	0.102972	0.0151414	0	0	1	0.6875	0.015625	0	0.00710227	6.05307e-05	0	
174	0.767755	0.232245	0	0.125	0.0625	0.627966	0.636282	0.636282	6.64282e-05	0.0625	0.191939	0.767755	0.767755	0.110521	0.118993	0.475973	0	0.0424782	0.487525	0.162508	0	0.124767	0	0	1	0.5625	0.0625	0	0.0295139	0.000675154	1	
174	0.743782	0.256218	0	0.15625	0.078125	0.627674	0.643083	0.643083	0.000254708	0.078125	0.148756	0.743782	0.743782	0.0885139	0.0956628	0.478314	0	0.0366055	0.302638	0.100879	0	0.0750323	0	0	1	0.5625	0.078125	0	0.0295139	0.00127194	0	
174	0.976027	0.0239726	0	0.09375	0.046875	0.640293	0.65032	0.65032	9.08828e-05	0.046875	0.325342	0.743782	0.743782	0.0965355	0.209783	0.478314	0	0.0398564	0.319483	0	0.106494	0.103941	0	0	1	0.5625	0.046875	0	0.015625	0.000379774	0	
174	0.488463	0.511537	0	0.15625	0.078125	0.632295	0.65032	0.65032	0.000184061	0.078125	0.0976927	0.256218	0.256218	0.0143733	0.0614213	0.156073	0	0.0056614	0.504797	0	0.168266	0.0821917	0	0	0	0.5625	0.078125	0	0.0277778	0.00107301	0	
174	0.976027	0.0239726	0	0.125	0.0625	0.640823	0.65032	0.65032	5.23968e-05	0.0625	0.244007	0.743782	0.743782	0.0922481	0.157337	0.478314	0	0.0381439	0.401602	0	0.133867	0.130658	0	0	1	0.5625	0.0625	0	0.0225694	0.000711323	0	
174	0.256218	0.743782	0	0.03125	0.015625	0.60914	0.60914	0.60914	0	0.015625	0.256218	0.256218	0.256218	0	0.156073	0.156073	0.156073	0	0.534784	0	0.178261	0.0456737	0	0	0	0.5625	0.015625	0	0.00520833	5.42535e-05	0	
174	0.976027	0.0239726	0	0.09375	0.046875	0.644367	0.65032	0.65032	1.96347e-05	0.046875	0.325342	0.743782	0.743782	0.0965355	0.209783	0.478314	0	0.0398564	0.308916	0	0.102972	0.100503	0	0	1	0.5625	0.046875	0	0.015625	0.000379774	0	
175	0.664282	0.335718	0	0.09375	0.046875	0.656921	0.707956	0.707956	0.00294103	0.046875	0.221427	0.475082	0.475082	0.0381364	0.148806	0.336337	0	0.0196036	0.437991	0	0.145997	0.0969832	0	0	0	0.8125	0.046875	0	0.0132212	0.000332262	1	
175	0.524918	0.475082	0	0.34375	0.171875	0.639037	0.688348	0.688348	0.000507757	0.171875	0.0477198	0.524918	0.524918	0.0227718	0.031379	0.345169	0	0.00984639	0.487525	0.162508	0	0.0853037	0	0	1	0.8125	0.171875	0	0.0709135	0.00306548	0	
175	0.1892	0.8108	0	0.0625	0.03125	0.631403	0.680983	0.680983	0.0024581	0.03125	0.0946002	0.1892	0.1892	0.0089492	0.0550407	0.110081	0	0.00302948	0.487192	0	0.162397	0.0307256	0	0	0	0.8125	0.03125	0	0.00721154	0.000135794	0	
175	0.664282	0.335718	0	0.09375	0.046875	0.656921	0.707956	0.707956	0.00294103	0.046875	0.221427	0.475082	0.475082	0.0381364	0.148806	0.336337	0	0.0196036	0.352116	0	0.117372	0.0779682	0	0	0	0.8125	0.046875	0	0.0132212	0.000332262	1	
175	0.8108	0.1892	0	0.09375	0.046875	0.664008	0.729042	0.729042	0.00285408	0.046875	0.270267	0.8108	0.8108	0.146088	0.16167	0.485011	0	0.0522746	0.455104	0.151701	0	0.122999	0	0	1	0.8125	0.046875	0	0.0144231	0.000355376	0	
175	0.8108	0.1892	0	0.09375	0.046875	0.621143	0.664793	0.664793	0.000953498	0.046875	0.270267	0.8108	0.8108	0.146088	0.16167	0.485011	0	0.0522746	0.442329	0.147443	0	0.119547	0	0	1	0.8125	0.046875	0	0.0108173	0.000390047	0	
175	0.8108	0.1892	0	0.0625	0.03125	0.599318	0.600447	0.600447	1.27554e-06	0.03125	0.4054	0.8108	0.8108	0.164349	0.242506	0.485011	0	0.0588089	0.49225	0	0.164083	0.133039	0	0	1	0.8125	0.03125	0	0.00721154	0.000173354	0	
176	0.0500975	0.949902	0	0.0625	0.03125	0.629371	0.630192	0.630192	6.75023e-07	0.03125	0.0250488	0.0500975	0.0500975	0.00062744	0.0157444	0.0314887	0	0.000247885	0.302638	0.100879	0	0.00505381	0	0	1	0.9375	0.03125	0	0.00208333	6.07639e-05	1	
176	0.0500975	0.949902	0	0.0625	0.03125	0.629371	0.630192	0.630192	6.75023e-07	0.03125	0.0250488	0.0500975	0.0500975	0.00062744	0.0157444	0.0314887	0	0.000247885	0.430089	0	0.143363	0.00718214	0	0	1	0.9375	0.03125	0	0.00208333	6.07639e-05	1	
176	0.0500975	0.949902	0	0.0625	0.03125	0.629371	0.630192	0.630192	6.75023e-07	0.03125	0.0250488	0.0500975	0.0500975	0.00062744	0.0157444	0.0314887	0	0.000247885	0.504797	0	0.168266	0.0084297	0	0	0	0.9375	0.03125	0	0.00208333	6.07639e-05	1	
177	0.619992	0.380008	0	0.09375	0.046875	0.647627	0.717486	0.717486	0.00258564	0.046875	0.206664	0.619992	0.619992	0.0854202	0.129676	0.389029	0	0.033632	0.427257	0.142419	0	0.0882987	0	0	0	0.6875	0.046875	0	0.0170455	0.00041968	1	
177	0.484822	0.515178	0	0.03125	0.015625	0.581824	0.581824	0.581824	0	0.015625	0.484822	0.484822	0.484822	0	0.282081	0.282081	0.282081	0	0.437991	0	0.145997	0.0707825	0	0	0	0.6875	0.015625	0	0.00284091	3.63184e-05	0	
177	0.515178	0.484822	0	0.125	0.0625	0.627966	0.636282	0.636282	6.64282e-05	0.0625	0.128795	0.515178	0.515178	0.0497642	0.0798468	0.319387	0	0.0191265	0.487525	0.162508	0	0.0837209	0	0	1	0.6875	0.0625	0	0.0298295	0.000641626	0	
177	0.484822	0.515178	0	0.03125	0.015625	0.581824	0.581824	0.581824	0	0.015625	0.484822	0.484822	0.484822	0	0.282081	0.282081	0.282081	0	0.487192	0	0.162397	0.0787337	0	0	0	0.6875	0.015625	0	0.00284091	3.63184e-05	0	
177	0.515178	0.484822	0	0.0625	0.03125	0.65381	0.687666	0.687666	0.00114619	0.03125	0.257589	0.515178	0.515178	0.0663522	0.159694	0.319387	0	0.0255021	0.452331	0.150777	0	0.0776771	0	0	1	0.6875	0.03125	0	0.0127841	0.000169486	0	
177	0.484822	0.515178	0	0.03125	0.015625	0.581824	0.581824	0.581824	0	0.015625	0.484822	0.484822	0.484822	0	0.282081	0.282081	0.282081	0	0.352116	0	0.117372	0.0569045	0	0	0	0.6875	0.015625	0	0.00284091	3.63184e-05	0	
178	0.484822	0.515178	0	0.03125	0.015625	0.581824	0.581824	0.581824	0	0.015625	0.484822	0.484822	0.484822	0	0.282081	0.282081	0.282081	0	0.437991	0	0.145997	0.0707825	0	0	0	0.5625	0.015625	0	0.00347222	4.21971e-05	1	
178	0.515178	0.484822	0	0.125	0.0625	0.627966	0.636282	0.636282	6.64282e-05	0.0625	0.128795	0.515178	0.515178	0.0497642	0.0798468	0.319387	0	0.0191265	0.487525	0.162508	0	0.0837209	0	0	1	0.5625	0.0625	0	0.0260417	0.000651042	0	
178	0.639926	0.360074	0	0.1875	0.09375	0.635969	0.687666	0.687666	0.000565233	0.09375	0.106654	0.515178	0.515178	0.0354533	0.0662734	0.319387	0	0.0136298	0.450909	0.150303	0	0.0961829	0	0	1	0.5625	0.09375	0	0.0399306	0.00147087	0	
178	0.484822	0.515178	0	0.03125	0.015625	0.581824	0.581824	0.581824	0	0.015625	0.484822	0.484822	0.484822	0	0.282081	0.282081	0.282081	0	0.487192	0	0.162397	0.0787337	0	0	0	0.5625	0.015625	0	0.00347222	4.21971e-05	1	
178	0.515178	0.484822	0	0.0625	0.03125	0.65381	0.687666	0.687666	0.00114619	0.03125	0.257589	0.515178	0.515178	0.0663522	0.159694	0.319387	0	0.0255021	0.452331	0.150777	0	0.0776771	0	0	1	0.5625	0.03125	0	0.0104167	0.00016276	0	
178	0.484822	0.515178	0	0.03125	0.015625	0.581824	0.581824	0.581824	0	0.015625	0.484822	0.484822	0.484822	0	0.282081	0.282081	0.282081	0	0.352116	0	0.117372	0.0569045	0	0	0	0.5625	0.015625	0	0.00347222	4.21971e-05	0	
179	0.950103	0.049897	0	0.21875	0.109375	0.624595	0.636282	0.636282	0.000112675	0.109375	0.135729	0.950103	0.950103	0.110534	0.0841085	0.588759	0	0.0424454	0.487525	0.162508	0	0.1544	0	0	1	0.75	0.109375	0	0.0364583	0.00172255	0	
179	0.950103	0.049897	0	0.25	0.125	0.613039	0.653314	0.653314	0.000743269	0.125	0.118763	0.950103	0.950103	0.0987323	0.0735949	0.588759	0	0.0379135	0.59993	0.199977	0	0.189998	1	0	1	0.75	0.125	0	0.0494792	0.00267877	0	
179	0.950103	0.049897	0	0.28125	0.140625	0.633708	0.692139	0.692139	0.000708794	0.140625	0.105567	0.950103	0.950103	0.0891551	0.0654177	0.588759	0	0.0342358	0.450909	0.150303	0	0.142803	0	0	1	0.75	0.140625	0	0.0429688	0.00269063	0	
179	0.536992	0.463008	0	0.0625	0.03125	0.631491	0.664793	0.664793	0.00110902	0.03125	0.268496	0.487095	0.487095	0.0477854	0.176832	0.323817	0.0298478	0.0216044	0.455104	0.151701	0	0.0814623	0	0	1	0.75	0.03125	0	0.0117188	0.000208537	0	
179	0.562802	0.437198	0	0.09375	0.046875	0.607324	0.623335	0.623335	0.000129036	0.046875	0.187601	0.463008	0.463008	0.0379247	0.112988	0.278012	0.0298478	0.0136168	0.49225	0	0.164083	0.0923465	0	0	1	0.75	0.046875	0	0.015625	0.000366211	1	
179	0.536992	0.463008	0	0.0625	0.03125	0.644064	0.664793	0.664793	0.000429673	0.03125	0.268496	0.487095	0.487095	0.0477854	0.17746	0.323817	0.0311026	0.0214204	0.456699	0	0.152233	0.0817478	0	0	0	0.75	0.03125	0	0.0104167	0.000176324	1	
180	0.0860625	0.913938	0	0.0625	0.03125	0.697872	0.717486	0.717486	0.000384676	0.03125	0.0430312	0.0688527	0.0688527	0.000666747	0.0295239	0.0467	0.0123478	0.000295018	0.427257	0.142419	0	0.0122569	0	0	0	0.8125	0.03125	0	0.00721154	0.000173354	0	
180	0.913938	0.0860625	0	0.1875	0.09375	0.610648	0.635794	0.635794	0.000463621	0.09375	0.152323	0.827875	0.827875	0.0916445	0.0926675	0.502835	0	0.0337889	0.553678	0	0.184559	0.168676	0	0	1	0.8125	0.09375	0	0.0408654	0.00118459	0	
180	0.0172098	0.98279	0	0.03125	0.015625	0.717486	0.717486	0.717486	0	0.015625	0.0172098	0.0172098	0.0172098	0	0.0123478	0.0123478	0.0123478	0	0.488625	0	0.162875	0.00280305	0	0	0	0.8125	0.015625	0	0.00360577	4.33386e-05	0	
180	0.0860625	0.913938	0	0.0625	0.03125	0.697872	0.717486	0.717486	0.000384676	0.03125	0.0430312	0.0688527	0.0688527	0.000666747	0.0295239	0.0467	0.0123478	0.000295018	0.316741	0	0.10558	0.00908651	0	0	0	0.8125	0.03125	0	0.00721154	0.000173354	0	
180	0.956969	0.0430312	0	0.21875	0.109375	0.631307	0.666944	0.666944	0.000320744	0.109375	0.13671	0.827875	0.827875	0.080015	0.0834638	0.502835	0	0.0294699	0.487525	0.162508	0	0.155516	0	0	1	0.8125	0.109375	0	0.0564904	0.00159775	0	
180	0.0860625	0.913938	0	0.0625	0.03125	0.697872	0.717486	0.717486	0.000384676	0.03125	0.0430312	0.0688527	0.0688527	0.000666747	0.0295239	0.0467	0.0123478	0.000295018	0.408196	0.136065	0	0.0117101	0	0	0	0.8125	0.03125	0	0.00721154	0.000173354	1	
181	0.767932	0.232068	0	0.1875	0.09375	0.635969	0.687666	0.687666	0.000565233	0.09375	0.127989	0.767932	0.767932	0.0819054	0.0793471	0.476083	0	0.0314798	0.450909	0.150303	0	0.115423	0	0	1	0.6875	0.09375	0	0.0440341	0.00110166	0	
181	0.715419	0.284581	0	0.15625	0.078125	0.627674	0.643083	0.643083	0.000254708	0.078125	0.143084	0.715419	0.715419	0.0818919	0.0920148	0.460074	0	0.0338669	0.302638	0.100879	0	0.072171	0	0	1	0.6875	0.078125	0	0.0241477	0.00117026	1	
181	0.947487	0.0525127	0	0.09375	0.046875	0.640293	0.65032	0.65032	9.08828e-05	0.046875	0.315829	0.715419	0.715419	0.0888119	0.203664	0.460074	0	0.0366691	0.319483	0	0.106494	0.100902	0	0	1	0.6875	0.046875	0	0.0127841	0.000347043	0	
181	0.51665	0.48335	0	0.15625	0.078125	0.632295	0.65032	0.65032	0.000184061	0.078125	0.10333	0.284581	0.284581	0.0162914	0.0648537	0.17335	0	0.00635931	0.504797	0	0.168266	0.0869344	0	0	0	0.6875	0.078125	0	0.0227273	0.000992704	0	
181	0.947487	0.0525127	0	0.125	0.0625	0.640823	0.65032	0.65032	5.23968e-05	0.0625	0.236872	0.715419	0.715419	0.0853117	0.152748	0.460074	0	0.0352791	0.401602	0	0.133867	0.126838	0	0	1	0.6875	0.0625	0	0.0184659	0.000657767	0	
181	0.284581	0.715419	0	0.03125	0.015625	0.60914	0.60914	0.60914	0	0.015625	0.284581	0.284581	0.284581	0	0.17335	0.17335	0.17335	0	0.534784	0	0.178261	0.0507298	0	0	0	0.6875	0.015625	0	0.00426136	4.84246e-05	0	
181	0.947487	0.0525127	0	0.09375	0.046875	0.644367	0.65032	0.65032	1.96347e-05	0.046875	0.315829	0.715419	0.715419	0.0888119	0.203664	0.460074	0	0.0366691	0.308916	0	0.102972	0.0975646	0	0	1	0.6875	0.046875	0	0.0127841	0.000347043	0	
182	0.405576	0.594424	0	0.09375	0.046875	0.680378	0.717486	0.717486	0.000833615	0.046875	0.135192	0.405576	0.405576	0.0365538	0.0874787	0.262436	0	0.015305	0.316741	0	0.10558	0.0428209	0	0	0	0.8125	0.046875	0	0.0168269	0.000430496	0	
182	0.635924	0.364076	0	0.125	0.0625	0.648769	0.722991	0.722991	0.0020868	0.0625	0.158981	0.635924	0.635924	0.075825	0.0951007	0.380403	0	0.0271324	0.455104	0.151701	0	0.0964706	0	0	1	0.8125	0.0625	0	0.015625	0.000676082	1	
182	0.364076	0.635924	0	0.09375	0.046875	0.624781	0.637406	0.637406	0.000296204	0.046875	0.121359	0.364076	0.364076	0.0294558	0.0728694	0.218608	0	0.0106199	0.427176	0	0.142392	0.0518414	0	0	0	0.8125	0.046875	0	0.0108173	0.000390047	0	
182	0.405576	0.594424	0	0.15625	0.078125	0.64132	0.65032	0.65032	4.29045e-05	0.078125	0.0811152	0.405576	0.405576	0.0263187	0.052182	0.26091	0	0.0108918	0.401602	0	0.133867	0.0542934	0	0	1	0.8125	0.078125	0	0.0264423	0.000915888	0	
182	0.594424	0.405576	0	0.03125	0.015625	0.60914	0.60914	0.60914	0	0.015625	0.594424	0.594424	0.594424	0	0.362087	0.362087	0.362087	0	0.534784	0	0.178261	0.105963	0	0	0	0.8125	0.015625	0	0.00360577	4.33386e-05	0	
183	0.451984	0.548016	0	0.21875	0.109375	0.630883	0.692139	0.692139	0.00071572	0.109375	0.0645692	0.266796	0.266796	0.0108987	0.0395435	0.162047	0	0.00406895	0.450909	0.150303	0	0.0679347	0	0	1	0.625	0.109375	0	0.05625	0.0012793	0	
183	0.866602	0.133398	0	0.03125	0.015625	0.643083	0.643083	0.643083	0	0.015625	0.866602	0.866602	0.866602	0	0.557297	0.557297	0.557297	0	0.302638	0.100879	0	0.0874223	0	0	1	0.625	0.015625	0	0.0046875	5.12695e-05	1	
183	0.866602	0.133398	0	0.03125	0.015625	0.643083	0.643083	0.643083	0	0.015625	0.866602	0.866602	0.866602	0	0.557297	0.557297	0.557297	0	0.430089	0	0.143363	0.124239	0	0	1	0.625	0.015625	0	0.0046875	5.12695e-05	1	
183	0.866602	0.133398	0	0.03125	0.015625	0.643083	0.643083	0.643083	0	0.015625	0.866602	0.866602	0.866602	0	0.557297	0.557297	0.557297	0	0.319483	0	0.106494	0.092288	0	0	1	0.625	0.015625	0	0.0046875	5.12695e-05	1	
183	0.866602	0.133398	0	0.03125	0.015625	0.643083	0.643083	0.643083	0	0.015625	0.866602	0.866602	0.866602	0	0.557297	0.557297	0.557297	0	0.401602	0	0.133867	0.11601	0	0	1	0.625	0.015625	0	0.0046875	5.12695e-05	0	
183	0.866602	0.133398	0	0.03125	0.015625	0.643083	0.643083	0.643083	0	0.015625	0.866602	0.866602	0.866602	0	0.557297	0.557297	0.557297	0	0.308916	0	0.102972	0.0892357	0	0	1	0.625	0.015625	0	0.0046875	5.12695e-05	1	
184	0.670748	0.329252	0	0.09375	0.046875	0.647627	0.717486	0.717486	0.00258564	0.046875	0.223583	0.670748	0.670748	0.0999783	0.140292	0.420877	0	0.0393639	0.427257	0.142419	0	0.0955271	0	0	0	0.6875	0.046875	0	0.0170455	0.000508458	1	
184	0.055481	0.944519	0	0.125	0.0625	0.600239	0.617125	0.617125	0.000361045	0.0625	0.0138702	0.055481	0.055481	0.000577151	0.00855967	0.0342387	0	0.000219804	0.553678	0	0.184559	0.0102395	0	0	1	0.6875	0.0625	0	0.0340909	0.000746546	0	
184	0.944519	0.055481	0	0.125	0.0625	0.61387	0.619955	0.619955	3.55203e-05	0.0625	0.23613	0.944519	0.944519	0.167272	0.146325	0.585299	0	0.0642328	0.450909	0.150303	0	0.141964	0	0	1	0.6875	0.0625	0	0.03125	0.000665838	0	
185	0.0138416	0.986158	0	0.0625	0.03125	0.613128	0.628335	0.628335	0.000231229	0.03125	0.00692078	0.0138416	0.0138416	4.78971e-05	0.00434856	0.00869713	0	1.891e-05	0.488625	0	0.162875	0.00225444	0	0	0	0.75	0.03125	0	0.00911458	0.00018141	0	
185	0.958475	0.0415247	0	0.125	0.0625	0.616035	0.619955	0.619955	2.61837e-05	0.0625	0.239619	0.958475	0.958475	0.172252	0.148553	0.594211	0	0.0662038	0.487525	0.162508	0	0.15576	0	0	1	0.75	0.0625	0	0.0117188	0.000371297	0	
185	0.958475	0.0415247	0	0.15625	0.078125	0.624543	0.667235	0.667235	0.000484064	0.078125	0.191695	0.958475	0.958475	0.146988	0.118842	0.594211	0	0.0564939	0.450909	0.150303	0	0.144062	0	0	1	0.75	0.078125	0	0.0143229	0.000547621	0	
185	0.0138416	0.986158	0	0.09375	0.046875	0.734952	0.735375	0.735375	8.97469e-08	0.046875	0.00461385	0.0138416	0.0138416	4.25752e-05	0.00339291	0.0101787	0	2.30237e-05	0.359327	0	0.119776	0.00165788	0	0	0	0.75	0.046875	0	0.0195312	0.000411987	1	
186	1	1.11022e-16	0.0433918	0.21875	0.109375	0.620559	0.653853	0.653853	0.000787027	0.109375	0.142857	0.387327	0.387327	0.0278356	0.0913502	0.253255	0	0.0114853	0.553678	0	0.184559	0.184559	0	0	1	0.6875	0.109375	0	0.0539773	0.00241316	0	
186	0.693664	0.306336	0	0.3125	0.15625	0.644189	0.703419	0.703419	0.00110341	0.15625	0.0693664	0.387327	0.387327	0.0195747	0.0426082	0.240019	0	0.00740738	0.487525	0.162508	0	0.112726	0	0	1	0.6875	0.15625	0	0.0511364	0.00306689	0	
186	1	1.11022e-16	0	0.34375	0.171875	0.624047	0.702324	0.702324	0.001216	0.171875	0.0909091	0.387327	0.387327	0.0224361	0.0560132	0.240019	0	0.0085567	0.59993	0.199977	0	0.199977	1	0	1	0.6875	0.171875	0	0.0653409	0.00403135	0	
186	0.693664	0.306336	0	0.28125	0.140625	0.642949	0.703419	0.703419	0.00114017	0.140625	0.0770737	0.387327	0.387327	0.0211557	0.0473424	0.240019	0	0.00800629	0.450909	0.150303	0	0.10426	0	0	1	0.6875	0.140625	0	0.0482955	0.00268353	0	
186	1	1.11022e-16	0.0395101	0.25	0.125	0.666895	0.703419	0.703419	0.000775763	0.125	0.125	0.387327	0.387327	0.0265883	0.0805201	0.253255	0	0.0110897	0.549041	0.183014	0	0.183014	0	0	0	0.6875	0.125	0	0.0511364	0.00257861	0	
186	1	1.11022e-16	0.0559189	0.28125	0.140625	0.633723	0.692139	0.692139	0.00084207	0.140625	0.111111	0.387327	0.387327	0.0251772	0.0688911	0.253255	0	0.00986575	0.688755	0	0.229585	0.229585	0	0	0	0.6875	0.140625	0	0.0653409	0.00376501	0	
186	0.834517	0.165483	0	0.125	0.0625	0.623324	0.643083	0.643083	0.000369879	0.0625	0.208629	0.834517	0.834517	0.130579	0.131477	0.525906	0	0.0518583	0.430089	0	0.143363	0.119639	0	0	1	0.6875	0.0625	0	0.0284091	0.000702157	1	
187	0.336815	0.663185	0	0.0625	0.03125	0.599318	0.600447	0.600447	1.27554e-06	0.03125	0.168407	0.336815	0.336815	0.0283611	0.100739	0.201479	0	0.0101484	0.49225	0	0.164083	0.0552657	0	0	1	0.6875	0.03125	0	0.0113636	0.000225981	0	
187	0.213597	0.786403	0	0.0625	0.03125	0.804682	0.878507	0.878507	0.00545019	0.03125	0.106798	0.213597	0.213597	0.0114059	0.0780542	0.156108	0	0.00609246	0.52375	0.174583	0	0.0372904	0	0	0	0.6875	0.03125	0	0.00852273	0.000193698	0	
187	0.449588	0.550412	0	0.03125	0.015625	0.664793	0.664793	0.664793	0	0.015625	0.449588	0.449588	0.449588	0	0.298883	0.298883	0.298883	0	0.456699	0	0.152233	0.0684422	0	0	0	0.6875	0.015625	0	0.00568182	5.64954e-05	1	
187	0.449588	0.550412	0	0.0625	0.03125	0.63262	0.664793	0.664793	0.00103507	0.03125	0.224794	0.449588	0.449588	0.0505325	0.149442	0.298883	0	0.0223328	0.427176	0	0.142392	0.0640178	0	0	0	0.6875	0.03125	0	0.0113636	0.000225981	1	
188	0.614479	0.385521	0	0.03125	0.015625	0.632128	0.632128	0.632128	0	0.015625	0.614479	0.614479	0.614479	0	0.388429	0.388429	0.388429	0	0.52375	0.174583	0	0.107278	0	0	0	0.8125	0.015625	0	0.00480769	5.20063e-05	1	
188	0.246022	0.753978	0	0.0625	0.03125	0.641045	0.643046	0.643046	4.00674e-06	0.03125	0.123011	0.246022	0.246022	0.0151317	0.0791017	0.158203	0	0.00625707	0.308916	0	0.102972	0.0253333	0	0	1	0.8125	0.03125	0	0.0108173	0.000164687	1	
189	0.409426	0.590574	0	0.125	0.0625	0.628449	0.717486	0.717486	0.00304264	0.0625	0.102357	0.409426	0.409426	0.0314306	0.0584369	0.233747	0	0.0102446	0.488625	0	0.162875	0.0666853	0	0	0	0.8125	0.0625	0	0.0204327	0.000728088	1	
189	0.576928	0.423072	0	0.1875	0.09375	0.635969	0.687666	0.687666	0.000565233	0.09375	0.0961547	0.576928	0.576928	0.0462287	0.0596116	0.35767	0	0.0177677	0.450909	0.150303	0	0.0867141	0	0	1	0.8125	0.09375	0	0.0324519	0.00121926	0	
189	0.0272907	0.972709	0	0.0625	0.03125	0.644064	0.664793	0.664793	0.000429673	0.03125	0.0136453	0.0136453	0.0136453	1.92593e-34	0.00878847	0.00907132	0.00850562	8.00031e-08	0.456699	0	0.152233	0.00415454	0	0	0	0.8125	0.03125	0	0.00961538	0.000132905	0	
189	0.0272907	0.972709	0	0.125	0.0625	0.631495	0.664793	0.664793	0.00054355	0.0625	0.00682267	0.0136453	0.0136453	4.65488e-05	0.00439424	0.00907132	0	1.93493e-05	0.427176	0	0.142392	0.00388598	0	0	0	0.8125	0.0625	0	0.0216346	0.000621186	0	
189	0.409426	0.590574	0	0.15625	0.078125	0.632295	0.65032	0.65032	0.000184061	0.078125	0.0818852	0.409426	0.409426	0.0268208	0.0498795	0.249398	0	0.00995188	0.504797	0	0.168266	0.0688924	0	0	0	0.8125	0.078125	0	0.0228365	0.000849436	0	
189	0.590574	0.409426	0	0.125	0.0625	0.640823	0.65032	0.65032	5.23968e-05	0.0625	0.147643	0.590574	0.590574	0.0653958	0.094947	0.379788	0	0.0270448	0.401602	0	0.133867	0.0790586	0	0	1	0.8125	0.0625	0	0.0216346	0.000621186	0	
189	0.409426	0.590574	0	0.03125	0.015625	0.60914	0.60914	0.60914	0	0.015625	0.409426	0.409426	0.409426	0	0.249398	0.249398	0.249398	0	0.534784	0	0.178261	0.0729848	0	0	0	0.8125	0.015625	0	0.00360577	4.33386e-05	1	
189	0.590574	0.409426	0	0.09375	0.046875	0.644367	0.65032	0.65032	1.96347e-05	0.046875	0.196858	0.590574	0.590574	0.0775061	0.126596	0.379788	0	0.0320531	0.308916	0	0.102972	0.0608125	0	0	1	0.8125	0.046875	0	0.015625	0.000338041	0	
190	0.0909484	0.909052	0	0.03125	0.015625	0.581824	0.581824	0.581824	0	0.015625	0.0909484	0.0909484	0.0909484	0	0.052916	0.052916	0.052916	0	0.437991	0	0.145997	0.0132782	0	0	0	0.6875	0.015625	0	0.00284091	3.63184e-05	0	
190	0.271298	0.728702	0	0.28125	0.140625	0.619374	0.670052	0.670052	0.00098171	0.140625	0.0301442	0.271298	0.271298	0.00726939	0.0196936	0.177243	0	0.00310271	0.59993	0.199977	0	0.0542532	1	0	1	0.6875	0.140625	0	0.0667614	0.00271178	1	
190	0.0909484	0.909052	0	0.03125	0.015625	0.581824	0.581824	0.581824	0	0.015625	0.0909484	0.0909484	0.0909484	0	0.052916	0.052916	0.052916	0	0.487192	0	0.162397	0.0147698	0	0	0	0.6875	0.015625	0	0.00284091	3.63184e-05	0	
190	0.0909484	0.909052	0	0.03125	0.015625	0.581824	0.581824	0.581824	0	0.015625	0.0909484	0.0909484	0.0909484	0	0.052916	0.052916	0.052916	0	0.352116	0	0.117372	0.0106748	0	0	0	0.6875	0.015625	0	0.00284091	3.63184e-05	0	
190	0.728702	0.271298	0	0.3125	0.15625	0.633064	0.692139	0.692139	0.000761768	0.15625	0.0728702	0.728702	0.728702	0.0477906	0.0476464	0.476464	0	0.0204316	0.688755	0	0.229585	0.167299	0	0	0	0.6875	0.15625	0	0.0710227	0.00356728	0	
190	0.909052	0.0909484	0	0.03125	0.015625	0.60914	0.60914	0.60914	0	0.015625	0.909052	0.909052	0.909052	0	0.553739	0.553739	0.553739	0	0.430089	0	0.143363	0.130324	0	0	1	0.6875	0.015625	0	0.00284091	3.63184e-05	0	
190	0.909052	0.0909484	0	0.03125	0.015625	0.60914	0.60914	0.60914	0	0.015625	0.909052	0.909052	0.909052	0	0.553739	0.553739	0.553739	0	0.504797	0	0.168266	0.152962	0	0	0	0.6875	0.015625	0	0.00284091	3.63184e-05	0	
190	0.909052	0.0909484	0	0.03125	0.015625	0.60914	0.60914	0.60914	0	0.015625	0.909052	0.909052	0.909052	0	0.553739	0.553739	0.553739	0	0.534784	0	0.178261	0.162049	0	0	0	0.6875	0.015625	0	0.00284091	3.63184e-05	0	
191	0.834032	0.165968	0	0.03125	0.015625	0.707956	0.707956	0.707956	0	0.015625	0.834032	0.834032	0.834032	0	0.590458	0.590458	0.590458	0	0.437991	0	0.145997	0.121766	0	0	0	0.625	0.015625	0	0.00625	5.85938e-05	1	
191	0.165968	0.834032	0	0.21875	0.109375	0.633291	0.657752	0.657752	0.000413565	0.109375	0.0237097	0.145486	0.145486	0.00252153	0.014809	0.0901949	0	0.000968767	0.487525	0.162508	0	0.0269712	0	0	1	0.625	0.109375	0	0.0515625	0.00161377	0	
191	0.145486	0.854514	0	0.0625	0.03125	0.659895	0.666476	0.666476	4.3315e-05	0.03125	0.0727432	0.145486	0.145486	0.00529157	0.0475241	0.0950482	0	0.00225854	0.549041	0.183014	0	0.026626	0	0	0	0.625	0.03125	0	0.0109375	0.000197754	0	
191	0.854514	0.145486	0	0.125	0.0625	0.699788	0.766394	0.766394	0.00183635	0.0625	0.213628	0.834032	0.834032	0.12837	0.150982	0.590458	0	0.0644101	0.51328	0.171093	0	0.146202	0	0	0	0.625	0.0625	0	0.021875	0.000791016	0	
191	0.834032	0.165968	0	0.0625	0.03125	0.737175	0.766394	0.766394	0.000853743	0.03125	0.417016	0.834032	0.834032	0.173902	0.295229	0.590458	0	0.0871602	0.352116	0	0.117372	0.097892	0	0	0	0.625	0.03125	0	0.0125	0.000234375	1	
192	0.0181476	0.981852	0	0.03125	0.015625	0.824926	0.824926	0.824926	0	0.015625	0.0181476	0.0181476	0.0181476	0	0.0149704	0.0149704	0.0149704	0	0.427257	0.142419	0	0.00258455	0	0	0	0.9375	0.015625	0	0.00104167	1.5191e-05	1	
192	0.0181476	0.981852	0	0.03125	0.015625	0.824926	0.824926	0.824926	0	0.015625	0.0181476	0.0181476	0.0181476	0	0.0149704	0.0149704	0.0149704	0	0.316741	0	0.10558	0.00191603	0	0	0	0.9375	0.015625	0	0.00104167	1.5191e-05	0	
192	0.0181476	0.981852	0	0.03125	0.015625	0.824926	0.824926	0.824926	0	0.015625	0.0181476	0.0181476	0.0181476	0	0.0149704	0.0149704	0.0149704	0	0.408196	0.136065	0	0.00246925	0	0	0	0.9375	0.015625	0	0.00104167	1.5191e-05	1	
193	0.693664	0.306336	0	0.3125	0.15625	0.644189	0.703419	0.703419	0.00110341	0.15625	0.0693664	0.387327	0.387327	0.0195747	0.0426082	0.240019	0	0.00740738	0.487525	0.162508	0	0.112726	0	0	1	0.6875	0.15625	0	0.0440341	0.00318795	1	
193	0.693664	0.306336	0	0.28125	0.140625	0.642949	0.703419	0.703419	0.00114017	0.140625	0.0770737	0.387327	0.387327	0.0211557	0.0473424	0.240019	0	0.00800629	0.450909	0.150303	0	0.10426	0	0	1	0.6875	0.140625	0	0.0397727	0.0026351	0	
194	0.209309	0.790691	0	0.03125	0.015625	0.581824	0.581824	0.581824	0	0.015625	0.209309	0.209309	0.209309	0	0.121781	0.121781	0.121781	0	0.437991	0	0.145997	0.0305585	0	0	0	0.6875	0.015625	0	0.00284091	3.63184e-05	0	
194	0.790691	0.209309	0	0.1875	0.09375	0.629214	0.657567	0.657567	0.000366139	0.09375	0.131782	0.41676	0.41676	0.0348858	0.0843113	0.274047	0	0.0143654	0.487525	0.162508	0	0.128494	0	0	1	0.6875	0.09375	0	0.0383523	0.00121465	0	
194	0.41676	0.58324	0	0.0625	0.03125	0.662401	0.667235	0.667235	2.3371e-05	0.03125	0.20838	0.41676	0.41676	0.0434222	0.137024	0.274047	0	0.0187755	0.51328	0.171093	0	0.0713049	0	0	0	0.6875	0.03125	0	0.00852273	0.000193698	0	
194	0.209309	0.790691	0	0.03125	0.015625	0.581824	0.581824	0.581824	0	0.015625	0.209309	0.209309	0.209309	0	0.121781	0.121781	0.121781	0	0.487192	0	0.162397	0.0339912	0	0	0	0.6875	0.015625	0	0.00284091	3.63184e-05	1	
194	0.209309	0.790691	0	0.03125	0.015625	0.581824	0.581824	0.581824	0	0.015625	0.209309	0.209309	0.209309	0	0.121781	0.121781	0.121781	0	0.352116	0	0.117372	0.024567	0	0	0	0.6875	0.015625	0	0.00284091	3.63184e-05	0	
195	0.0240204	0.97598	0	0.03125	0.015625	0.597922	0.597922	0.597922	0	0.015625	0.0240204	0.0240204	0.0240204	0	0.0143623	0.0143623	0.0143623	0	0.427257	0.142419	0	0.00342096	0	0	0	0.75	0.015625	0	0.00390625	4.57764e-05	1	
195	0.0240204	0.97598	0	0.0625	0.03125	0.613128	0.628335	0.628335	0.000231229	0.03125	0.0120102	0.0240204	0.0240204	0.000144245	0.00718117	0.0143623	0	5.15692e-05	0.488625	0	0.162875	0.00391233	0	0	0	0.75	0.03125	0	0.00911458	0.00018141	0	
195	0.927939	0.0720612	0	0.125	0.0625	0.616035	0.619955	0.619955	2.61837e-05	0.0625	0.231985	0.927939	0.927939	0.161451	0.14382	0.57528	0	0.0620526	0.487525	0.162508	0	0.150798	0	0	1	0.75	0.0625	0	0.0117188	0.000371297	0	
195	0.927939	0.0720612	0	0.15625	0.078125	0.624543	0.667235	0.667235	0.000484064	0.078125	0.185588	0.927939	0.927939	0.137771	0.115056	0.57528	0	0.0529515	0.450909	0.150303	0	0.139472	0	0	1	0.75	0.078125	0	0.0143229	0.000547621	0	
196	0.578259	0.421741	0	0.125	0.0625	0.600239	0.617125	0.617125	0.000361045	0.0625	0.144565	0.578259	0.578259	0.0626968	0.0821105	0.328442	0	0.0202264	0.553678	0	0.184559	0.106723	0	0	1	0.6875	0.0625	0	0.0369318	0.000633555	0	
196	0.311088	0.688912	0	0.03125	0.015625	0.570915	0.570915	0.570915	0	0.015625	0.311088	0.311088	0.311088	0	0.177605	0.177605	0.177605	0	0.488625	0	0.162875	0.0506684	0	0	0	0.6875	0.015625	0	0.00568182	5.64954e-05	0	
196	0.421741	0.578259	0	0.03125	0.015625	0.581824	0.581824	0.581824	0	0.015625	0.421741	0.421741	0.421741	0	0.245379	0.245379	0.245379	0	0.437991	0	0.145997	0.061573	0	0	0	0.6875	0.015625	0	0.00284091	3.63184e-05	0	
196	0.421741	0.578259	0	0.03125	0.015625	0.581824	0.581824	0.581824	0	0.015625	0.421741	0.421741	0.421741	0	0.245379	0.245379	0.245379	0	0.487192	0	0.162397	0.0684896	0	0	0	0.6875	0.015625	0	0.00284091	3.63184e-05	0	
196	0.578259	0.421741	0	0.03125	0.015625	0.619955	0.619955	0.619955	0	0.015625	0.578259	0.578259	0.578259	0	0.358494	0.358494	0.358494	0	0.452331	0.150777	0	0.0871882	0	0	1	0.6875	0.015625	0	0.00710227	6.05307e-05	0	
196	0.421741	0.578259	0	0.03125	0.015625	0.581824	0.581824	0.581824	0	0.015625	0.421741	0.421741	0.421741	0	0.245379	0.245379	0.245379	0	0.352116	0	0.117372	0.0495006	0	0	0	0.6875	0.015625	0	0.00284091	3.63184e-05	0	
196	0.688912	0.311088	0	0.09375	0.046875	0.627472	0.643083	0.643083	0.00019573	0.046875	0.229637	0.688912	0.688912	0.105467	0.147676	0.443028	0	0.0436164	0.430089	0	0.143363	0.0987646	0	0	1	0.6875	0.046875	0	0.0142045	0.000375291	1	
196	0.688912	0.311088	0	0.0625	0.03125	0.636638	0.643083	0.643083	4.15453e-05	0.03125	0.344456	0.688912	0.688912	0.11865	0.221514	0.443028	0	0.0490685	0.401602	0	0.133867	0.0922229	0	0	1	0.6875	0.03125	0	0.0113636	0.000225981	0	
196	0.688912	0.311088	0	0.03125	0.015625	0.643083	0.643083	0.643083	0	0.015625	0.688912	0.688912	0.688912	0	0.443028	0.443028	0.443028	0	0.308916	0	0.102972	0.0709387	0	0	1	0.6875	0.015625	0	0.00568182	5.64954e-05	0	
197	0.684229	0.315771	0	0.03125	0.015625	0.581824	0.581824	0.581824	0	0.015625	0.684229	0.684229	0.684229	0	0.398101	0.398101	0.398101	0	0.437991	0	0.145997	0.0998954	0	0	0	0.75	0.015625	0	0.00260417	3.39084e-05	0	
197	0.315771	0.684229	0	0.125	0.0625	0.61387	0.619955	0.619955	3.55203e-05	0.0625	0.0789427	0.315771	0.315771	0.0186959	0.0489409	0.195764	0	0.00718564	0.450909	0.150303	0	0.0474613	0	0	1	0.75	0.0625	0	0.03125	0.000610352	1	
197	0.684229	0.315771	0	0.03125	0.015625	0.581824	0.581824	0.581824	0	0.015625	0.684229	0.684229	0.684229	0	0.398101	0.398101	0.398101	0	0.487192	0	0.162397	0.111117	0	0	0	0.75	0.015625	0	0.00260417	3.39084e-05	0	
197	0.315771	0.684229	0	0.03125	0.015625	0.619955	0.619955	0.619955	0	0.015625	0.315771	0.315771	0.315771	0	0.195764	0.195764	0.195764	0	0.452331	0.150777	0	0.047611	0	0	1	0.75	0.015625	0	0.00520833	5.42535e-05	0	
197	0.684229	0.315771	0	0.03125	0.015625	0.581824	0.581824	0.581824	0	0.015625	0.684229	0.684229	0.684229	0	0.398101	0.398101	0.398101	0	0.352116	0	0.117372	0.0803094	0	0	0	0.75	0.015625	0	0.00260417	3.39084e-05	0	
197	0.625565	0.374435	0	0.125	0.0625	0.617226	0.643083	0.643083	0.000755632	0.0625	0.156391	0.625565	0.625565	0.0733746	0.0981314	0.392526	0	0.0288893	0.319483	0	0.106494	0.066619	0	0	1	0.75	0.0625	0	0.0221354	0.000751072	0	
198	0.142945	0.857055	0	0.0625	0.03125	0.707849	0.707956	0.707956	1.1406e-08	0.03125	0.0714727	0.142945	0.142945	0.00510835	0.0505843	0.101169	0	0.00255877	0.437991	0	0.145997	0.0208696	0	0	0	0.4375	0.03125	0	0.0133929	0.000239158	1	
198	0.857055	0.142945	0	0.15625	0.078125	0.626226	0.666988	0.666988	0.000436344	0.078125	0.171411	0.857055	0.857055	0.117527	0.106267	0.531335	0	0.0451707	0.487525	0.162508	0	0.139279	0	0	1	0.4375	0.078125	0	0.0223214	0.000757334	0	
198	0.857055	0.142945	0	0.15625	0.078125	0.624543	0.667235	0.667235	0.000484064	0.078125	0.171411	0.857055	0.857055	0.117527	0.106267	0.531335	0	0.0451707	0.450909	0.150303	0	0.128818	0	0	1	0.4375	0.078125	0	0.0200893	0.000747369	0	
198	0.142945	0.857055	0	0.0625	0.03125	0.707849	0.707956	0.707956	1.1406e-08	0.03125	0.0714727	0.142945	0.142945	0.00510835	0.0505843	0.101169	0	0.00255877	0.352116	0	0.117372	0.0167778	0	0	0	0.4375	0.03125	0	0.0133929	0.000239158	0	
199	0.612195	0.387805	0	0.125	0.0625	0.653048	0.717486	0.717486	0.00202738	0.0625	0.153049	0.612195	0.612195	0.0702718	0.102437	0.409748	0	0.03148	0.427257	0.142419	0	0.0871882	0	0	0	0.8125	0.0625	0	0.0192308	0.00071942	0	
199	0.612195	0.387805	0	0.125	0.0625	0.653048	0.717486	0.717486	0.00202738	0.0625	0.153049	0.612195	0.612195	0.0702718	0.102437	0.409748	0	0.03148	0.488625	0	0.162875	0.0997113	0	0	0	0.8125	0.0625	0	0.0192308	0.00071942	0	
199	0.387805	0.612195	0	0.0625	0.03125	0.634788	0.642101	0.642101	5.34871e-05	0.03125	0.193902	0.387805	0.387805	0.0375981	0.124505	0.24901	0	0.0155015	0.319483	0	0.106494	0.0412989	0	0	1	0.8125	0.03125	0	0.0108173	0.000202247	1	
199	0.447345	0.552655	0	0.0625	0.03125	0.599318	0.600447	0.600447	1.27554e-06	0.03125	0.223672	0.447345	0.447345	0.0500293	0.133798	0.267597	0	0.017902	0.49225	0	0.164083	0.0734018	0	0	1	0.8125	0.03125	0	0.00841346	0.000173354	0	
199	0.552655	0.447345	0	0.03125	0.015625	0.664793	0.664793	0.664793	0	0.015625	0.552655	0.552655	0.552655	0	0.367401	0.367401	0.367401	0	0.456699	0	0.152233	0.0841323	0	0	0	0.8125	0.015625	0	0.00480769	5.20063e-05	0	
199	0.552655	0.447345	0	0.0625	0.03125	0.63262	0.664793	0.664793	0.00103507	0.03125	0.276328	0.552655	0.552655	0.076357	0.183701	0.367401	0	0.0337459	0.427176	0	0.142392	0.0786937	0	0	0	0.8125	0.03125	0	0.00841346	0.000173354	0	
199	0.387805	0.612195	0	0.0625	0.03125	0.637115	0.642101	0.642101	2.48666e-05	0.03125	0.193902	0.387805	0.387805	0.0375981	0.124505	0.24901	0	0.0155015	0.504797	0	0.168266	0.0652543	0	0	0	0.8125	0.03125	0	0.0108173	0.000202247	0	
200	0.539385	0.460615	0	0.125	0.0625	0.680847	0.717486	0.717486	0.00125148	0.0625	0.134846	0.539385	0.539385	0.0545504	0.0872549	0.349019	0	0.0228402	0.316741	0	0.10558	0.0569484	0	0	0	0.625	0.0625	0	0.0203125	0.000783691	1	
201	0.196235	0.803765	0	0.09375	0.046875	0.661572	0.717486	0.717486	0.0024125	0.046875	0.0654115	0.196235	0.196235	0.00855733	0.0437805	0.131342	0	0.00383347	0.427257	0.142419	0	0.0279475	0	0	0	0.75	0.046875	0	0.0130208	0.000400119	0	
201	0.196235	0.803765	0	0.09375	0.046875	0.661572	0.717486	0.717486	0.0024125	0.046875	0.0654115	0.196235	0.196235	0.00855733	0.0437805	0.131342	0	0.00383347	0.488625	0	0.162875	0.0319617	0	0	0	0.75	0.046875	0	0.0130208	0.000400119	0	
201	0.196235	0.803765	0	0.0625	0.03125	0.633616	0.66931	0.66931	0.00127404	0.03125	0.0981173	0.196235	0.196235	0.009627	0.0656708	0.131342	0	0.00431266	0.302638	0.100879	0	0.019796	0	0	1	0.75	0.03125	0	0.00911458	0.00018141	0	
201	0.148156	0.851844	0	0.0625	0.03125	0.599318	0.600447	0.600447	1.27554e-06	0.03125	0.0740779	0.148156	0.148156	0.00548753	0.0443125	0.0886251	0	0.0019636	0.49225	0	0.164083	0.0243099	0	0	1	0.75	0.03125	0	0.00911458	0.00018141	0	
201	0.803765	0.196235	0	0.03125	0.015625	0.632128	0.632128	0.632128	0	0.015625	0.803765	0.803765	0.803765	0	0.508083	0.508083	0.508083	0	0.52375	0.174583	0	0.140324	0	0	0	0.75	0.015625	0	0.00520833	5.42535e-05	0	
201	0.851844	0.148156	0	0.03125	0.015625	0.664793	0.664793	0.664793	0	0.015625	0.851844	0.851844	0.851844	0	0.5663	0.5663	0.5663	0	0.456699	0	0.152233	0.129679	0	0	0	0.75	0.015625	0	0.00520833	5.42535e-05	1	
201	0.851844	0.148156	0	0.0625	0.03125	0.63262	0.664793	0.664793	0.00103507	0.03125	0.425922	0.851844	0.851844	0.18141	0.28315	0.5663	0	0.0801738	0.427176	0	0.142392	0.121296	0	0	0	0.75	0.03125	0	0.00911458	0.00018141	0	
201	0.803765	0.196235	0	0.03125	0.015625	0.632128	0.632128	0.632128	0	0.015625	0.803765	0.803765	0.803765	0	0.508083	0.508083	0.508083	0	0.504797	0	0.168266	0.135246	0	0	0	0.75	0.015625	0	0.00520833	5.42535e-05	0	
202	0.42661	0.57339	0	0.21875	0.109375	0.62368	0.693513	0.693513	0.00134705	0.109375	0.0609443	0.42661	0.42661	0.0222852	0.0370826	0.259578	0	0.00825071	0.553678	0	0.184559	0.0787348	0	0	1	0.75	0.109375	0	0.0546875	0.00213623	0	
202	0.57339	0.42661	0	0.15625	0.078125	0.632941	0.666944	0.666944	0.000532264	0.078125	0.114678	0.57339	0.57339	0.0526042	0.0710636	0.355318	0	0.0202001	0.487525	0.162508	0	0.0931807	0	0	1	0.75	0.078125	0	0.0390625	0.000915527	1	
202	0.896511	0.103489	0	0.0625	0.03125	0.71017	0.716824	0.716824	4.42799e-05	0.03125	0.448256	0.896511	0.896511	0.200933	0.315355	0.63071	0	0.0994487	0.52375	0.174583	0	0.156516	0	0	0	0.75	0.03125	0	0.00911458	0.00018141	0	
202	0.103489	0.896511	0	0.03125	0.015625	0.630192	0.630192	0.630192	0	0.015625	0.103489	0.103489	0.103489	0	0.0652177	0.0652177	0.0652177	0	0.401602	0	0.133867	0.0138537	0	0	1	0.75	0.015625	0	0.00520833	5.42535e-05	0	
203	0.0500975	0.949902	0	0.03125	0.015625	0.662673	0.662673	0.662673	0	0.015625	0.0500975	0.0500975	0.0500975	0	0.0331983	0.0331983	0.0331983	0	0.302638	0.100879	0	0.00505381	0	0	1	0.6875	0.015625	0	0.00284091	3.63184e-05	0	
203	0.0500975	0.949902	0	0.03125	0.015625	0.662673	0.662673	0.662673	0	0.015625	0.0500975	0.0500975	0.0500975	0	0.0331983	0.0331983	0.0331983	0	0.319483	0	0.106494	0.00533509	0	0	1	0.6875	0.015625	0	0.00284091	3.63184e-05	0	
203	0.875135	0.124865	0	0.09375	0.046875	0.640348	0.722407	0.722407	0.0033677	0.046875	0.291712	0.875135	0.875135	0.170191	0.174499	0.523496	0	0.0608995	0.49225	0	0.164083	0.143595	0	0	1	0.6875	0.046875	0	0.015625	0.000399503	1	
203	0.0500975	0.949902	0	0.03125	0.015625	0.662673	0.662673	0.662673	0	0.015625	0.0500975	0.0500975	0.0500975	0	0.0331983	0.0331983	0.0331983	0	0.359327	0	0.119776	0.00600047	0	0	0	0.6875	0.015625	0	0.00284091	3.63184e-05	0	
203	0.0500975	0.949902	0	0.03125	0.015625	0.662673	0.662673	0.662673	0	0.015625	0.0500975	0.0500975	0.0500975	0	0.0331983	0.0331983	0.0331983	0	0.308916	0	0.102972	0.00515864	0	0	1	0.6875	0.015625	0	0.00284091	3.63184e-05	0	
204	0.95754	0.04246	0	0.28125	0.140625	0.626298	0.704741	0.704741	0.00136057	0.140625	0.106393	0.83016	0.83016	0.0658554	0.0647069	0.504223	0	0.0242882	0.553678	0	0.184559	0.176723	0	0	1	1	0.140625	0	0.0556641	0.00265408	1	
204	0.945234	0.0547664	0	0.15625	0.078125	0.644799	0.732064	0.732064	0.00329162	0.078125	0.189047	0.945234	0.945234	0.142955	0.113086	0.565428	0	0.0511534	0.49225	0	0.164083	0.155097	0	0	1	1	0.078125	0	0.0214844	0.0010643	0	
204	0.0972264	0.902774	0	0.1875	0.09375	0.703767	0.768605	0.768605	0.00210779	0.09375	0.0162044	0.0547664	0.0547664	0.000537785	0.0113802	0.0400264	0	0.000270566	0.52375	0.174583	0	0.0169741	0	0	0	1	0.09375	0	0.0214844	0.00121689	0	
204	0.04246	0.95754	0	0.09375	0.046875	0.688191	0.768605	0.768605	0.00343645	0.046875	0.0141533	0.04246	0.04246	0.000400633	0.00941829	0.0282549	0	0.000177408	0.504797	0	0.168266	0.00714456	0	0	0	1	0.046875	0	0.00976562	0.000331879	0	
204	0.04246	0.95754	0	0.03125	0.015625	0.665448	0.665448	0.665448	0	0.015625	0.04246	0.04246	0.04246	0	0.0282549	0.0282549	0.0282549	0	0.401602	0	0.133867	0.005684	0	0	1	1	0.015625	0	0.00292969	3.71933e-05	1	
205	0.671172	0.328828	0	0.1875	0.09375	0.618212	0.653853	0.653853	0.00071672	0.09375	0.111862	0.328828	0.328828	0.02356	0.0705342	0.215005	0	0.00938971	0.553678	0	0.184559	0.123871	0	0	1	0.75	0.09375	0	0.046875	0.0012207	1	
205	0.340256	0.659744	0	0.03125	0.015625	0.570915	0.570915	0.570915	0	0.015625	0.340256	0.340256	0.340256	0	0.194257	0.194257	0.194257	0	0.488625	0	0.162875	0.0554192	0	0	0	0.75	0.015625	0	0.00390625	4.57764e-05	0	
205	0.657656	0.342344	0	0.09375	0.046875	0.670823	0.692139	0.692139	0.000253754	0.046875	0.219219	0.328828	0.328828	0.0240284	0.147533	0.227595	0	0.0109095	0.549041	0.183014	0	0.12036	0	0	0	0.75	0.046875	0	0.0195312	0.000371297	0	
205	0.671172	0.328828	0	0.09375	0.046875	0.61473	0.643083	0.643083	0.000987594	0.046875	0.223724	0.340256	0.340256	0.0250407	0.135688	0.212806	0	0.00926294	0.302638	0.100879	0	0.0677074	0	0	1	0.75	0.046875	0	0.0117188	0.000411987	0	
205	0.330916	0.669084	0	0.0625	0.03125	0.636638	0.643083	0.643083	4.15453e-05	0.03125	0.165458	0.330916	0.330916	0.0273763	0.106403	0.212806	0	0.0113216	0.430089	0	0.143363	0.0474411	0	0	1	0.75	0.03125	0	0.0078125	0.000183105	0	
205	0.671172	0.328828	0	0.0625	0.03125	0.606999	0.643083	0.643083	0.00130208	0.03125	0.335586	0.340256	0.340256	2.181e-05	0.203532	0.212806	0.194257	8.60192e-05	0.319483	0	0.106494	0.0714759	0	0	1	0.75	0.03125	0	0.0078125	0.000183105	0	
205	0.330916	0.669084	0	0.0625	0.03125	0.636638	0.643083	0.643083	4.15453e-05	0.03125	0.165458	0.330916	0.330916	0.0273763	0.106403	0.212806	0	0.0113216	0.401602	0	0.133867	0.0442988	0	0	1	0.75	0.03125	0	0.0078125	0.000183105	0	
205	0.330916	0.669084	0	0.03125	0.015625	0.643083	0.643083	0.643083	0	0.015625	0.330916	0.330916	0.330916	0	0.212806	0.212806	0.212806	0	0.308916	0	0.102972	0.034075	0	0	1	0.75	0.015625	0	0.00390625	4.57764e-05	0	
206	0.276186	0.723814	0	0.125	0.0625	0.600239	0.617125	0.617125	0.000361045	0.0625	0.0690465	0.276186	0.276186	0.0143023	0.0419375	0.16775	0	0.00527626	0.553678	0	0.184559	0.0509727	0	0	1	0.6875	0.0625	0	0.0326705	0.000730404	0	
206	0.723814	0.276186	0	0.125	0.0625	0.603314	0.61968	0.61968	0.000433324	0.0625	0.180954	0.723814	0.723814	0.0982325	0.112133	0.448533	0	0.0377216	0.59993	0.199977	0	0.144746	0	0	1	0.6875	0.0625	0	0.03125	0.000665838	1	
206	0.617508	0.382492	0	0.125	0.0625	0.617226	0.643083	0.643083	0.000755632	0.0625	0.154377	0.617508	0.617508	0.0714968	0.0968676	0.38747	0	0.02815	0.319483	0	0.106494	0.065761	0	0	1	0.6875	0.0625	0	0.0241477	0.000770758	1	
207	0.397232	0.602768	0	0.15625	0.078125	0.648598	0.66931	0.66931	0.000257983	0.078125	0.0794464	0.397232	0.397232	0.0252469	0.0531742	0.265871	0	0.01131	0.430089	0	0.143363	0.0569484	0	0	1	0.625	0.078125	0	0.0234375	0.00098877	1	
208	0.516313	0.483687	0	0.1875	0.09375	0.610648	0.635794	0.635794	0.000463621	0.09375	0.0860522	0.516313	0.516313	0.0370249	0.0523599	0.31416	0	0.0137078	0.553678	0	0.184559	0.0952904	0	0	1	0.5625	0.09375	0	0.0451389	0.00181448	0	
208	0.790681	0.209319	0	0.03125	0.015625	0.570915	0.570915	0.570915	0	0.015625	0.790681	0.790681	0.790681	0	0.451411	0.451411	0.451411	0	0.488625	0	0.162875	0.128782	0	0	0	0.5625	0.015625	0	0.00868056	6.02816e-05	1	
208	0.483687	0.516313	0	0.25	0.125	0.628716	0.657567	0.657567	0.000217497	0.125	0.0604609	0.483687	0.483687	0.0255886	0.0374664	0.299731	0	0.00982609	0.487525	0.162508	0	0.0786032	0	0	1	0.5625	0.125	0	0.0520833	0.00238715	0	
208	0.209319	0.790681	0	0.09375	0.046875	0.627472	0.643083	0.643083	0.00019573	0.046875	0.069773	0.209319	0.209319	0.00973653	0.0448698	0.13461	0	0.0040266	0.430089	0	0.143363	0.0300086	0	0	1	0.5625	0.046875	0	0.0190972	0.000367718	1	
208	0.209319	0.790681	0	0.0625	0.03125	0.636638	0.643083	0.643083	4.15453e-05	0.03125	0.104659	0.209319	0.209319	0.0109536	0.0673048	0.13461	0	0.00452993	0.401602	0	0.133867	0.028021	0	0	1	0.5625	0.03125	0	0.015625	0.000217014	0	
208	0.209319	0.790681	0	0.03125	0.015625	0.643083	0.643083	0.643083	0	0.015625	0.209319	0.209319	0.209319	0	0.13461	0.13461	0.13461	0	0.308916	0	0.102972	0.021554	0	0	1	0.5625	0.015625	0	0.00868056	6.02816e-05	0	
209	0.710864	0.289136	0	0.1875	0.09375	0.635969	0.687666	0.687666	0.000565233	0.09375	0.118477	0.710864	0.710864	0.0701843	0.0734505	0.440703	0	0.0269749	0.450909	0.150303	0	0.106845	0	0	1	0.875	0.09375	0	0.03125	0.00115095	0	
209	0.863467	0.136533	0	0.09375	0.046875	0.621143	0.664793	0.664793	0.000953498	0.046875	0.287822	0.863467	0.863467	0.165683	0.172172	0.516516	0	0.0592864	0.442329	0.147443	0	0.127312	0	0	1	0.875	0.046875	0	0.0145089	0.000399843	1	
209	0.136533	0.863467	0	0.125	0.0625	0.631495	0.664793	0.664793	0.00054355	0.0625	0.0341333	0.136533	0.136533	0.00349525	0.0217568	0.0870271	0	0.00142007	0.427176	0	0.142392	0.0194412	0	0	0	0.875	0.0625	0	0.0178571	0.000622808	0	
209	0.289136	0.710864	0	0.15625	0.078125	0.632295	0.65032	0.65032	0.000184061	0.078125	0.0578273	0.289136	0.289136	0.013376	0.0352249	0.176125	0	0.00496317	0.504797	0	0.168266	0.0486518	0	0	0	0.875	0.078125	0	0.0234375	0.000793457	0	
209	0.289136	0.710864	0	0.03125	0.015625	0.60914	0.60914	0.60914	0	0.015625	0.289136	0.289136	0.289136	0	0.176125	0.176125	0.176125	0	0.534784	0	0.178261	0.0515418	0	0	0	0.875	0.015625	0	0.00334821	4.11053e-05	0	
210	0.0240204	0.97598	0	0.0625	0.03125	0.674248	0.720161	0.720161	0.00210803	0.03125	0.0120102	0.0240204	0.0240204	0.000144245	0.00754643	0.0150929	0	5.69486e-05	0.488625	0	0.162875	0.00391233	0	0	0	0.75	0.03125	0	0.00911458	0.00018141	1	
210	0.927939	0.0720612	0	0.125	0.0625	0.616035	0.619955	0.619955	2.61837e-05	0.0625	0.231985	0.927939	0.927939	0.161451	0.14382	0.57528	0	0.0620526	0.487525	0.162508	0	0.150798	0	0	1	0.75	0.0625	0	0.0117188	0.000371297	0	
210	0.927939	0.0720612	0	0.15625	0.078125	0.624543	0.667235	0.667235	0.000484064	0.078125	0.185588	0.927939	0.927939	0.137771	0.115056	0.57528	0	0.0529515	0.450909	0.150303	0	0.139472	0	0	1	0.75	0.078125	0	0.0143229	0.000547621	0	
211	0.142926	0.857074	0	0.21875	0.109375	0.62368	0.693513	0.693513	0.00134705	0.109375	0.020418	0.142926	0.142926	0.00250137	0.0133394	0.0933756	0	0.00106763	0.553678	0	0.184559	0.0263784	0	0	1	0.875	0.109375	0	0.046875	0.00184849	0	
211	0.142926	0.857074	0	0.125	0.0625	0.676742	0.693666	0.693666	0.00030549	0.0625	0.0357315	0.142926	0.142926	0.00383023	0.0233439	0.0933756	0	0.00163481	0.549041	0.183014	0	0.0261575	0	0	0	0.875	0.0625	0	0.0189732	0.000529387	0	
211	0.142926	0.857074	0	0.09375	0.046875	0.73144	0.768329	0.768329	0.00209424	0.046875	0.0476421	0.142926	0.142926	0.00453953	0.0317746	0.0953237	0	0.00201925	0.51328	0.171093	0	0.0244537	0	0	0	0.875	0.046875	0	0.0145089	0.000330088	0	
211	0.857074	0.142926	0	0.0625	0.03125	0.599318	0.600447	0.600447	1.27554e-06	0.03125	0.428537	0.857074	0.857074	0.183644	0.256346	0.512692	0	0.0657132	0.442329	0.147443	0	0.126369	0	0	1	0.875	0.03125	0	0.0078125	0.000165667	1	
211	0.857074	0.142926	0	0.0625	0.03125	0.599318	0.600447	0.600447	1.27554e-06	0.03125	0.428537	0.857074	0.857074	0.183644	0.256346	0.512692	0	0.0657132	0.49225	0	0.164083	0.140632	0	0	1	0.875	0.03125	0	0.0078125	0.000165667	1	
211	0.330217	0.669783	0	0.0625	0.03125	0.71017	0.716824	0.716824	4.42799e-05	0.03125	0.165109	0.330217	0.330217	0.0272609	0.116157	0.232313	0	0.0134923	0.52375	0.174583	0	0.0576504	0	0	0	0.875	0.03125	0	0.0100446	0.000195562	0	
211	0.669783	0.330217	0	0.0625	0.03125	0.63675	0.643307	0.643307	4.29972e-05	0.03125	0.334891	0.669783	0.669783	0.112152	0.211046	0.422092	0	0.0445404	0.401602	0	0.133867	0.089662	0	0	1	0.875	0.03125	0	0.00892857	0.000164421	0	
