QID	cand_solfracs	cand_slack	dual_coil	coil_cons_degree	coil_obj_count	coil_obj_mean	coil_obj_max	coil_obj_min	coil_obj_variance	coil_y_count	coil_y_mean	coil_y_max	coil_y_min	coil_y_variance	coil_product_mean	coil_product_max	coil_product_min	coil_product_variance	coil_weight	coil_weight_C512	coil_weight_C008	coil_weight_RH	coil_num_SR	coil_constraint_bc	coil_in_up	coil_cons_bind_count	coil_cons_bind_max	coil_cons_bind_min	coil_cons_bind_mean	coil_cons_bind_variance	coil_label	
0	0.19718	0.80282	0	0.1875	0.09375	0.714106	0.84566	0.84566	0.00606635	0.09375	0.0328633	0.19718	0.19718	0.00539998	0.0190966	0.11458	0	0.00182341	0.280402	0	0.0934673	0.0184299	1	0	1	0.625	0.09375	0	0.0359375	0.00127197	0	
0	0.19718	0.80282	0	0.1875	0.09375	0.721105	0.84566	0.84566	0.00444935	0.09375	0.0328633	0.19718	0.19718	0.00539998	0.0204767	0.12286	0	0.00209648	0.48283	0	0.160943	0.0317347	0	0	1	0.625	0.09375	0	0.0359375	0.0013208	0	
0	0.19718	0.80282	0	0.09375	0.046875	0.667398	0.692297	0.692297	0.000986683	0.046875	0.0657266	0.19718	0.19718	0.00863996	0.0409534	0.12286	0	0.00335437	0.389562	0.129854	0	0.0256046	0	0	0	0.625	0.046875	0	0.0234375	0.00045166	0	
0	0.80282	0.19718	0	0.0625	0.03125	0.618598	0.618598	0.618598	0	0.03125	0.40141	0.80282	0.80282	0.16113	0.248312	0.496623	0	0.0616586	0.501469	0.167156	0	0.134197	0	0	1	0.625	0.03125	0	0.009375	0.000205078	0	
0	0.80282	0.19718	0	0.125	0.0625	0.637822	0.657045	0.657045	0.000369543	0.0625	0.200705	0.80282	0.80282	0.120848	0.124156	0.496623	0	0.046244	0.483385	0.161128	0	0.129357	0	0	1	0.625	0.0625	0	0.01875	0.000820312	0	
0	0.80282	0.19718	0	0.125	0.0625	0.637822	0.657045	0.657045	0.000369543	0.0625	0.200705	0.80282	0.80282	0.120848	0.124156	0.496623	0	0.046244	0.505977	0	0.168659	0.135403	0	0	1	0.625	0.0625	0	0.01875	0.000820312	0	
0	0.80282	0.19718	0	0.09375	0.046875	0.650309	0.734471	0.734471	0.00442843	0.046875	0.267607	0.80282	0.80282	0.143227	0.172526	0.517579	0	0.0595308	0.267726	0.0892421	0	0.0716454	0	0	0	0.625	0.046875	0	0.0234375	0.000402832	0	
0	0.631061	0.368939	0	0.0625	0.03125	0.570452	0.570452	0.570452	0	0.03125	0.315531	0.631061	0.631061	0.0995595	0.179995	0.35999	0	0.0323982	0.543501	0.181167	0	0.114327	0	0	1	0.625	0.03125	0	0.0125	0.000234375	0	
0	0.368939	0.631061	0	0.0625	0.03125	0.643257	0.680069	0.680069	0.00135511	0.03125	0.184469	0.368939	0.368939	0.034029	0.111871	0.223741	0	0.0125151	0.47812	0	0.159373	0.0587991	0	0	0	0.625	0.03125	0	0.0125	0.000136719	1	
1	0.272403	0.727597	0	0.1875	0.09375	0.714106	0.84566	0.84566	0.00606635	0.09375	0.0454005	0.272403	0.272403	0.010306	0.0263819	0.158292	0	0.00348003	0.280402	0	0.0934673	0.0254608	0	0	1	0.6875	0.09375	0	0.0213068	0.00134378	0	
1	0.548564	0.451436	0	0.1875	0.09375	0.670884	0.734471	0.734471	0.00140853	0.09375	0.0914274	0.548564	0.548564	0.0417949	0.0589434	0.35366	0	0.0173716	0.433822	0	0.144607	0.0793265	0	0	0	0.6875	0.09375	0	0.0241477	0.00156976	1	
1	0.548564	0.451436	0	0.09375	0.046875	0.650309	0.734471	0.734471	0.00442843	0.046875	0.182855	0.548564	0.548564	0.0668718	0.117887	0.35366	0	0.0277946	0.267726	0.0892421	0	0.048955	0	0	0	0.6875	0.046875	0	0.0127841	0.000435821	0	
1	0.358065	0.641935	0	0.125	0.0625	0.607701	0.645584	0.645584	0.000771203	0.0625	0.0895162	0.179032	0.179032	0.00801315	0.0532301	0.110791	0	0.00284282	0.543501	0.181167	0	0.0648695	0	0	1	0.6875	0.0625	0	0.03125	0.000488281	0	
1	0.820968	0.179032	0	0.1875	0.09375	0.640331	0.708196	0.708196	0.00259165	0.09375	0.136828	0.548564	0.548564	0.0437992	0.0853253	0.35366	0	0.0177416	0.421077	0	0.140359	0.11523	0	0	1	0.6875	0.09375	0	0.0213068	0.00134378	1	
1	0.820968	0.179032	0	0.1875	0.09375	0.640331	0.708196	0.708196	0.00259165	0.09375	0.136828	0.548564	0.548564	0.0437992	0.0853253	0.35366	0	0.0177416	0.313635	0	0.104545	0.0858282	0	0	1	0.6875	0.09375	0	0.0213068	0.00134378	1	
1	0.179032	0.820968	0	0.125	0.0625	0.631808	0.64587	0.64587	0.000434677	0.0625	0.0447581	0.179032	0.179032	0.00600986	0.0289079	0.115632	0	0.002507	0.553337	0.184446	0	0.0330218	0	0	0	0.6875	0.0625	0	0.0255682	0.000500387	0	
2	0.419684	0.580316	0	0.125	0.0625	0.741178	0.84566	0.84566	0.00458747	0.0625	0.104921	0.419684	0.419684	0.0330252	0.0688466	0.275386	0	0.0142196	0.277888	0	0.0926294	0.0388751	0	0	0	0.6875	0.0625	0	0.0213068	0.000500387	0	
2	0.429526	0.570474	0	0.21875	0.109375	0.70583	0.84566	0.84566	0.00561065	0.109375	0.0613608	0.419684	0.419684	0.0214108	0.0401579	0.275386	0	0.00922597	0.280402	0	0.0934673	0.0401466	0	0	1	0.6875	0.109375	0	0.0426136	0.00160205	0	
2	0.429526	0.570474	0	0.1875	0.09375	0.721105	0.84566	0.84566	0.00444935	0.09375	0.0715876	0.429526	0.429526	0.0256239	0.0446054	0.267632	0	0.0099482	0.48283	0	0.160943	0.0691292	0	0	1	0.6875	0.09375	0	0.0383523	0.00125904	0	
2	0.429526	0.570474	0	0.09375	0.046875	0.667398	0.692297	0.692297	0.000986683	0.046875	0.143175	0.429526	0.429526	0.0409983	0.0892108	0.267632	0	0.0159171	0.389562	0.129854	0	0.0557757	0	0	0	0.6875	0.046875	0	0.0255682	0.000455998	1	
2	0.570474	0.429526	0	0.03125	0.015625	0.618598	0.618598	0.618598	0	0.015625	0.570474	0.570474	0.570474	0	0.352894	0.352894	0.352894	0	0.501469	0.167156	0	0.0953584	0	0	1	0.6875	0.015625	0	0.00426136	4.84246e-05	0	
2	0.570474	0.429526	0	0.0625	0.03125	0.637822	0.657045	0.657045	0.000369543	0.03125	0.285237	0.570474	0.570474	0.0813603	0.176447	0.352894	0	0.0311336	0.483385	0.161128	0	0.0919196	0	0	1	0.6875	0.03125	0	0.00852273	0.000193698	0	
2	0.570474	0.429526	0	0.0625	0.03125	0.637822	0.657045	0.657045	0.000369543	0.03125	0.285237	0.570474	0.570474	0.0813603	0.176447	0.352894	0	0.0311336	0.505977	0	0.168659	0.0962157	0	0	1	0.6875	0.03125	0	0.00852273	0.000193698	0	
2	0.570474	0.429526	0	0.09375	0.046875	0.650309	0.734471	0.734471	0.00442843	0.046875	0.190158	0.570474	0.570474	0.0723202	0.122595	0.367786	0	0.0300592	0.267726	0.0892421	0	0.0509103	0	0	0	0.6875	0.046875	0	0.0241477	0.000371255	0	
3	0.303047	0.696953	0	0.125	0.0625	0.741178	0.84566	0.84566	0.00458747	0.0625	0.0757617	0.303047	0.303047	0.0172195	0.049713	0.198852	0	0.00741415	0.277888	0	0.0926294	0.028071	0	0	0	0.625	0.0625	0	0.021875	0.000546875	0	
3	0.499901	0.500099	0	0.03125	0.015625	0.618598	0.618598	0.618598	0	0.015625	0.499901	0.499901	0.499901	0	0.309238	0.309238	0.309238	0	0.501469	0.167156	0	0.0835616	0	0	1	0.625	0.015625	0	0.0046875	5.12695e-05	0	
3	0.499901	0.500099	0	0.0625	0.03125	0.637822	0.657045	0.657045	0.000369543	0.03125	0.249951	0.499901	0.499901	0.0624753	0.154619	0.309238	0	0.023907	0.483385	0.161128	0	0.0805482	0	0	1	0.625	0.03125	0	0.009375	0.000205078	0	
3	0.499901	0.500099	0	0.0625	0.03125	0.637822	0.657045	0.657045	0.000369543	0.03125	0.249951	0.499901	0.499901	0.0624753	0.154619	0.309238	0	0.023907	0.505977	0	0.168659	0.0843129	0	0	1	0.625	0.03125	0	0.009375	0.000205078	0	
3	0.500099	0.499901	0	0.21875	0.109375	0.642594	0.708196	0.708196	0.00225216	0.109375	0.0714427	0.303047	0.303047	0.0135626	0.0447654	0.198852	0	0.00551801	0.421077	0	0.140359	0.0701934	1	0	1	0.625	0.109375	0	0.0484375	0.00177979	1	
3	0.500099	0.499901	0	0.21875	0.109375	0.642594	0.708196	0.708196	0.00225216	0.109375	0.0714427	0.303047	0.303047	0.0135626	0.0447654	0.198852	0	0.00551801	0.313635	0	0.104545	0.0522829	0	0	1	0.625	0.109375	0	0.0484375	0.00177979	1	
4	0.428913	0.571087	0	0.1875	0.09375	0.709001	0.84566	0.84566	0.00647541	0.09375	0.0714855	0.428913	0.428913	0.0255509	0.0415398	0.249239	0	0.00862776	0.280402	0	0.0934673	0.0400894	0	0	1	0.5625	0.09375	0	0.0434028	0.00129003	1	
4	0.571087	0.428913	0	0.09375	0.046875	0.674371	0.734471	0.734471	0.00180607	0.046875	0.190362	0.571087	0.571087	0.0724756	0.122727	0.368181	0	0.0301238	0.433822	0	0.144607	0.0825834	0	0	0	0.5625	0.046875	0	0.0260417	0.000379774	0	
4	0.571087	0.428913	0	0.09375	0.046875	0.650309	0.734471	0.734471	0.00442843	0.046875	0.190362	0.571087	0.571087	0.0724756	0.122727	0.368181	0	0.0301238	0.267726	0.0892421	0	0.050965	0	0	0	0.5625	0.046875	0	0.0277778	0.000421971	0	
4	0.499844	0.500156	0	0.15625	0.078125	0.703619	0.765037	0.765037	0.00165514	0.078125	0.0999689	0.499844	0.499844	0.0399751	0.0685497	0.342748	0	0.0187962	0.586035	0	0.195345	0.0976422	0	0	0	0.5625	0.078125	0	0.0329861	0.00121769	1	
4	0.500156	0.499844	0	0.1875	0.09375	0.615702	0.691017	0.691017	0.0016454	0.09375	0.0833593	0.500156	0.500156	0.0347439	0.0501169	0.300701	0	0.0125585	0.511873	0.170624	0	0.0853388	0	0	1	0.5625	0.09375	0	0.0434028	0.00183256	1	
5	0.354351	0.645649	0	0.125	0.0625	0.741178	0.84566	0.84566	0.00458747	0.0625	0.0885877	0.354351	0.354351	0.0235433	0.0581291	0.232516	0	0.010137	0.277888	0	0.0926294	0.0328233	0	0	0	0.8125	0.0625	0	0.0180288	0.000482503	0	
5	0.500099	0.499901	0	0.21875	0.109375	0.70583	0.84566	0.84566	0.00561065	0.109375	0.0714427	0.354351	0.354351	0.0158684	0.0453157	0.232516	0	0.00669461	0.280402	0	0.0934673	0.0467429	0	0	1	0.8125	0.109375	0	0.0372596	0.00152263	0	
5	0.500099	0.499901	0	0.1875	0.09375	0.721105	0.84566	0.84566	0.00444935	0.09375	0.0833498	0.500099	0.500099	0.034736	0.0519343	0.311606	0	0.0134859	0.48283	0	0.160943	0.0804875	0	0	1	0.8125	0.09375	0	0.0348558	0.00117014	1	
5	0.499901	0.500099	0	0.03125	0.015625	0.618598	0.618598	0.618598	0	0.015625	0.499901	0.499901	0.499901	0	0.309238	0.309238	0.309238	0	0.501469	0.167156	0	0.0835616	0	0	1	0.8125	0.015625	0	0.00360577	4.33386e-05	0	
5	0.499901	0.500099	0	0.0625	0.03125	0.637822	0.657045	0.657045	0.000369543	0.03125	0.249951	0.499901	0.499901	0.0624753	0.154619	0.309238	0	0.023907	0.483385	0.161128	0	0.0805482	0	0	1	0.8125	0.03125	0	0.00721154	0.000173354	0	
5	0.499901	0.500099	0	0.0625	0.03125	0.637822	0.657045	0.657045	0.000369543	0.03125	0.249951	0.499901	0.499901	0.0624753	0.154619	0.309238	0	0.023907	0.505977	0	0.168659	0.0843129	0	0	1	0.8125	0.03125	0	0.00721154	0.000173354	0	
6	0.932256	0.0677443	0	0.03125	0.015625	0.570452	0.570452	0.570452	0	0.015625	0.932256	0.932256	0.932256	0	0.531808	0.531808	0.531808	0	0.543501	0.181167	0	0.168894	0	0	1	0.5625	0.015625	0	0.00347222	4.21971e-05	0	
6	0.932256	0.0677443	0	0.0625	0.03125	0.585003	0.599554	0.599554	0.000211728	0.03125	0.466128	0.932256	0.932256	0.217275	0.265904	0.531808	0	0.0707048	0.503926	0.167975	0	0.156596	0	0	1	0.5625	0.03125	0	0.0104167	0.00016276	0	
6	0.817366	0.182634	0	0.15625	0.078125	0.703619	0.765037	0.765037	0.00165514	0.078125	0.163473	0.749622	0.749622	0.0865809	0.111558	0.514023	0	0.0407819	0.586035	0	0.195345	0.159668	0	0	0	0.5625	0.078125	0	0.0329861	0.00121769	0	
6	0.932256	0.0677443	0	0.09375	0.046875	0.633916	0.730275	0.730275	0.00479824	0.046875	0.310752	0.932256	0.932256	0.193134	0.177269	0.531808	0	0.0628487	0.558808	0.186269	0	0.173651	0	0	1	0.5625	0.046875	0	0.0173611	0.000349633	0	
6	0.250378	0.749622	0	0.1875	0.09375	0.615702	0.691017	0.691017	0.0016454	0.09375	0.0417297	0.182634	0.182634	0.00458271	0.0246408	0.109802	0	0.00164346	0.511873	0.170624	0	0.0427206	0	0	1	0.5625	0.09375	0	0.0434028	0.00183256	1	
7	0.738971	0.261029	0	0.03125	0.015625	0.618598	0.618598	0.618598	0	0.015625	0.738971	0.738971	0.738971	0	0.457126	0.457126	0.457126	0	0.501469	0.167156	0	0.123524	0	0	1	0.9375	0.015625	0	0.003125	3.90625e-05	0	
7	0.738971	0.261029	0	0.0625	0.03125	0.637822	0.657045	0.657045	0.000369543	0.03125	0.369485	0.738971	0.738971	0.136519	0.228563	0.457126	0	0.052241	0.483385	0.161128	0	0.119069	0	0	1	0.9375	0.03125	0	0.00625	0.00015625	0	
7	0.725872	0.274128	0	0.1875	0.09375	0.670884	0.734471	0.734471	0.00140853	0.09375	0.120979	0.725872	0.725872	0.0731792	0.0779952	0.467971	0	0.0304162	0.433822	0	0.144607	0.104967	0	0	0	0.9375	0.09375	0	0.0208333	0.00129123	1	
7	0.738971	0.261029	0	0.0625	0.03125	0.637822	0.657045	0.657045	0.000369543	0.03125	0.369485	0.738971	0.738971	0.136519	0.228563	0.457126	0	0.052241	0.505977	0	0.168659	0.124634	0	0	1	0.9375	0.03125	0	0.00625	0.00015625	0	
7	0.348039	0.651961	0	0.1875	0.09375	0.607777	0.645584	0.645584	0.000556373	0.09375	0.0580065	0.17402	0.17402	0.00420595	0.0356253	0.103705	0	0.00153292	0.543501	0.181167	0	0.0630532	0	0	1	0.9375	0.09375	0	0.05	0.000917969	0	
7	1	1.11022e-16	-0.0122854	0.25	0.125	0.620791	0.730275	0.730275	0.00211574	0.125	0.125	0.651961	0.651961	0.0431846	0.0756144	0.395379	0	0.0158676	0.558808	0.186269	0	0.186269	0	0	1	0.9375	0.125	0	0.065625	0.00147135	0	
7	0.435049	0.564951	0	0.21875	0.109375	0.623775	0.64587	0.64587	0.000558239	0.109375	0.0621499	0.17402	0.17402	0.0037081	0.0382841	0.103705	0	0.0013576	0.553337	0.184446	0	0.080243	0	0	0	0.9375	0.109375	0	0.0520833	0.000998264	0	
8	0.0893368	0.910663	0	0.125	0.0625	0.748836	0.84566	0.84566	0.0034615	0.0625	0.0223342	0.0893368	0.0893368	0.00149645	0.0153393	0.0613573	0	0.000705884	0.280402	0	0.0934673	0.00835008	0	0	1	0.625	0.0625	0	0.0171875	0.000705566	0	
8	0.926909	0.0730908	0	0.15625	0.078125	0.723687	0.84566	0.84566	0.00529922	0.078125	0.185382	0.837572	0.837572	0.107535	0.116648	0.521881	0	0.0416183	0.48283	0	0.160943	0.14918	0	0	1	0.625	0.078125	0	0.021875	0.00113281	0	
8	0.926909	0.0730908	0	0.0625	0.03125	0.654948	0.686808	0.686808	0.00101506	0.03125	0.463455	0.837572	0.837572	0.139964	0.291619	0.521881	0.0613573	0.0530206	0.389562	0.129854	0	0.120363	0	0	0	0.625	0.03125	0	0.009375	0.000205078	0	
8	0.926909	0.0730908	0	0.09375	0.046875	0.681456	0.734471	0.734471	0.002082	0.046875	0.30897	0.837572	0.837572	0.141041	0.194413	0.521881	0	0.0542453	0.433822	0	0.144607	0.134038	0	0	0	0.625	0.046875	0	0.0140625	0.000461426	1	
8	0.146182	0.853818	0	0.15625	0.078125	0.609998	0.645584	0.645584	0.000638056	0.078125	0.0292363	0.0730908	0.0730908	0.00128214	0.0173903	0.0452566	0	0.000454901	0.543501	0.181167	0	0.0264833	0	0	1	0.625	0.078125	0	0.0390625	0.000842285	0	
8	0.0730908	0.926909	0	0.15625	0.078125	0.70143	0.765037	0.765037	0.0017295	0.078125	0.0146182	0.0730908	0.0730908	0.000854762	0.00994136	0.0497068	0	0.000395322	0.586035	0	0.195345	0.0142779	0	0	0	0.625	0.078125	0	0.03125	0.00102539	0	
9	0.344411	0.655589	0	0.09375	0.046875	0.674371	0.734471	0.734471	0.00180607	0.046875	0.114804	0.344411	0.344411	0.0263597	0.074014	0.222042	0	0.0109562	0.433822	0	0.144607	0.0498043	0	0	0	0.75	0.046875	0	0.0104167	0.000339084	1	
9	0.898595	0.101405	0	0.09375	0.046875	0.650309	0.734471	0.734471	0.00442843	0.046875	0.299532	0.554184	0.554184	0.0521937	0.179633	0.316858	0	0.0176324	0.267726	0.0892421	0	0.0801925	0	0	0	0.75	0.046875	0	0.0117188	0.000411987	0	
9	0.898595	0.101405	0	0.1875	0.09375	0.634311	0.708196	0.708196	0.00214718	0.09375	0.149766	0.554184	0.554184	0.0485267	0.0898167	0.316858	0	0.0168832	0.421077	0	0.140359	0.126126	0	0	1	0.75	0.09375	0	0.0182292	0.00121392	1	
9	0.898595	0.101405	0	0.1875	0.09375	0.634311	0.708196	0.708196	0.00214718	0.09375	0.149766	0.554184	0.554184	0.0485267	0.0898167	0.316858	0	0.0168832	0.313635	0	0.104545	0.0939437	0	0	1	0.75	0.09375	0	0.0182292	0.00121392	1	
9	0.304216	0.695784	0	0.125	0.0625	0.607398	0.639841	0.639841	0.00035103	0.0625	0.0760539	0.101405	0.101405	0.00192807	0.0453725	0.060553	0	0.000686223	0.553337	0.184446	0	0.0561113	0	0	0	0.75	0.0625	0	0.0221354	0.000466241	0	
10	0.224078	0.775922	0	0.15625	0.078125	0.739223	0.84566	0.84566	0.00368526	0.078125	0.0448156	0.224078	0.224078	0.00803375	0.0327783	0.163891	0	0.00429766	0.277888	0	0.0926294	0.0207562	0	0	0	0.5	0.078125	0	0.0351562	0.000839233	0	
10	0.264292	0.735708	0	0.21875	0.109375	0.712201	0.84566	0.84566	0.0056118	0.109375	0.037756	0.224078	0.224078	0.0059785	0.0267513	0.163891	0	0.00319957	0.280402	0	0.0934673	0.0247027	0	0	1	0.5	0.109375	0	0.0546875	0.00164795	0	
10	0.224078	0.775922	0	0.15625	0.078125	0.749627	0.84566	0.84566	0.00239019	0.078125	0.0448156	0.224078	0.224078	0.00803375	0.0327783	0.163891	0	0.00429766	0.48283	0	0.160943	0.0360638	0	0	1	0.5	0.078125	0	0.0351562	0.000839233	0	
10	0.959786	0.0402137	0	0.125	0.0625	0.688629	0.734471	0.734471	0.00196441	0.0625	0.239947	0.735708	0.735708	0.090295	0.159551	0.474312	0	0.0375016	0.433822	0	0.144607	0.138792	0	0	0	0.5	0.0625	0	0.0351562	0.000595093	0	
10	0.959786	0.0402137	0	0.09375	0.046875	0.650309	0.734471	0.734471	0.00442843	0.046875	0.319929	0.735708	0.735708	0.0948048	0.20081	0.474312	0	0.0401374	0.267726	0.0892421	0	0.0856533	0	0	0	0.5	0.046875	0	0.03125	0.000366211	0	
10	0.775922	0.224078	0	0.03125	0.015625	0.570452	0.570452	0.570452	0	0.015625	0.775922	0.775922	0.775922	0	0.442627	0.442627	0.442627	0	0.543501	0.181167	0	0.140571	0	0	1	0.5	0.015625	0	0.00390625	4.57764e-05	1	
10	0.775922	0.224078	0	0.0625	0.03125	0.585003	0.599554	0.599554	0.000211728	0.03125	0.387961	0.775922	0.775922	0.150514	0.221313	0.442627	0	0.0489796	0.503926	0.167975	0	0.130336	0	0	1	0.5	0.03125	0	0.0117188	0.000167847	0	
10	0.775922	0.224078	0	0.09375	0.046875	0.603828	0.64001	0.64001	0.000810309	0.046875	0.258641	0.775922	0.775922	0.13379	0.147542	0.442627	0	0.0435374	0.558808	0.186269	0	0.14453	0	0	1	0.5	0.046875	0	0.0195312	0.000411987	1	
11	0.338405	0.661595	0	0.15625	0.078125	0.739223	0.84566	0.84566	0.00368526	0.078125	0.067681	0.338405	0.338405	0.0183229	0.0495021	0.24751	0	0.00980181	0.277888	0	0.0926294	0.0313462	0	0	0	0.625	0.078125	0	0.0296875	0.000852051	0	
11	0.478133	0.521867	0	0.21875	0.109375	0.712201	0.84566	0.84566	0.0056118	0.109375	0.0683047	0.338405	0.338405	0.0144833	0.049495	0.24751	0	0.00770073	0.280402	0	0.0934673	0.0446898	0	0	1	0.625	0.109375	0	0.04375	0.00179688	0	
11	0.478133	0.521867	0	0.15625	0.078125	0.749627	0.84566	0.84566	0.00239019	0.078125	0.0956265	0.338405	0.338405	0.0176639	0.069293	0.24751	0	0.00940915	0.48283	0	0.160943	0.0769522	0	0	1	0.625	0.078125	0	0.03125	0.000878906	0	
11	0.661595	0.338405	0	0.03125	0.015625	0.618598	0.618598	0.618598	0	0.015625	0.661595	0.661595	0.661595	0	0.409262	0.409262	0.409262	0	0.501469	0.167156	0	0.11059	0	0	1	0.625	0.015625	0	0.0046875	5.12695e-05	0	
11	0.661595	0.338405	0	0.0625	0.03125	0.637822	0.657045	0.657045	0.000369543	0.03125	0.330798	0.661595	0.661595	0.109427	0.204631	0.409262	0	0.0418737	0.483385	0.161128	0	0.106602	0	0	1	0.625	0.03125	0	0.009375	0.000205078	0	
11	0.860272	0.139728	0	0.125	0.0625	0.688629	0.734471	0.734471	0.00196441	0.0625	0.215068	0.521867	0.521867	0.0504616	0.14599	0.336449	0	0.0223018	0.433822	0	0.144607	0.124402	0	0	0	0.625	0.0625	0	0.03125	0.00078125	0	
11	0.661595	0.338405	0	0.0625	0.03125	0.637822	0.657045	0.657045	0.000369543	0.03125	0.330798	0.661595	0.661595	0.109427	0.204631	0.409262	0	0.0418737	0.505977	0	0.168659	0.111584	0	0	1	0.625	0.03125	0	0.009375	0.000205078	1	
11	0.860272	0.139728	0	0.09375	0.046875	0.650309	0.734471	0.734471	0.00442843	0.046875	0.286757	0.521867	0.521867	0.0467247	0.176645	0.336449	0	0.0190081	0.267726	0.0892421	0	0.0767725	0	0	0	0.625	0.046875	0	0.025	0.000449219	0	
12	0.222836	0.777164	0	0.15625	0.078125	0.739223	0.84566	0.84566	0.00368526	0.078125	0.0445672	0.222836	0.222836	0.00794494	0.0325966	0.162983	0	0.00425015	0.277888	0	0.0926294	0.0206412	0	0	0	0.625	0.078125	0	0.028125	0.000869141	0	
12	0.254621	0.745379	0	0.21875	0.109375	0.712201	0.84566	0.84566	0.0056118	0.109375	0.0363744	0.222836	0.222836	0.00591492	0.0259219	0.162983	0	0.00317157	0.280402	0	0.0934673	0.0237988	0	0	1	0.625	0.109375	0	0.04375	0.00179687	0	
12	0.222836	0.777164	0	0.1875	0.09375	0.743535	0.84566	0.84566	0.00217742	0.09375	0.0371393	0.222836	0.222836	0.00689665	0.0271638	0.162983	0	0.00368936	0.48283	0	0.160943	0.0358639	0	0	1	0.625	0.09375	0	0.0328125	0.00124268	1	
12	0.968215	0.0317851	0	0.125	0.0625	0.688629	0.734471	0.734471	0.00196441	0.0625	0.242054	0.745379	0.745379	0.0927214	0.160882	0.480547	0	0.038489	0.433822	0	0.144607	0.140011	0	0	0	0.625	0.0625	0	0.028125	0.000673828	0	
12	0.968215	0.0317851	0	0.09375	0.046875	0.650309	0.734471	0.734471	0.00442843	0.046875	0.322738	0.745379	0.745379	0.0975885	0.202652	0.480547	0	0.0413184	0.267726	0.0892421	0	0.0864055	0	0	0	0.625	0.046875	0	0.025	0.000449219	0	
12	0.777164	0.222836	0	0.09375	0.046875	0.606132	0.652159	0.652159	0.00118173	0.046875	0.259055	0.777164	0.777164	0.134219	0.154571	0.463713	0	0.0477843	0.543501	0.181167	0	0.140796	0	0	1	0.625	0.046875	0	0.0125	0.000332031	0	
12	0.777164	0.222836	0	0.1875	0.09375	0.615899	0.652159	0.652159	0.000856728	0.09375	0.129527	0.777164	0.777164	0.0838867	0.0772855	0.463713	0	0.0298652	0.503926	0.167975	0	0.130544	0	0	1	0.625	0.09375	0	0.0328125	0.00138916	0	
12	0.777164	0.222836	0	0.09375	0.046875	0.664488	0.75695	0.75695	0.00458519	0.046875	0.259055	0.777164	0.777164	0.134219	0.154571	0.463713	0	0.0477843	0.553337	0.184446	0	0.143345	0	0	0	0.625	0.046875	0	0.015625	0.000390625	0	
13	0.247465	0.752535	0	0.1875	0.09375	0.721105	0.84566	0.84566	0.00444935	0.09375	0.0412442	0.247465	0.247465	0.00850541	0.0256988	0.154193	0	0.00330213	0.48283	0	0.160943	0.0398278	0	0	1	1.0625	0.09375	0	0.0183824	0.00106949	1	
13	0.247465	0.752535	0	0.09375	0.046875	0.667398	0.692297	0.692297	0.000986683	0.046875	0.0824883	0.247465	0.247465	0.0136087	0.0513975	0.154193	0	0.00528341	0.389562	0.129854	0	0.0321344	0	0	0	1.0625	0.046875	0	0.0119485	0.000388598	0	
13	0.267791	0.732209	0	0.03125	0.015625	0.618598	0.618598	0.618598	0	0.015625	0.267791	0.267791	0.267791	0	0.165655	0.165655	0.165655	0	0.501469	0.167156	0	0.044763	0	0	1	1.0625	0.015625	0	0.00275735	3.54806e-05	0	
13	0.267791	0.732209	0	0.0625	0.03125	0.637822	0.657045	0.657045	0.000369543	0.03125	0.133895	0.267791	0.267791	0.017928	0.0828275	0.165655	0	0.0068604	0.483385	0.161128	0	0.0431487	0	0	1	1.0625	0.03125	0	0.00551471	0.000141923	0	
13	0.267791	0.732209	0	0.0625	0.03125	0.637822	0.657045	0.657045	0.000369543	0.03125	0.133895	0.267791	0.267791	0.017928	0.0828275	0.165655	0	0.0068604	0.505977	0	0.168659	0.0451654	0	0	1	1.0625	0.03125	0	0.00551471	0.000141923	0	
13	0.727116	0.272884	0	0.1875	0.09375	0.607777	0.645584	0.645584	0.000556373	0.09375	0.121186	0.484744	0.484744	0.0342674	0.0731441	0.288877	0	0.0123077	0.543501	0.181167	0	0.131729	0	0	1	1.0625	0.09375	0	0.046875	0.00094784	0	
13	0.727116	0.272884	0	0.21875	0.109375	0.623775	0.64587	0.64587	0.000558239	0.109375	0.103874	0.484744	0.484744	0.0311704	0.0636143	0.288877	0	0.0113701	0.553337	0.184446	0	0.134113	0	0	0	1.0625	0.109375	0	0.0505515	0.00107794	0	
14	0.508513	0.491487	0	0.125	0.0625	0.715839	0.84566	0.84566	0.00880655	0.0625	0.127128	0.436187	0.436187	0.032711	0.0877335	0.308906	0	0.0166002	0.280402	0	0.0934673	0.0475294	0	0	1	0.9375	0.0625	0	0.0114583	0.00047092	0	
14	0.436187	0.563813	0	0.09375	0.046875	0.760754	0.84566	0.84566	0.00367255	0.046875	0.145396	0.436187	0.436187	0.0422799	0.102969	0.308906	0	0.0212051	0.48283	0	0.160943	0.0702014	0	0	1	0.9375	0.046875	0	0.00833333	0.000256076	1	
14	0.2	0.8	0	0.03125	0.015625	0.618598	0.618598	0.618598	0	0.015625	0.2	0.2	0.2	0	0.12372	0.12372	0.12372	0	0.501469	0.167156	0	0.0334313	0	0	1	0.9375	0.015625	0	0.003125	3.90625e-05	0	
14	0.2	0.8	0	0.0625	0.03125	0.637822	0.657045	0.657045	0.000369543	0.03125	0.1	0.2	0.2	0.01	0.0618598	0.12372	0	0.00382664	0.483385	0.161128	0	0.0322257	0	0	1	0.9375	0.03125	0	0.00625	0.00015625	0	
14	0.2	0.8	0	0.0625	0.03125	0.637822	0.657045	0.657045	0.000369543	0.03125	0.1	0.2	0.2	0.01	0.0618598	0.12372	0	0.00382664	0.505977	0	0.168659	0.0337318	0	0	1	0.9375	0.03125	0	0.00625	0.00015625	0	
14	0.491487	0.508513	0	0.03125	0.015625	0.571756	0.571756	0.571756	0	0.015625	0.491487	0.491487	0.491487	0	0.28101	0.28101	0.28101	0	0.267726	0.0892421	0	0.0438613	0	0	0	0.9375	0.015625	0	0.00416667	4.77431e-05	0	
14	0.4	0.6	0	0.15625	0.078125	0.70143	0.765037	0.765037	0.0017295	0.078125	0.08	0.4	0.4	0.0256	0.0544055	0.272028	0	0.0118399	0.586035	0	0.195345	0.0781381	0	0	0	0.9375	0.078125	0	0.0208333	0.000900608	1	
15	0.0880215	0.911979	0	0.15625	0.078125	0.740068	0.84566	0.84566	0.00367491	0.078125	0.0176043	0.0880215	0.0880215	0.00123965	0.0129502	0.0647508	0	0.000670827	0.277888	0	0.0926294	0.00815338	0	0	0	0.875	0.078125	0	0.0279018	0.000808404	0	
15	0.782658	0.217342	0	0.25	0.125	0.709555	0.84566	0.84566	0.00500642	0.125	0.0978322	0.606615	0.606615	0.0383635	0.0679644	0.416628	0	0.018088	0.280402	0	0.0934673	0.0731529	0	0	1	0.875	0.125	0	0.0491071	0.00198302	1	
15	0.217342	0.782658	0	0.125	0.0625	0.766926	0.84566	0.84566	0.00351138	0.0625	0.0543356	0.217342	0.217342	0.00885706	0.0375994	0.150398	0	0.00424115	0.372781	0.12426	0	0.027007	0	0	0	0.875	0.0625	0	0.0200893	0.000782246	0	
15	0.217342	0.782658	0	0.0625	0.03125	0.768823	0.84566	0.84566	0.00590395	0.03125	0.108671	0.217342	0.217342	0.0118094	0.0751988	0.150398	0	0.00565486	0.370198	0.123399	0	0.0268199	0	0	0	0.875	0.03125	0	0.0100446	0.000195562	0	
15	0.0880215	0.911979	0	0.03125	0.015625	0.618598	0.618598	0.618598	0	0.015625	0.0880215	0.0880215	0.0880215	0	0.0544499	0.0544499	0.0544499	0	0.501469	0.167156	0	0.0147134	0	0	1	0.875	0.015625	0	0.00334821	4.11053e-05	0	
15	0.0880215	0.911979	0	0.0625	0.03125	0.637822	0.657045	0.657045	0.000369543	0.03125	0.0440107	0.0880215	0.0880215	0.00193695	0.027225	0.0544499	0	0.000741199	0.483385	0.161128	0	0.0141828	0	0	1	0.875	0.03125	0	0.00669643	0.000164421	0	
15	0.911979	0.0880215	0	0.1875	0.09375	0.670884	0.734471	0.734471	0.00140853	0.09375	0.151996	0.606615	0.606615	0.0473916	0.102948	0.416628	0	0.0222228	0.433822	0	0.144607	0.131879	0	0	0	0.875	0.09375	0	0.0435268	0.00140132	0	
15	0.0880215	0.911979	0	0.0625	0.03125	0.637822	0.657045	0.657045	0.000369543	0.03125	0.0440107	0.0880215	0.0880215	0.00193695	0.027225	0.0544499	0	0.000741199	0.505977	0	0.168659	0.0148456	0	0	1	0.875	0.03125	0	0.00669643	0.000164421	0	
15	0.911979	0.0880215	0	0.15625	0.078125	0.675864	0.735625	0.735625	0.00382029	0.078125	0.182396	0.606615	0.606615	0.0513252	0.110341	0.346835	0	0.016649	0.267726	0.0892421	0	0.0813869	0	0	0	0.875	0.078125	0	0.0345982	0.000982791	0	
16	0.345698	0.654302	0	0.125	0.0625	0.699846	0.716448	0.716448	0.000637254	0.0625	0.0864246	0.345698	0.345698	0.0224076	0.0616535	0.246614	0	0.0114035	0.277888	0	0.0926294	0.0320218	0	0	0	0.625	0.0625	0	0.0296875	0.00060791	0	
16	0.345698	0.654302	0	0.125	0.0625	0.666774	0.716448	0.716448	0.00302327	0.0625	0.0864246	0.345698	0.345698	0.0224076	0.0616535	0.246614	0	0.0114035	0.280402	0	0.0934673	0.0323115	0	0	1	0.625	0.0625	0	0.0296875	0.00060791	1	
16	0.345698	0.654302	0	0.125	0.0625	0.654382	0.716448	0.716448	0.00292185	0.0625	0.0864246	0.345698	0.345698	0.0224076	0.0494137	0.197655	0	0.00732515	0.267726	0.0892421	0	0.0308508	0	0	0	0.625	0.0625	0	0.0359375	0.000686035	0	
16	0.654302	0.345698	0	0.09375	0.046875	0.593181	0.613154	0.613154	0.000307698	0.046875	0.218101	0.654302	0.654302	0.0951357	0.124416	0.373248	0	0.0309587	0.543501	0.181167	0	0.118538	0	0	1	0.625	0.046875	0	0.0125	0.000332031	0	
16	0.654302	0.345698	0	0.0625	0.03125	0.585003	0.599554	0.599554	0.000211728	0.03125	0.327151	0.654302	0.654302	0.107028	0.186624	0.373248	0	0.0348285	0.503926	0.167975	0	0.109907	0	0	1	0.625	0.03125	0	0.009375	0.00015625	0	
16	0.058226	0.941774	0	0.15625	0.078125	0.703619	0.765037	0.765037	0.00165514	0.078125	0.0116452	0.058226	0.058226	0.000542443	0.00798523	0.0399262	0	0.000255056	0.586035	0	0.195345	0.0113742	0	0	0	0.625	0.078125	0	0.0296875	0.00119385	0	
16	0.654302	0.345698	0	0.125	0.0625	0.624421	0.730275	0.730275	0.00386912	0.0625	0.163575	0.654302	0.654302	0.0802708	0.093312	0.373248	0	0.0261214	0.558808	0.186269	0	0.121876	0	0	1	0.625	0.0625	0	0.01875	0.000576172	0	
16	0.941774	0.058226	0	0.21875	0.109375	0.615338	0.691017	0.691017	0.00141113	0.109375	0.134539	0.941774	0.941774	0.108605	0.080887	0.566209	0	0.0392562	0.511873	0.170624	0	0.16069	0	0	1	0.625	0.109375	0	0.0453125	0.00251221	0	
17	0.227193	0.772807	0	0.15625	0.078125	0.739223	0.84566	0.84566	0.00368526	0.078125	0.0454386	0.227193	0.227193	0.00825868	0.0332339	0.16617	0	0.00441798	0.277888	0	0.0926294	0.0210448	0	0	0	0.625	0.078125	0	0.028125	0.000869141	0	
17	0.288546	0.711454	0	0.21875	0.109375	0.712201	0.84566	0.84566	0.0056118	0.109375	0.0412209	0.227193	0.227193	0.0062124	0.0288317	0.16617	0	0.00329494	0.280402	0	0.0934673	0.0269697	0	0	1	0.625	0.109375	0	0.04375	0.00179687	0	
17	0.227193	0.772807	0	0.15625	0.078125	0.749627	0.84566	0.84566	0.00239019	0.078125	0.0454386	0.227193	0.227193	0.00825868	0.0332339	0.16617	0	0.00441798	0.48283	0	0.160943	0.0365652	0	0	1	0.625	0.078125	0	0.028125	0.000869141	0	
17	0.938647	0.0613533	0	0.125	0.0625	0.688629	0.734471	0.734471	0.00196441	0.0625	0.234662	0.711454	0.711454	0.0843796	0.156211	0.458675	0	0.0350969	0.433822	0	0.144607	0.135735	0	0	0	0.625	0.0625	0	0.028125	0.000673828	0	
17	0.938647	0.0613533	0	0.09375	0.046875	0.650309	0.734471	0.734471	0.00442843	0.046875	0.312882	0.711454	0.711454	0.0880323	0.196191	0.458675	0	0.0372612	0.267726	0.0892421	0	0.0837668	0	0	0	0.625	0.046875	0	0.025	0.000449219	0	
17	0.772807	0.227193	0	0.03125	0.015625	0.570452	0.570452	0.570452	0	0.015625	0.772807	0.772807	0.772807	0	0.440849	0.440849	0.440849	0	0.543501	0.181167	0	0.140007	0	0	1	0.625	0.015625	0	0.0046875	5.12695e-05	1	
17	0.772807	0.227193	0	0.09375	0.046875	0.590304	0.600904	0.600904	0.000197338	0.046875	0.257602	0.772807	0.772807	0.132718	0.14695	0.440849	0	0.0431885	0.503926	0.167975	0	0.129812	0	0	1	0.625	0.046875	0	0.01875	0.000380859	0	
17	0.772807	0.227193	0	0.15625	0.078125	0.600639	0.639841	0.639841	0.000613091	0.078125	0.154561	0.772807	0.772807	0.0955569	0.0929247	0.464623	0	0.03454	0.511873	0.170624	0	0.13186	0	0	1	0.625	0.078125	0	0.034375	0.00130859	1	
18	0.524014	0.475986	0	0.15625	0.078125	0.739223	0.84566	0.84566	0.00368526	0.078125	0.104803	0.524014	0.524014	0.0439345	0.0766531	0.383265	0	0.0235028	0.277888	0	0.0926294	0.0485391	0	0	0	0.8125	0.078125	0	0.0240385	0.000774316	0	
18	0.524014	0.475986	0	0.21875	0.109375	0.712201	0.84566	0.84566	0.0056118	0.109375	0.0748591	0.524014	0.524014	0.0336233	0.0547522	0.383265	0	0.0179868	0.280402	0	0.0934673	0.0489782	0	0	1	0.8125	0.109375	0	0.0360577	0.00162953	0	
18	0.475986	0.524014	0	0.09375	0.046875	0.720568	0.84566	0.84566	0.00984432	0.046875	0.158662	0.388415	0.388415	0.0276714	0.109924	0.276968	0	0.0144166	0.372781	0.12426	0	0.0591462	0	0	0	0.8125	0.046875	0	0.00961538	0.000320705	0	
18	0.475986	0.524014	0	0.09375	0.046875	0.720568	0.84566	0.84566	0.00984432	0.046875	0.158662	0.388415	0.388415	0.0276714	0.109924	0.276968	0	0.0144166	0.370198	0.123399	0	0.0587363	0	0	0	0.8125	0.046875	0	0.00961538	0.000320705	0	
18	0.912429	0.0875707	0	0.1875	0.09375	0.743535	0.84566	0.84566	0.00217742	0.09375	0.152072	0.524014	0.524014	0.0477838	0.110039	0.383265	0	0.0251587	0.48283	0	0.160943	0.146849	0	0	1	0.8125	0.09375	0	0.0276442	0.00109502	0	
18	0.475986	0.524014	0	0.0625	0.03125	0.658022	0.713072	0.713072	0.00303049	0.03125	0.237993	0.388415	0.388415	0.0226269	0.164885	0.276968	0.0528027	0.0125625	0.547323	0.182441	0	0.0868394	0	0	0	0.8125	0.03125	0	0.00600962	0.000132905	1	
19	0.318409	0.681591	0	0.09375	0.046875	0.769897	0.84566	0.84566	0.00287865	0.046875	0.106136	0.318409	0.318409	0.0225298	0.0780765	0.23423	0	0.0121919	0.277888	0	0.0926294	0.029494	0	0	0	0.625	0.046875	0	0.0125	0.000380859	1	
19	0.318409	0.681591	0	0.125	0.0625	0.752363	0.84566	0.84566	0.00308133	0.0625	0.0796022	0.318409	0.318409	0.0190095	0.0585574	0.23423	0	0.0102869	0.280402	0	0.0934673	0.0297608	0	0	1	0.625	0.0625	0	0.015625	0.000634766	0	
19	0.318409	0.681591	0	0.125	0.0625	0.752363	0.84566	0.84566	0.00308133	0.0625	0.0796022	0.318409	0.318409	0.0190095	0.0585574	0.23423	0	0.0102869	0.48283	0	0.160943	0.0512457	0	0	1	0.625	0.0625	0	0.015625	0.000634766	0	
19	0.318409	0.681591	0	0.03125	0.015625	0.735625	0.735625	0.735625	0	0.015625	0.318409	0.318409	0.318409	0	0.23423	0.23423	0.23423	0	0.389562	0.129854	0	0.0413467	0	0	0	0.625	0.015625	0	0.0046875	5.12695e-05	0	
19	0.318409	0.681591	0	0.03125	0.015625	0.735625	0.735625	0.735625	0	0.015625	0.318409	0.318409	0.318409	0	0.23423	0.23423	0.23423	0	0.267726	0.0892421	0	0.0284155	0	0	0	0.625	0.015625	0	0.0046875	5.12695e-05	1	
19	0.720711	0.279289	0	0.1875	0.09375	0.610524	0.645584	0.645584	0.000533097	0.09375	0.120118	0.681591	0.681591	0.0632544	0.0688003	0.388815	0	0.0205586	0.543501	0.181167	0	0.130569	0	0	1	0.625	0.09375	0	0.0375	0.00123047	0	
19	0.681591	0.318409	0	0.125	0.0625	0.598821	0.618831	0.618831	0.000315965	0.0625	0.170398	0.681591	0.681591	0.0871062	0.0972038	0.388815	0	0.0283458	0.503926	0.167975	0	0.114491	0	0	1	0.625	0.0625	0	0.0296875	0.000559082	0	
20	0.104048	0.895952	0	0.125	0.0625	0.748836	0.84566	0.84566	0.0034615	0.0625	0.0260121	0.104048	0.104048	0.00202989	0.0178653	0.0714612	0	0.000957508	0.280402	0	0.0934673	0.00972512	0	0	1	0.6875	0.0625	0	0.0184659	0.000657767	0	
20	0.867157	0.132843	0	0.03125	0.015625	0.618598	0.618598	0.618598	0	0.015625	0.867157	0.867157	0.867157	0	0.536422	0.536422	0.536422	0	0.501469	0.167156	0	0.144951	0	0	1	0.6875	0.015625	0	0.00426136	4.84246e-05	0	
20	0.867157	0.132843	0	0.0625	0.03125	0.637822	0.657045	0.657045	0.000369543	0.03125	0.433579	0.867157	0.867157	0.18799	0.268211	0.536422	0	0.0719371	0.483385	0.161128	0	0.139724	0	0	1	0.6875	0.03125	0	0.00852273	0.000193698	1	
20	0.867157	0.132843	0	0.0625	0.03125	0.637822	0.657045	0.657045	0.000369543	0.03125	0.433579	0.867157	0.867157	0.18799	0.268211	0.536422	0	0.0719371	0.505977	0	0.168659	0.146254	0	0	1	0.6875	0.03125	0	0.00852273	0.000193698	1	
20	0.199264	0.800736	0	0.15625	0.078125	0.609998	0.645584	0.645584	0.000638056	0.078125	0.0398528	0.0664214	0.0664214	0.00105883	0.0240708	0.0428806	0	0.000388844	0.543501	0.181167	0	0.0361001	0	0	1	0.6875	0.078125	0	0.0411932	0.000811112	0	
20	0.0664214	0.933579	0	0.15625	0.078125	0.70143	0.765037	0.765037	0.0017295	0.078125	0.0132843	0.0664214	0.0664214	0.000705888	0.00903423	0.0451712	0	0.000326469	0.586035	0	0.195345	0.0129751	0	0	0	0.6875	0.078125	0	0.0284091	0.00101288	0	
20	0.132843	0.867157	0	0.125	0.0625	0.631808	0.64587	0.64587	0.000434677	0.0625	0.0332107	0.0664214	0.0664214	0.00110295	0.0206159	0.0428806	0	0.000426374	0.553337	0.184446	0	0.0245023	0	0	0	0.6875	0.0625	0	0.0255682	0.000500387	0	
21	0.169724	0.830276	0	0.125	0.0625	0.748836	0.84566	0.84566	0.0034615	0.0625	0.042431	0.169724	0.169724	0.00540117	0.029142	0.116568	0	0.00254776	0.280402	0	0.0934673	0.0158637	0	0	1	0.625	0.0625	0	0.0203125	0.000686035	1	
21	0.906207	0.0937926	0	0.1875	0.09375	0.684727	0.765037	0.765037	0.00283609	0.09375	0.151035	0.906207	0.906207	0.114057	0.0908043	0.544826	0	0.0412271	0.497968	0	0.165989	0.150421	0	0	1	0.625	0.09375	0	0.0265625	0.0013208	0	
21	0.0937926	0.906207	0	0.15625	0.078125	0.609998	0.645584	0.645584	0.000638056	0.078125	0.0187585	0.0937926	0.0937926	0.00140753	0.011615	0.0580748	0	0.00053963	0.543501	0.181167	0	0.0169921	0	0	1	0.625	0.078125	0	0.0453125	0.000705566	0	
22	0.0675496	0.93245	0	0.0625	0.03125	0.724316	0.84566	0.84566	0.0147243	0.03125	0.0337748	0.0675496	0.0675496	0.00114074	0.0203653	0.0407305	0	0.000414744	0.372781	0.12426	0	0.00839374	0	0	0	0.6875	0.03125	0	0.00710227	0.000149309	0	
22	0.0675496	0.93245	0	0.0625	0.03125	0.724316	0.84566	0.84566	0.0147243	0.03125	0.0337748	0.0675496	0.0675496	0.00114074	0.0203653	0.0407305	0	0.000414744	0.370198	0.123399	0	0.00833556	0	0	0	0.6875	0.03125	0	0.00710227	0.000149309	0	
22	0.0675496	0.93245	0	0.03125	0.015625	0.602972	0.602972	0.602972	0	0.015625	0.0675496	0.0675496	0.0675496	0	0.0407305	0.0407305	0.0407305	0	0.547323	0.182441	0	0.0123238	0	0	0	0.6875	0.015625	0	0.00284091	3.63184e-05	0	
22	1	1.11022e-16	-0.0167686	0.1875	0.09375	0.607777	0.645584	0.645584	0.000556373	0.09375	0.166667	0.66468	0.66468	0.0585662	0.0987445	0.396108	0	0.0206055	0.543501	0.181167	0	0.181167	0	0	1	0.6875	0.09375	0	0.0497159	0.00127922	0	
22	1	1.11022e-16	-0.019817	0.15625	0.078125	0.598391	0.618831	0.618831	0.00025351	0.078125	0.2	0.66468	0.66468	0.0636128	0.118445	0.398512	0	0.0227352	0.503926	0.167975	0	0.167975	0	0	1	0.6875	0.078125	0	0.0426136	0.000803041	0	
22	0.864901	0.135099	0	0.15625	0.078125	0.70143	0.765037	0.765037	0.0017295	0.078125	0.17298	0.864901	0.864901	0.119689	0.117639	0.588193	0	0.0553553	0.586035	0	0.195345	0.168954	0	0	0	0.6875	0.078125	0	0.0284091	0.00101288	1	
22	1	1.11022e-16	-0.0268481	0.21875	0.109375	0.624169	0.730275	0.730275	0.00232666	0.109375	0.142857	0.66468	0.66468	0.0536009	0.0842605	0.396108	0	0.0188877	0.558808	0.186269	0	0.186269	0	0	1	0.6875	0.109375	0	0.0568182	0.00147695	0	
22	0.73223	0.26777	0	0.15625	0.078125	0.624781	0.64587	0.64587	0.000545258	0.078125	0.146446	0.66468	0.66468	0.0678262	0.0879434	0.396108	0	0.0240266	0.553337	0.184446	0	0.135057	0	0	0	0.6875	0.078125	0	0.0340909	0.000657767	0	
23	0.0789941	0.921006	0	0.15625	0.078125	0.739223	0.84566	0.84566	0.00368526	0.078125	0.0157988	0.0789941	0.0789941	0.00099841	0.0115553	0.0577765	0	0.000534099	0.277888	0	0.0926294	0.00731717	0	0	0	0.75	0.078125	0	0.0299479	0.000995212	0	
23	0.671711	0.328289	0	0.15625	0.078125	0.749627	0.84566	0.84566	0.00239019	0.078125	0.134342	0.592717	0.592717	0.0534628	0.0955072	0.41976	0	0.0267856	0.48283	0	0.160943	0.108107	0	0	1	0.75	0.078125	0	0.0299479	0.000995212	0	
23	0.0789941	0.921006	0	0.125	0.0625	0.688629	0.734471	0.734471	0.00196441	0.0625	0.0197485	0.0789941	0.0789941	0.00117001	0.0144441	0.0577765	0	0.000625898	0.433822	0	0.144607	0.0114231	0	0	0	0.75	0.0625	0	0.0260417	0.000623915	0	
23	0.0789941	0.921006	0	0.09375	0.046875	0.650309	0.734471	0.734471	0.00442843	0.046875	0.0263314	0.0789941	0.0789941	0.00138668	0.0150551	0.0451653	0	0.000453312	0.267726	0.0892421	0	0.00704959	0	0	0	0.75	0.046875	0	0.0221354	0.000425551	0	
23	0.881509	0.118491	0	0.03125	0.015625	0.570452	0.570452	0.570452	0	0.015625	0.881509	0.881509	0.881509	0	0.502859	0.502859	0.502859	0	0.543501	0.181167	0	0.1597	0	0	1	0.75	0.015625	0	0.00390625	4.57764e-05	1	
23	0.881509	0.118491	0	0.125	0.0625	0.602671	0.639774	0.639774	0.000606874	0.0625	0.220377	0.881509	0.881509	0.145698	0.125715	0.502859	0	0.0474126	0.503926	0.167975	0	0.148072	0	0	1	0.75	0.0625	0	0.0234375	0.000590007	0	
24	0.218152	0.781848	0	0.15625	0.078125	0.739223	0.84566	0.84566	0.00368526	0.078125	0.0436304	0.218152	0.218152	0.00761446	0.0319114	0.159557	0	0.00407335	0.277888	0	0.0926294	0.0202073	0	0	0	0.8125	0.078125	0	0.0240385	0.000774316	0	
24	0.218152	0.781848	0	0.21875	0.109375	0.712201	0.84566	0.84566	0.0056118	0.109375	0.0311646	0.218152	0.218152	0.00582739	0.0227939	0.159557	0	0.00311736	0.280402	0	0.0934673	0.0203901	0	0	1	0.8125	0.109375	0	0.0360577	0.00162953	0	
24	0.218152	0.781848	0	0.1875	0.09375	0.743535	0.84566	0.84566	0.00217742	0.09375	0.0363587	0.218152	0.218152	0.00660977	0.0265928	0.159557	0	0.0035359	0.48283	0	0.160943	0.0351101	0	0	1	0.8125	0.09375	0	0.0276442	0.00109502	1	
24	0.255152	0.744848	0	0.0625	0.03125	0.676444	0.75695	0.75695	0.00648122	0.03125	0.127576	0.255152	0.255152	0.0162756	0.0760273	0.152055	0	0.00578015	0.553337	0.184446	0	0.0470617	0	0	0	0.8125	0.03125	0	0.00961538	0.000132905	0	
25	0.438686	0.561314	0	0.1875	0.09375	0.684727	0.765037	0.765037	0.00283609	0.09375	0.0731143	0.438686	0.438686	0.0267285	0.0439574	0.263745	0	0.00966128	0.497968	0	0.165989	0.0728172	0	0	1	0.6875	0.09375	0	0.0241477	0.00125904	1	
25	0.0937926	0.906207	0	0.15625	0.078125	0.609998	0.645584	0.645584	0.000638056	0.078125	0.0187585	0.0937926	0.0937926	0.00140753	0.011615	0.0580748	0	0.00053963	0.543501	0.181167	0	0.0169921	0	0	1	0.6875	0.078125	0	0.0411932	0.000811112	0	
26	0.193248	0.806752	0	0.03125	0.015625	0.696034	0.696034	0.696034	0	0.015625	0.193248	0.193248	0.193248	0	0.134507	0.134507	0.134507	0	0.267726	0.0892421	0	0.0172459	0	0	0	0.625	0.015625	0	0.00625	5.85937e-05	1	
26	0.998489	0.00151052	0	0.15625	0.078125	0.599237	0.618831	0.618831	0.000253466	0.078125	0.199698	0.998489	0.998489	0.159517	0.121106	0.60553	0	0.0586666	0.503926	0.167975	0	0.167722	0	0	1	0.625	0.078125	0	0.034375	0.000869141	0	
26	0.00151052	0.998489	0	0.15625	0.078125	0.70143	0.765037	0.765037	0.0017295	0.078125	0.000302105	0.00151052	0.00151052	3.65069e-07	0.000205452	0.00102726	0	1.68842e-07	0.586035	0	0.195345	0.000295073	0	0	0	0.625	0.078125	0	0.03125	0.00102539	0	
27	0.0827634	0.917237	0	0.15625	0.078125	0.739223	0.84566	0.84566	0.00368526	0.078125	0.0165527	0.0827634	0.0827634	0.00109597	0.0121067	0.0605334	0	0.000586287	0.277888	0	0.0926294	0.00766633	0	0	0	0.75	0.078125	0	0.0234375	0.000834147	0	
27	0.666155	0.333845	0	0.15625	0.078125	0.749627	0.84566	0.84566	0.00239019	0.078125	0.133231	0.583391	0.583391	0.0516885	0.0947377	0.413155	0	0.0258971	0.48283	0	0.160943	0.107213	0	0	1	0.75	0.078125	0	0.0234375	0.000834147	0	
27	0.0827634	0.917237	0	0.125	0.0625	0.688629	0.734471	0.734471	0.00196441	0.0625	0.0206909	0.0827634	0.0827634	0.00128433	0.0151333	0.0605334	0	0.000687055	0.433822	0	0.144607	0.0119682	0	0	0	0.75	0.0625	0	0.0234375	0.000671387	0	
27	0.0827634	0.917237	0	0.09375	0.046875	0.650309	0.734471	0.734471	0.00442843	0.046875	0.0275878	0.0827634	0.0827634	0.00152217	0.0157735	0.0473204	0	0.000497605	0.267726	0.0892421	0	0.00738598	0	0	0	0.75	0.046875	0	0.0208333	0.000461155	0	
27	0.75171	0.24829	0	0.125	0.0625	0.602671	0.639774	0.639774	0.000606874	0.0625	0.187927	0.75171	0.75171	0.10595	0.107204	0.428815	0	0.0344779	0.503926	0.167975	0	0.126269	0	0	1	0.75	0.0625	0	0.0247396	0.000547621	1	
28	0.226663	0.773337	0	0.15625	0.078125	0.739223	0.84566	0.84566	0.00368526	0.078125	0.0453325	0.226663	0.226663	0.00822015	0.0331563	0.165782	0	0.00439737	0.277888	0	0.0926294	0.0209956	0	0	0	0.6875	0.078125	0	0.0255682	0.000855501	0	
28	0.284415	0.715585	0	0.21875	0.109375	0.712201	0.84566	0.84566	0.0056118	0.109375	0.0406307	0.226663	0.226663	0.00616504	0.0284773	0.165782	0	0.00327616	0.280402	0	0.0934673	0.0265835	0	0	1	0.6875	0.109375	0	0.0397727	0.00179171	0	
28	0.226663	0.773337	0	0.15625	0.078125	0.749627	0.84566	0.84566	0.00239019	0.078125	0.0453325	0.226663	0.226663	0.00822015	0.0331563	0.165782	0	0.00439737	0.48283	0	0.160943	0.0364798	0	0	1	0.6875	0.078125	0	0.0255682	0.000855501	0	
28	0.942248	0.0577524	0	0.125	0.0625	0.688629	0.734471	0.734471	0.00196441	0.0625	0.235562	0.715585	0.715585	0.0853701	0.15678	0.461339	0	0.0354992	0.433822	0	0.144607	0.136256	0	0	0	0.6875	0.0625	0	0.0255682	0.000677944	0	
28	0.942248	0.0577524	0	0.09375	0.046875	0.650309	0.734471	0.734471	0.00442843	0.046875	0.314083	0.715585	0.715585	0.0891648	0.196978	0.461339	0	0.0377424	0.267726	0.0892421	0	0.0840881	0	0	0	0.6875	0.046875	0	0.0227273	0.000460034	0	
28	0.773337	0.226663	0	0.1875	0.09375	0.598287	0.639774	0.639774	0.000571755	0.09375	0.12889	0.546675	0.546675	0.041759	0.0768907	0.326441	0	0.0148816	0.503926	0.167975	0	0.129902	0	0	1	0.6875	0.09375	0	0.0355114	0.00129132	0	
28	0.546675	0.453325	0	0.0625	0.03125	0.61849	0.639841	0.639841	0.000455849	0.03125	0.273337	0.546675	0.546675	0.0747134	0.163221	0.326441	0	0.0266409	0.553337	0.184446	0	0.100832	0	0	0	0.6875	0.03125	0	0.0113636	0.000137203	1	
29	0.503935	0.496065	0	0.03125	0.015625	0.618598	0.618598	0.618598	0	0.015625	0.503935	0.503935	0.503935	0	0.311733	0.311733	0.311733	0	0.501469	0.167156	0	0.0842359	0	0	1	1.0625	0.015625	0	0.00275735	3.54806e-05	1	
29	0.503935	0.496065	0	0.0625	0.03125	0.637822	0.657045	0.657045	0.000369543	0.03125	0.251967	0.503935	0.503935	0.0634876	0.155867	0.311733	0	0.0242944	0.483385	0.161128	0	0.0811982	0	0	1	1.0625	0.03125	0	0.00551471	0.000141923	1	
29	0.503935	0.496065	0	0.0625	0.03125	0.637822	0.657045	0.657045	0.000369543	0.03125	0.251967	0.503935	0.503935	0.0634876	0.155867	0.311733	0	0.0242944	0.505977	0	0.168659	0.0849932	0	0	1	1.0625	0.03125	0	0.00551471	0.000141923	1	
29	0.602974	0.397026	0	0.21875	0.109375	0.604189	0.645584	0.645584	0.000554114	0.109375	0.0861391	0.282248	0.282248	0.0121245	0.051148	0.164456	0	0.0041923	0.543501	0.181167	0	0.109239	0	0	1	1.0625	0.109375	0	0.0487132	0.00114552	0	
29	1	1.11022e-16	-0.00667405	0.25	0.125	0.609164	0.645382	0.645382	0.000523067	0.125	0.125	0.679275	0.679275	0.0463378	0.0769244	0.411943	0	0.01702	0.503926	0.167975	0	0.167975	0	0	1	1.0625	0.125	0	0.0661765	0.00165238	0	
29	1	1.11022e-16	0.0478704	0.25	0.125	0.637525	0.680069	0.680069	0.000457483	0.125	0.125	0.679275	0.679275	0.0463378	0.0769244	0.411943	0	0.01702	0.47812	0	0.159373	0.159373	0	0	0	1.0625	0.125	0	0.0680147	0.0017791	0	
29	0.602974	0.397026	0	0.25	0.125	0.618636	0.64587	0.64587	0.000673316	0.125	0.0753717	0.282248	0.282248	0.0114205	0.0451093	0.164456	0	0.00397047	0.553337	0.184446	0	0.111216	0	0	0	1.0625	0.125	0	0.0523897	0.00131954	0	
30	0.138788	0.861212	0	0.03125	0.015625	0.733188	0.733188	0.733188	0	0.015625	0.138788	0.138788	0.138788	0	0.101758	0.101758	0.101758	0	0.372781	0.12426	0	0.0172459	0	0	0	0.625	0.015625	0	0.00625	5.85937e-05	1	
30	0.998489	0.00151052	0	0.15625	0.078125	0.599237	0.618831	0.618831	0.000253466	0.078125	0.199698	0.998489	0.998489	0.159517	0.121106	0.60553	0	0.0586666	0.503926	0.167975	0	0.167722	0	0	1	0.625	0.078125	0	0.034375	0.000869141	0	
30	0.00151052	0.998489	0	0.15625	0.078125	0.70143	0.765037	0.765037	0.0017295	0.078125	0.000302105	0.00151052	0.00151052	3.65069e-07	0.000205452	0.00102726	0	1.68842e-07	0.586035	0	0.195345	0.000295073	0	0	0	0.625	0.078125	0	0.03125	0.00102539	0	
31	0.589746	0.410254	0	0.03125	0.015625	0.618598	0.618598	0.618598	0	0.015625	0.589746	0.589746	0.589746	0	0.364816	0.364816	0.364816	0	0.501469	0.167156	0	0.0985799	0	0	1	0.625	0.015625	0	0.00625	5.85937e-05	1	
31	0.410254	0.589746	0	0.03125	0.015625	0.657045	0.657045	0.657045	0	0.015625	0.410254	0.410254	0.410254	0	0.269555	0.269555	0.269555	0	0.62758	0.209193	0	0.0858223	0	0	0	0.625	0.015625	0	0.00625	5.85937e-05	1	
31	0.998489	0.00151052	0	0.15625	0.078125	0.599237	0.618831	0.618831	0.000253466	0.078125	0.199698	0.998489	0.998489	0.159517	0.121106	0.60553	0	0.0586666	0.503926	0.167975	0	0.167722	0	0	1	0.625	0.078125	0	0.034375	0.000869141	0	
31	0.00151052	0.998489	0	0.15625	0.078125	0.70143	0.765037	0.765037	0.0017295	0.078125	0.000302105	0.00151052	0.00151052	3.65069e-07	0.000205452	0.00102726	0	1.68842e-07	0.586035	0	0.195345	0.000295073	0	0	0	0.625	0.078125	0	0.03125	0.00102539	0	
32	0.495957	0.504043	0	0.21875	0.109375	0.678171	0.765037	0.765037	0.00268882	0.109375	0.0708509	0.495957	0.495957	0.0301191	0.0425967	0.298177	0	0.0108869	0.497968	0	0.165989	0.0823236	0	0	1	0.6875	0.109375	0	0.0326705	0.00161819	0	
32	0.317962	0.682038	0	0.21875	0.109375	0.604189	0.645584	0.645584	0.000554114	0.109375	0.0454231	0.317962	0.317962	0.0123796	0.0281253	0.196877	0	0.00474618	0.543501	0.181167	0	0.0576042	0	0	1	0.6875	0.109375	0	0.0553977	0.00121465	1	
33	0.233729	0.766271	0	0.03125	0.015625	0.602972	0.602972	0.602972	0	0.015625	0.233729	0.233729	0.233729	0	0.140932	0.140932	0.140932	0	0.372781	0.12426	0	0.0290433	0	0	0	1	0.015625	0	0.00195312	2.67029e-05	0	
33	0.233729	0.766271	0	0.03125	0.015625	0.602972	0.602972	0.602972	0	0.015625	0.233729	0.233729	0.233729	0	0.140932	0.140932	0.140932	0	0.370198	0.123399	0	0.028842	0	0	0	1	0.015625	0	0.00195312	2.67029e-05	0	
33	0.233729	0.766271	0	0.03125	0.015625	0.602972	0.602972	0.602972	0	0.015625	0.233729	0.233729	0.233729	0	0.140932	0.140932	0.140932	0	0.547323	0.182441	0	0.0426418	0	0	0	1	0.015625	0	0.00195312	2.67029e-05	0	
33	0.435092	0.564908	0	0.15625	0.078125	0.70143	0.765037	0.765037	0.0017295	0.078125	0.0870185	0.435092	0.435092	0.0302889	0.0591786	0.295893	0	0.0140084	0.586035	0	0.195345	0.0849932	0	0	0	1	0.078125	0	0.0195312	0.000869751	1	
33	0.564908	0.435092	0	0.25	0.125	0.618636	0.64587	0.64587	0.000673316	0.125	0.0706134	0.233729	0.233729	0.00985812	0.0433641	0.150845	0	0.00379196	0.553337	0.184446	0	0.104195	0	0	0	1	0.125	0	0.046875	0.00146484	0	
34	0.00318553	0.996814	0	0.03125	0.015625	0.732557	0.732557	0.732557	0	0.015625	0.00318553	0.00318553	0.00318553	0	0.00233358	0.00233358	0.00233358	0	0.277888	0	0.0926294	0.000295073	0	0	0	0.6875	0.015625	0	0.00568182	5.64954e-05	0	
34	0.1377	0.8623	0	0.03125	0.015625	0.740141	0.740141	0.740141	0	0.015625	0.1377	0.1377	0.1377	0	0.101918	0.101918	0.101918	0	0.370198	0.123399	0	0.0169921	0	0	0	0.6875	0.015625	0	0.00568182	5.64954e-05	1	
35	0.998489	0.00151052	0	0.1875	0.09375	0.605837	0.638835	0.638835	0.000428998	0.09375	0.166415	0.866907	0.866907	0.100446	0.101632	0.525732	0	0.0369143	0.503926	0.167975	0	0.167722	0	0	1	0.5	0.09375	0	0.0449219	0.00136948	0	
35	0.00151052	0.998489	0	0.15625	0.078125	0.70143	0.765037	0.765037	0.0017295	0.078125	0.000302105	0.00151052	0.00151052	3.65069e-07	0.000205452	0.00102726	0	1.68842e-07	0.586035	0	0.195345	0.000295073	0	0	0	0.5	0.078125	0	0.0371094	0.00109482	0	
35	0.866907	0.133093	0	0.25	0.125	0.621261	0.730275	0.730275	0.00209503	0.125	0.108363	0.866907	0.866907	0.0821983	0.0657165	0.525732	0	0.0302306	0.558808	0.186269	0	0.161478	0	0	1	0.5	0.125	0	0.0546875	0.00244141	1	
36	0.00318553	0.996814	0	0.03125	0.015625	0.732557	0.732557	0.732557	0	0.015625	0.00318553	0.00318553	0.00318553	0	0.00233358	0.00233358	0.00233358	0	0.277888	0	0.0926294	0.000295073	0	0	0	0.6875	0.015625	0	0.00426136	4.84246e-05	1	
36	0.00707905	0.992921	0	0.15625	0.078125	0.599237	0.618831	0.618831	0.000253466	0.078125	0.00141581	0.00707905	0.00707905	8.01807e-06	0.000858612	0.00429306	0	2.94886e-06	0.503926	0.167975	0	0.00118911	0	0	1	0.6875	0.078125	0	0.0369318	0.000589166	0	
36	0.0141581	0.985842	0	0.125	0.0625	0.631808	0.64587	0.64587	0.000434677	0.0625	0.00353952	0.00707905	0.00707905	1.25282e-05	0.0021972	0.00457012	0	4.84312e-06	0.553337	0.184446	0	0.0026114	0	0	0	0.6875	0.0625	0	0.0241477	0.000326866	0	
37	0.00915487	0.990845	0	0.15625	0.078125	0.599237	0.618831	0.618831	0.000253466	0.078125	0.00183097	0.00613382	0.00613382	5.08496e-06	0.00109743	0.00371983	0	1.87561e-06	0.503926	0.167975	0	0.00153779	0	0	1	0.75	0.078125	0	0.0338542	0.00064426	0	
37	0.00151052	0.998489	0	0.15625	0.078125	0.70143	0.765037	0.765037	0.0017295	0.078125	0.000302105	0.00151052	0.00151052	3.65069e-07	0.000205452	0.00102726	0	1.68842e-07	0.586035	0	0.195345	0.000295073	0	0	0	0.75	0.078125	0	0.0195312	0.000778198	0	
37	0.0122676	0.987732	0	0.125	0.0625	0.631808	0.64587	0.64587	0.000434677	0.0625	0.00306691	0.00613382	0.00613382	9.40594e-06	0.00190382	0.00395989	0	3.63611e-06	0.553337	0.184446	0	0.00226271	0	0	0	0.75	0.0625	0	0.0221354	0.00034417	1	
38	0.00292485	0.997075	0	0.1875	0.09375	0.610603	0.645584	0.645584	0.000533546	0.09375	0.000487475	0.00146243	0.00146243	4.75264e-07	0.000302606	0.000944118	0	1.8358e-07	0.543501	0.181167	0	0.000529887	0	0	1	0.5625	0.09375	0	0.0347222	0.00101876	1	
38	0.00151052	0.998489	0	0.15625	0.078125	0.70143	0.765037	0.765037	0.0017295	0.078125	0.000302105	0.00151052	0.00151052	3.65069e-07	0.000205452	0.00102726	0	1.68842e-07	0.586035	0	0.195345	0.000295073	0	0	0	0.5625	0.078125	0	0.0260417	0.000868056	0	
38	0.999952	4.80969e-05	0	0.15625	0.078125	0.600639	0.639841	0.639841	0.000613091	0.078125	0.19999	0.998489	0.998489	0.159401	0.120237	0.600307	0	0.0576169	0.511873	0.170624	0	0.170616	0	0	1	0.5625	0.078125	0	0.03125	0.00113932	0	
39	0.0226254	0.977375	0	0.15625	0.078125	0.599237	0.618831	0.618831	0.000253466	0.078125	0.00452508	0.0080453	0.0080453	1.39551e-05	0.0026914	0.00482359	0	4.8931e-06	0.503926	0.167975	0	0.00380051	0	0	1	0.75	0.078125	0	0.0338542	0.00064426	1	
39	0.00151052	0.998489	0	0.15625	0.078125	0.70143	0.765037	0.765037	0.0017295	0.078125	0.000302105	0.00151052	0.00151052	3.65069e-07	0.000205452	0.00102726	0	1.68842e-07	0.586035	0	0.195345	0.000295073	0	0	0	0.75	0.078125	0	0.0195312	0.000778198	0	
40	0.0937926	0.906207	0	0.125	0.0625	0.605524	0.619183	0.619183	0.000414844	0.0625	0.0234482	0.0317677	0.0317677	0.000183652	0.014129	0.01967	0	6.68476e-05	0.543501	0.181167	0	0.0169921	0	0	1	0.75	0.0625	0	0.0286458	0.00056288	1	
40	0.00151052	0.998489	0	0.15625	0.078125	0.70143	0.765037	0.765037	0.0017295	0.078125	0.000302105	0.00151052	0.00151052	3.65069e-07	0.000205452	0.00102726	0	1.68842e-07	0.586035	0	0.195345	0.000295073	0	0	0	0.75	0.078125	0	0.0195312	0.000778198	0	
40	1	1.11022e-16	-0.0182756	0.25	0.125	0.622729	0.730275	0.730275	0.00198783	0.125	0.125	0.906207	0.906207	0.0873932	0.07584	0.549565	0	0.0321374	0.558808	0.186269	0	0.186269	0	0	1	0.75	0.125	0	0.0559896	0.00180901	0	
41	0.00677779	0.993222	0	0.0625	0.03125	0.675771	0.694497	0.694497	0.000350665	0.03125	0.0033889	0.00677779	0.00677779	1.14846e-05	0.00222666	0.00445331	0	4.958e-06	0.62758	0.209193	0	0.00141787	0	0	0	0.75	0.03125	0	0.0104167	0.000176324	1	
41	0.0120451	0.987955	0	0.125	0.0625	0.703095	0.765037	0.765037	0.00214181	0.0625	0.00301126	0.00526727	0.00526727	5.37476e-06	0.002012	0.00353868	0	2.29069e-06	0.593431	0.19781	0	0.00238264	0	0	0	0.75	0.0625	0	0.0169271	0.000466241	0	
41	0.00151052	0.998489	0	0.1875	0.09375	0.705903	0.765037	0.765037	0.0015413	0.09375	0.000251754	0.00151052	0.00151052	3.169e-07	0.000183345	0.00110007	0	1.68076e-07	0.586035	0	0.195345	0.000295073	0	0	0	0.75	0.09375	0	0.0234375	0.000956217	0	
42	0.222002	0.777998	0	0.03125	0.015625	0.602972	0.602972	0.602972	0	0.015625	0.222002	0.222002	0.222002	0	0.133861	0.133861	0.133861	0	0.372781	0.12426	0	0.027586	0	0	0	0.5	0.015625	0	0.00390625	4.57764e-05	1	
42	0.222002	0.777998	0	0.03125	0.015625	0.602972	0.602972	0.602972	0	0.015625	0.222002	0.222002	0.222002	0	0.133861	0.133861	0.133861	0	0.370198	0.123399	0	0.0273948	0	0	0	0.5	0.015625	0	0.00390625	4.57764e-05	1	
42	0.222002	0.777998	0	0.03125	0.015625	0.602972	0.602972	0.602972	0	0.015625	0.222002	0.222002	0.222002	0	0.133861	0.133861	0.133861	0	0.547323	0.182441	0	0.0405023	0	0	0	0.5	0.015625	0	0.00390625	4.57764e-05	1	
42	0.763623	0.236377	0	0.21875	0.109375	0.678171	0.765037	0.765037	0.00268882	0.109375	0.109089	0.763623	0.763623	0.0714024	0.0655859	0.459102	0	0.0258091	0.497968	0	0.165989	0.126753	0	0	1	0.5	0.109375	0	0.0429688	0.0018158	0	
42	0.777998	0.222002	0	0.1875	0.09375	0.614817	0.68571	0.68571	0.00151608	0.09375	0.129666	0.763623	0.763623	0.0804076	0.0778624	0.459102	0	0.0290774	0.600397	0	0.200132	0.155703	0	0	1	0.5	0.09375	0	0.0371094	0.00164413	0	
42	0.777998	0.222002	0	0.15625	0.078125	0.600639	0.639841	0.639841	0.000613091	0.078125	0.1556	0.763623	0.763623	0.0924539	0.0934349	0.459102	0	0.0334378	0.511873	0.170624	0	0.132745	0	0	1	0.5	0.078125	0	0.0332031	0.00124741	0	
43	0.495957	0.504043	0	0.21875	0.109375	0.678171	0.765037	0.765037	0.00268882	0.109375	0.0708509	0.495957	0.495957	0.0301191	0.0425967	0.298177	0	0.0108869	0.497968	0	0.165989	0.0823236	0	0	1	0.625	0.109375	0	0.034375	0.00174805	0	
43	0.2644	0.7356	0	0.25	0.125	0.609164	0.645382	0.645382	0.000523067	0.125	0.0330499	0.2644	0.2644	0.00764609	0.0198152	0.158522	0	0.0027485	0.503926	0.167975	0	0.0444126	0	0	1	0.625	0.125	0	0.065625	0.00174805	1	
44	0.00750292	0.992497	0	0.03125	0.015625	0.63742	0.63742	0.63742	0	0.015625	0.00750292	0.00750292	0.00750292	0	0.00478251	0.00478251	0.00478251	0	0.64788	0.21596	0	0.00162033	0	0	0	0.75	0.015625	0	0.00130208	1.86496e-05	1	
44	0.00750292	0.992497	0	0.03125	0.015625	0.63742	0.63742	0.63742	0	0.015625	0.00750292	0.00750292	0.00750292	0	0.00478251	0.00478251	0.00478251	0	0.499317	0.166439	0	0.00124878	0	0	0	0.75	0.015625	0	0.00130208	1.86496e-05	1	
44	0.00750292	0.992497	0	0.03125	0.015625	0.63742	0.63742	0.63742	0	0.015625	0.00750292	0.00750292	0.00750292	0	0.00478251	0.00478251	0.00478251	0	0.372413	0.124138	0	0.000931395	0	0	0	0.75	0.015625	0	0.00130208	1.86496e-05	1	
44	0.00151052	0.998489	0	0.1875	0.09375	0.705903	0.765037	0.765037	0.0015413	0.09375	0.000251754	0.00151052	0.00151052	3.169e-07	0.00017121	0.00102726	0	1.46564e-07	0.586035	0	0.195345	0.000295073	0	0	0	0.75	0.09375	0	0.0234375	0.000956217	0	
45	0.0192129	0.980787	0	0.15625	0.078125	0.696478	0.765037	0.765037	0.00188859	0.078125	0.00384258	0.00640429	0.00640429	9.84359e-06	0.00254773	0.00430256	0	4.33038e-06	0.593431	0.19781	0	0.00380051	0	0	0	0.75	0.078125	0	0.0221354	0.000710381	1	
45	0.00151052	0.998489	0	0.1875	0.09375	0.705903	0.765037	0.765037	0.0015413	0.09375	0.000251754	0.00151052	0.00151052	3.169e-07	0.00017121	0.00102726	0	1.46564e-07	0.586035	0	0.195345	0.000295073	0	0	0	0.75	0.09375	0	0.0234375	0.000956217	1	
46	0.59652	0.40348	0	0.125	0.0625	0.733779	0.79837	0.79837	0.00158797	0.0625	0.14913	0.59652	0.59652	0.0667194	0.103196	0.412783	0	0.0319482	0.372781	0.12426	0	0.0741239	0	0	0	0.5625	0.0625	0	0.03125	0.000868056	0	
46	0.59652	0.40348	0	0.0625	0.03125	0.702529	0.713072	0.713072	0.000111158	0.03125	0.29826	0.59652	0.59652	0.0889591	0.206392	0.412783	0	0.0425975	0.370198	0.123399	0	0.0736101	0	0	0	0.5625	0.03125	0	0.015625	0.000217014	0	
46	0.427056	0.572944	0	0.15625	0.078125	0.703619	0.765037	0.765037	0.00165514	0.078125	0.0854113	0.427056	0.427056	0.0291803	0.0585674	0.292837	0	0.0137206	0.586035	0	0.195345	0.0834234	0	0	0	0.5625	0.078125	0	0.0329861	0.00121769	1	
46	0.572944	0.427056	0	0.21875	0.109375	0.615338	0.691017	0.691017	0.00141113	0.109375	0.0818491	0.572944	0.572944	0.0401956	0.0492089	0.344463	0	0.0145291	0.511873	0.170624	0	0.0977582	0	0	1	0.5625	0.109375	0	0.0503472	0.00253786	0	
47	0.156856	0.843144	0	0.15625	0.078125	0.740068	0.84566	0.84566	0.00367491	0.078125	0.0313713	0.156856	0.156856	0.00393663	0.0230775	0.115388	0	0.00213029	0.277888	0	0.0926294	0.0145295	0	0	0	0.75	0.078125	0	0.0338542	0.00101047	0	
47	0.0130759	0.986924	0	0.125	0.0625	0.766926	0.84566	0.84566	0.00351138	0.0625	0.00326897	0.0130759	0.0130759	3.20585e-05	0.00226208	0.00904832	0	1.5351e-05	0.372781	0.12426	0	0.00162481	0	0	0	0.75	0.0625	0	0.0247396	0.000791762	0	
47	0.0130759	0.986924	0	0.09375	0.046875	0.741322	0.84566	0.84566	0.00544852	0.046875	0.00435863	0.0130759	0.0130759	3.79953e-05	0.00301611	0.00904832	0	1.81938e-05	0.370198	0.123399	0	0.00161355	0	0	0	0.75	0.046875	0	0.015625	0.000325521	0	
47	0.830068	0.169932	0	0.1875	0.09375	0.670884	0.734471	0.734471	0.00140853	0.09375	0.138345	0.673211	0.673211	0.060497	0.0951597	0.462367	0	0.0285405	0.433822	0	0.144607	0.120034	0	0	0	0.75	0.09375	0	0.0429688	0.00126648	1	
47	0.830068	0.169932	0	0.15625	0.078125	0.675864	0.735625	0.735625	0.00382029	0.078125	0.166014	0.673211	0.673211	0.068003	0.10006	0.384912	0	0.0222823	0.267726	0.0892421	0	0.074077	0	0	0	0.75	0.078125	0	0.0338542	0.000888401	0	
47	0.470569	0.529431	0	0.125	0.0625	0.607398	0.639841	0.639841	0.00035103	0.0625	0.117642	0.156856	0.156856	0.00461324	0.0701835	0.0936651	0	0.00164191	0.553337	0.184446	0	0.0867945	0	0	0	0.75	0.0625	0	0.0208333	0.000501845	0	
48	0.109441	0.890559	0	0.15625	0.078125	0.739223	0.84566	0.84566	0.00368526	0.078125	0.0218882	0.109441	0.109441	0.00191638	0.0160091	0.0800455	0	0.00102517	0.277888	0	0.0926294	0.0101375	0	0	0	0.75	0.078125	0	0.0234375	0.000834147	0	
48	0.62683	0.37317	0	0.15625	0.078125	0.749627	0.84566	0.84566	0.00239019	0.078125	0.125366	0.517389	0.517389	0.0402172	0.0892917	0.366413	0	0.0201602	0.48283	0	0.160943	0.100884	0	0	1	0.75	0.078125	0	0.0234375	0.000834147	0	
48	0.109441	0.890559	0	0.125	0.0625	0.688629	0.734471	0.734471	0.00196441	0.0625	0.0273603	0.109441	0.109441	0.00224575	0.0200114	0.0800455	0	0.00120137	0.433822	0	0.144607	0.015826	0	0	0	0.75	0.0625	0	0.0234375	0.000671387	0	
48	0.109441	0.890559	0	0.09375	0.046875	0.650309	0.734471	0.734471	0.00442843	0.046875	0.0364804	0.109441	0.109441	0.00266163	0.0208579	0.0625736	0	0.0008701	0.267726	0.0892421	0	0.00976675	0	0	0	0.75	0.046875	0	0.0208333	0.000461155	0	
48	1	1.11022e-16	0.0314817	0.25	0.125	0.619723	0.653047	0.653047	0.000827444	0.125	0.125	0.671677	0.671677	0.0452602	0.0756845	0.400278	0	0.0160558	0.543501	0.181167	0	0.181167	0	0	1	0.75	0.125	0	0.0546875	0.00238037	0	
48	1	1.11022e-16	0.0507269	0.25	0.125	0.615092	0.653047	0.653047	0.000679283	0.125	0.125	0.671677	0.671677	0.0452602	0.0756845	0.400278	0	0.0160558	0.558808	0.186269	0	0.186269	0	0	1	0.75	0.125	0	0.0559896	0.00233799	0	
48	0.671677	0.328323	0	0.0625	0.03125	0.617889	0.639841	0.639841	0.000481862	0.03125	0.335838	0.671677	0.671677	0.112787	0.200139	0.400278	0	0.0400555	0.553337	0.184446	0	0.123888	0	0	0	0.75	0.03125	0	0.0117188	0.000127157	1	
49	1	2.22045e-16	0	0.21875	0.109375	0.712201	0.84566	0.84566	0.0056118	0.109375	0.142857	0.788151	0.788151	0.0747436	0.0973242	0.558165	0	0.0371999	0.280402	0	0.0934673	0.0934673	0	0	1	0.625	0.109375	0	0.025	0.00186523	0	
49	0.788151	0.211849	0	0.15625	0.078125	0.749627	0.84566	0.84566	0.00239019	0.078125	0.15763	0.788151	0.788151	0.0993892	0.111633	0.558165	0	0.0498478	0.48283	0	0.160943	0.126848	0	0	1	0.625	0.078125	0	0.01875	0.000966797	0	
49	0.786998	0.213002	0	0.0625	0.03125	0.637822	0.657045	0.657045	0.000369543	0.03125	0.393499	0.786998	0.786998	0.154841	0.243418	0.486836	0	0.0592522	0.483385	0.161128	0	0.126808	0	0	1	0.625	0.03125	0	0.0125	0.000234375	1	
49	1	2.22045e-16	0	0.1875	0.09375	0.634311	0.708196	0.708196	0.00214718	0.09375	0.166667	0.788151	0.788151	0.0832326	0.113545	0.558165	0	0.0415581	0.421077	0	0.140359	0.140359	1	0	1	0.625	0.09375	0	0.021875	0.00137695	0	
49	1	2.22045e-16	0	0.1875	0.09375	0.634311	0.708196	0.708196	0.00214718	0.09375	0.166667	0.788151	0.788151	0.0832326	0.113545	0.558165	0	0.0415581	0.313635	0	0.104545	0.104545	0	0	1	0.625	0.09375	0	0.021875	0.00137695	0	
50	0.00151052	0.998489	0	0.15625	0.078125	0.70143	0.765037	0.765037	0.0017295	0.078125	0.000302105	0.00151052	0.00151052	3.65069e-07	0.000205452	0.00102726	0	1.68842e-07	0.586035	0	0.195345	0.000295073	0	0	0	0.6875	0.078125	0	0.0198864	0.00084743	0	
50	0.118616	0.881384	0	0.25	0.125	0.622729	0.730275	0.730275	0.00198783	0.125	0.014827	0.0400421	0.0400421	0.000366589	0.0090366	0.0247934	0	0.000136397	0.558808	0.186269	0	0.0220945	0	0	1	0.6875	0.125	0	0.0525568	0.00138817	1	
51	0.0285888	0.971411	0	0.0625	0.03125	0.675771	0.694497	0.694497	0.000350665	0.03125	0.0142944	0.0285888	0.0285888	0.00020433	0.00939207	0.0187841	0	8.8211e-05	0.62758	0.209193	0	0.00598059	0	0	0	0.75	0.03125	0	0.0104167	0.000176324	1	
51	0.0556671	0.944333	0	0.125	0.0625	0.703095	0.765037	0.765037	0.00214181	0.0625	0.0139168	0.0270783	0.0270783	0.000173511	0.00920458	0.0181919	0	7.51078e-05	0.593431	0.19781	0	0.0110115	0	0	0	0.75	0.0625	0	0.0169271	0.000466241	0	
51	0.00151052	0.998489	0	0.1875	0.09375	0.705903	0.765037	0.765037	0.0015413	0.09375	0.000251754	0.00151052	0.00151052	3.169e-07	0.000183345	0.00110007	0	1.68076e-07	0.586035	0	0.195345	0.000295073	0	0	0	0.75	0.09375	0	0.0234375	0.000956217	0	
52	0.0335457	0.966454	0	0.03125	0.015625	0.63742	0.63742	0.63742	0	0.015625	0.0335457	0.0335457	0.0335457	0	0.0213827	0.0213827	0.0213827	0	0.64788	0.21596	0	0.00724453	0	0	0	0.75	0.015625	0	0.00130208	1.86496e-05	1	
52	0.0335457	0.966454	0	0.03125	0.015625	0.63742	0.63742	0.63742	0	0.015625	0.0335457	0.0335457	0.0335457	0	0.0213827	0.0213827	0.0213827	0	0.499317	0.166439	0	0.00558331	0	0	0	0.75	0.015625	0	0.00130208	1.86496e-05	1	
52	0.0335457	0.966454	0	0.03125	0.015625	0.63742	0.63742	0.63742	0	0.015625	0.0335457	0.0335457	0.0335457	0	0.0213827	0.0213827	0.0213827	0	0.372413	0.124138	0	0.00416428	0	0	0	0.75	0.015625	0	0.00130208	1.86496e-05	1	
52	0.00151052	0.998489	0	0.1875	0.09375	0.705903	0.765037	0.765037	0.0015413	0.09375	0.000251754	0.00151052	0.00151052	3.169e-07	0.00017121	0.00102726	0	1.46564e-07	0.586035	0	0.195345	0.000295073	0	0	0	0.75	0.09375	0	0.0234375	0.000956217	0	
53	0.708791	0.291209	0	0.0625	0.03125	0.637822	0.657045	0.657045	0.000369543	0.03125	0.354395	0.708791	0.708791	0.125596	0.219228	0.438457	0	0.0480611	0.505977	0	0.168659	0.119544	0	0	1	0.5	0.03125	0	0.0136719	0.000209808	1	
53	0.791849	0.208151	0	0.21875	0.109375	0.678171	0.765037	0.765037	0.00268882	0.109375	0.113121	0.791849	0.791849	0.0767786	0.0680103	0.476072	0	0.0277524	0.497968	0	0.165989	0.131439	0	0	1	0.5	0.109375	0	0.0429688	0.0018158	0	
53	0.291209	0.708791	0	0.0625	0.03125	0.706143	0.765037	0.765037	0.00346855	0.03125	0.145605	0.291209	0.291209	0.0212007	0.0942423	0.188485	0	0.00888162	0.593431	0.19781	0	0.0576042	0	0	0	0.5	0.03125	0	0.0117188	0.000167847	0	
54	0.171486	0.828514	0	0.03125	0.015625	0.63742	0.63742	0.63742	0	0.015625	0.171486	0.171486	0.171486	0	0.109308	0.109308	0.109308	0	0.64788	0.21596	0	0.0370341	0	0	0	0.5625	0.015625	0	0.00347222	4.21971e-05	0	
54	0.171486	0.828514	0	0.03125	0.015625	0.63742	0.63742	0.63742	0	0.015625	0.171486	0.171486	0.171486	0	0.109308	0.109308	0.109308	0	0.499317	0.166439	0	0.0285419	0	0	0	0.5625	0.015625	0	0.00347222	4.21971e-05	1	
54	0.171486	0.828514	0	0.03125	0.015625	0.63742	0.63742	0.63742	0	0.015625	0.171486	0.171486	0.171486	0	0.109308	0.109308	0.109308	0	0.372413	0.124138	0	0.0212878	0	0	0	0.5625	0.015625	0	0.00347222	4.21971e-05	1	
54	0.702716	0.297284	0	0.21875	0.109375	0.678171	0.765037	0.765037	0.00268882	0.109375	0.100388	0.702716	0.702716	0.0604665	0.0603548	0.422484	0	0.0218562	0.497968	0	0.165989	0.116643	0	0	1	0.5625	0.109375	0	0.0381944	0.00179639	0	
54	0.828514	0.171486	0	0.1875	0.09375	0.614817	0.68571	0.68571	0.00151608	0.09375	0.138086	0.702716	0.702716	0.0658715	0.0821879	0.422484	0	0.0238256	0.600397	0	0.200132	0.165812	0	0	1	0.5625	0.09375	0	0.0329861	0.00159746	0	
54	0.828514	0.171486	0	0.15625	0.078125	0.600639	0.639841	0.639841	0.000613091	0.078125	0.165703	0.702716	0.702716	0.0744695	0.0986254	0.422484	0	0.0269696	0.511873	0.170624	0	0.141365	0	0	1	0.5625	0.078125	0	0.0295139	0.00121769	0	
55	0.085901	0.914099	0	0.15625	0.078125	0.696478	0.765037	0.765037	0.00188859	0.078125	0.0171802	0.0286337	0.0286337	0.000196773	0.011391	0.0192368	0	8.65641e-05	0.593431	0.19781	0	0.0169921	0	0	0	0.75	0.078125	0	0.0221354	0.000710381	1	
55	0.00151052	0.998489	0	0.1875	0.09375	0.705903	0.765037	0.765037	0.0015413	0.09375	0.000251754	0.00151052	0.00151052	3.169e-07	0.00017121	0.00102726	0	1.46564e-07	0.586035	0	0.195345	0.000295073	0	0	0	0.75	0.09375	0	0.0234375	0.000956217	1	
56	0.788151	0.211849	0	0.15625	0.078125	0.749627	0.84566	0.84566	0.00239019	0.078125	0.15763	0.788151	0.788151	0.0993892	0.111633	0.558165	0	0.0498478	0.48283	0	0.160943	0.126848	0	0	1	0.5	0.078125	0	0.0195312	0.00114441	1	
57	0.794592	0.205408	0	0.3125	0.15625	0.640852	0.653047	0.653047	0.000212864	0.15625	0.0794592	0.794592	0.794592	0.0568238	0.0477721	0.477721	0	0.0205395	0.497968	0	0.165989	0.131894	0	0	1	0.5625	0.15625	0	0.0607639	0.00327932	1	
58	0.495957	0.504043	0	0.21875	0.109375	0.678171	0.765037	0.765037	0.00268882	0.109375	0.0708509	0.495957	0.495957	0.0301191	0.0425967	0.298177	0	0.0108869	0.497968	0	0.165989	0.0823236	0	0	1	0.5625	0.109375	0	0.0381944	0.00179639	0	
58	0.31231	0.68769	0	0.125	0.0625	0.632058	0.64587	0.64587	0.000412048	0.0625	0.0780774	0.31231	0.31231	0.0182883	0.0504279	0.201712	0	0.00762892	0.553337	0.184446	0	0.0576042	0	0	0	0.5625	0.0625	0	0.0295139	0.000566647	1	
59	0.210367	0.789633	0	0.15625	0.078125	0.740068	0.84566	0.84566	0.00367491	0.078125	0.0420735	0.210367	0.210367	0.0070807	0.0309503	0.154751	0	0.00383168	0.277888	0	0.0926294	0.0194862	0	0	0	0.9375	0.078125	0	0.0322917	0.000861545	0	
59	0.822096	0.177904	0	0.1875	0.09375	0.686552	0.765037	0.765037	0.00283574	0.09375	0.137016	0.822096	0.822096	0.093867	0.0823762	0.494257	0	0.0339292	0.497968	0	0.165989	0.136459	0	0	1	0.9375	0.09375	0	0.0197917	0.00112196	1	
59	0.177904	0.822096	0	0.125	0.0625	0.607398	0.639841	0.639841	0.00035103	0.0625	0.0444759	0.177904	0.177904	0.00593433	0.0265049	0.10602	0	0.00210753	0.553337	0.184446	0	0.0328136	0	0	0	0.9375	0.0625	0	0.0166667	0.00047092	0	
59	0.210367	0.789633	0	0.03125	0.015625	0.682853	0.682853	0.682853	0	0.015625	0.210367	0.210367	0.210367	0	0.14365	0.14365	0.14365	0	0.29834	0.0994467	0	0.0209203	0	0	0	0.9375	0.015625	0	0.00416667	4.77431e-05	0	
59	0.210367	0.789633	0	0.03125	0.015625	0.682853	0.682853	0.682853	0	0.015625	0.210367	0.210367	0.210367	0	0.14365	0.14365	0.14365	0	0.301385	0.100462	0	0.0211338	0	0	0	0.9375	0.015625	0	0.00416667	4.77431e-05	1	
60	0.230431	0.769569	0	0.09375	0.046875	0.660148	0.668093	0.668093	3.15571e-05	0.046875	0.0768102	0.230431	0.230431	0.0117996	0.0513164	0.153949	0	0.00526674	0.277888	0	0.0926294	0.0213447	0	0	0	0.75	0.046875	0	0.0234375	0.000386556	0	
60	0.230431	0.769569	0	0.125	0.0625	0.640384	0.668093	0.668093	0.00119548	0.0625	0.0576077	0.230431	0.230431	0.00995593	0.0384873	0.153949	0	0.00444381	0.280402	0	0.0934673	0.0215377	0	0	1	0.75	0.0625	0	0.03125	0.000732422	0	
60	0.769569	0.230431	0	0.125	0.0625	0.632929	0.71332	0.71332	0.00304053	0.0625	0.192392	0.769569	0.769569	0.111044	0.114795	0.459181	0	0.0395339	0.543501	0.181167	0	0.139421	0	0	1	0.75	0.0625	0	0.0143229	0.000547621	0	
60	0.769569	0.230431	0	0.21875	0.109375	0.629816	0.71332	0.71332	0.00189648	0.109375	0.109938	0.769569	0.769569	0.0725188	0.0655973	0.459181	0	0.025818	0.503926	0.167975	0	0.129269	0	0	1	0.75	0.109375	0	0.03125	0.00179036	0	
60	0.230431	0.769569	0	0.15625	0.078125	0.743957	0.774066	0.774066	0.000488243	0.078125	0.0460861	0.218328	0.218328	0.00743876	0.0335096	0.158179	0	0.0038988	0.427353	0	0.142451	0.0328251	0	0	0	0.75	0.078125	0	0.0247396	0.000913832	1	
60	0.769569	0.230431	0	0.125	0.0625	0.686102	0.75695	0.75695	0.00484039	0.0625	0.192392	0.769569	0.769569	0.111044	0.114795	0.459181	0	0.0395339	0.553337	0.184446	0	0.141944	0	0	0	0.75	0.0625	0	0.0169271	0.000629001	0	
60	0.012103	0.987897	0	0.03125	0.015625	0.774066	0.774066	0.774066	0	0.015625	0.012103	0.012103	0.012103	0	0.00936855	0.00936855	0.00936855	0	0.301385	0.100462	0	0.00121589	0	0	0	0.75	0.015625	0	0.00651042	5.93397e-05	0	
61	0.503935	0.496065	0	0.03125	0.015625	0.657045	0.657045	0.657045	0	0.015625	0.503935	0.503935	0.503935	0	0.331108	0.331108	0.331108	0	0.483385	0.161128	0	0.0811982	0	0	1	1.125	0.015625	0	0.00260417	3.39084e-05	0	
61	0.503935	0.496065	0	0.03125	0.015625	0.657045	0.657045	0.657045	0	0.015625	0.503935	0.503935	0.503935	0	0.331108	0.331108	0.331108	0	0.505977	0	0.168659	0.0849932	0	0	1	1.125	0.015625	0	0.00260417	3.39084e-05	0	
61	0.503935	0.496065	0	0.03125	0.015625	0.657045	0.657045	0.657045	0	0.015625	0.503935	0.503935	0.503935	0	0.331108	0.331108	0.331108	0	0.62758	0.209193	0	0.10542	0	0	0	1.125	0.015625	0	0.00260417	3.39084e-05	0	
61	1	1.11022e-16	-0.0261451	0.125	0.0625	0.645951	0.674529	0.674529	0.000852544	0.0625	0.25	0.951033	0.951033	0.164215	0.150764	0.571775	0	0.0592465	0.497968	0	0.165989	0.165989	0	0	1	1.125	0.0625	0	0.0208333	0.000569661	0	
61	0.545033	0.454967	0	0.21875	0.109375	0.604189	0.645584	0.645584	0.000554114	0.109375	0.0778618	0.39813	0.39813	0.0182942	0.045806	0.231976	0	0.00620716	0.543501	0.181167	0	0.0987419	0	0	1	1.125	0.109375	0	0.0460069	0.00120639	0	
61	0.545033	0.454967	0	0.25	0.125	0.618636	0.64587	0.64587	0.000673316	0.125	0.0681291	0.39813	0.39813	0.0166705	0.0402428	0.231976	0	0.00565776	0.553337	0.184446	0	0.100529	0	0	0	1.125	0.125	0	0.0494792	0.00139025	1	
62	0.495957	0.504043	0	0.25	0.125	0.67339	0.765037	0.765037	0.00251273	0.125	0.0619946	0.495957	0.495957	0.0269033	0.0372721	0.298177	0	0.00972446	0.497968	0	0.165989	0.0823236	0	0	1	0.6875	0.125	0	0.0383523	0.00219121	0	
62	0.336645	0.663355	0	0.28125	0.140625	0.622916	0.730275	0.730275	0.00191681	0.140625	0.037405	0.336645	0.336645	0.0111931	0.0231605	0.208445	0	0.00429128	0.558808	0.186269	0	0.0627066	0	0	1	0.6875	0.140625	0	0.0681818	0.00205401	1	
63	0.171162	0.828838	0	0.03125	0.015625	0.602972	0.602972	0.602972	0	0.015625	0.171162	0.171162	0.171162	0	0.103206	0.103206	0.103206	0	0.372781	0.12426	0	0.0212687	0	0	0	0.5	0.015625	0	0.00390625	4.57764e-05	1	
63	0.171162	0.828838	0	0.03125	0.015625	0.602972	0.602972	0.602972	0	0.015625	0.171162	0.171162	0.171162	0	0.103206	0.103206	0.103206	0	0.370198	0.123399	0	0.0211213	0	0	0	0.5	0.015625	0	0.00390625	4.57764e-05	1	
63	0.171162	0.828838	0	0.03125	0.015625	0.602972	0.602972	0.602972	0	0.015625	0.171162	0.171162	0.171162	0	0.103206	0.103206	0.103206	0	0.547323	0.182441	0	0.0312271	0	0	0	0.5	0.015625	0	0.00390625	4.57764e-05	1	
63	0.702326	0.297674	0	0.1875	0.09375	0.684727	0.765037	0.765037	0.00283609	0.09375	0.117054	0.702326	0.702326	0.0685086	0.0703749	0.422249	0	0.0247631	0.497968	0	0.165989	0.116579	0	0	1	0.5	0.09375	0	0.0332031	0.00143051	0	
63	0.828838	0.171162	0	0.15625	0.078125	0.61787	0.68571	0.68571	0.00176338	0.078125	0.165768	0.702326	0.702326	0.0743745	0.0986587	0.422249	0	0.0269348	0.600397	0	0.200132	0.165877	0	0	1	0.5	0.078125	0	0.0292969	0.00118637	0	
63	0.828838	0.171162	0	0.125	0.0625	0.60091	0.639841	0.639841	0.000765996	0.0625	0.207209	0.702326	0.702326	0.084381	0.123323	0.422249	0	0.0306268	0.511873	0.170624	0	0.14142	0	0	1	0.5	0.0625	0	0.0253906	0.000850677	0	
64	0.132671	0.867329	0	0.0625	0.03125	0.675771	0.694497	0.694497	0.000350665	0.03125	0.0663353	0.132671	0.132671	0.00440037	0.0435853	0.0871706	0	0.00189968	0.62758	0.209193	0	0.0277538	0	0	0	0.6875	0.03125	0	0.0142045	0.000197734	0	
64	0.655917	0.344083	0	0.25	0.125	0.677716	0.765037	0.765037	0.00235417	0.125	0.0819896	0.655917	0.655917	0.047056	0.0492934	0.394347	0	0.0170089	0.497968	0	0.165989	0.108875	0	0	1	0.6875	0.125	0	0.0369318	0.00227596	1	
64	0.265341	0.734659	0	0.125	0.0625	0.689662	0.765037	0.765037	0.00200682	0.0625	0.0663353	0.132671	0.132671	0.00440037	0.0437506	0.0891314	0	0.00191544	0.593431	0.19781	0	0.0524872	0	0	0	0.6875	0.0625	0	0.0213068	0.000589166	0	
64	0.867329	0.132671	0	0.15625	0.078125	0.609812	0.68571	0.68571	0.00166901	0.078125	0.173466	0.655917	0.655917	0.064894	0.102614	0.394347	0	0.0233913	0.600397	0	0.200132	0.173581	0	0	1	0.6875	0.078125	0	0.0227273	0.000992704	0	
64	0.867329	0.132671	0	0.15625	0.078125	0.607576	0.674529	0.674529	0.00134957	0.078125	0.173466	0.655917	0.655917	0.064894	0.102614	0.394347	0	0.0233913	0.511873	0.170624	0	0.147988	0	0	1	0.6875	0.078125	0	0.0255682	0.00107745	0	
65	0.62071	0.37929	0	0.3125	0.15625	0.670883	0.765037	0.765037	0.00204933	0.15625	0.062071	0.62071	0.62071	0.0346752	0.0415393	0.415393	0	0.0155296	0.497968	0	0.165989	0.103031	0	0	1	0.8125	0.15625	0	0.0492788	0.00281123	0	
65	0.89653	0.10347	0	0.25	0.125	0.619879	0.68571	0.68571	0.00150562	0.125	0.112066	0.62071	0.62071	0.0451108	0.0725952	0.415393	0	0.0197172	0.600397	0	0.200132	0.179425	0	0	1	0.8125	0.125	0	0.0348558	0.00207158	0	
65	0.27582	0.72418	0	0.15625	0.078125	0.600639	0.639841	0.639841	0.000613091	0.078125	0.0551641	0.27582	0.27582	0.0121723	0.0330738	0.165369	0	0.00437551	0.511873	0.170624	0	0.0470617	0	0	1	0.8125	0.078125	0	0.0204327	0.00102857	1	
66	0.208445	0.791555	0	0.03125	0.015625	0.602972	0.602972	0.602972	0	0.015625	0.208445	0.208445	0.208445	0	0.125686	0.125686	0.125686	0	0.372781	0.12426	0	0.0259014	0	0	0	0.5625	0.015625	0	0.00347222	4.21971e-05	1	
66	0.208445	0.791555	0	0.03125	0.015625	0.602972	0.602972	0.602972	0	0.015625	0.208445	0.208445	0.208445	0	0.125686	0.125686	0.125686	0	0.370198	0.123399	0	0.0257219	0	0	0	0.5625	0.015625	0	0.00347222	4.21971e-05	1	
66	0.956422	0.0435777	0	0.0625	0.03125	0.637822	0.657045	0.657045	0.000369543	0.03125	0.478211	0.956422	0.956422	0.228686	0.295821	0.591641	0	0.0875098	0.505977	0	0.168659	0.161309	0	0	1	0.5625	0.03125	0	0.0121528	0.000204958	0	
66	0.208445	0.791555	0	0.03125	0.015625	0.602972	0.602972	0.602972	0	0.015625	0.208445	0.208445	0.208445	0	0.125686	0.125686	0.125686	0	0.547323	0.182441	0	0.0380289	0	0	0	0.5625	0.015625	0	0.00347222	4.21971e-05	1	
66	0.791555	0.208445	0	0.1875	0.09375	0.669487	0.765037	0.765037	0.00260908	0.09375	0.131926	0.791555	0.791555	0.0870222	0.0793159	0.475895	0	0.031455	0.497968	0	0.165989	0.13139	0	0	1	0.5625	0.09375	0	0.0329861	0.00127194	0	
66	0.0435777	0.956422	0	0.0625	0.03125	0.706143	0.765037	0.765037	0.00346855	0.03125	0.0217889	0.0435777	0.0435777	0.000474755	0.0141028	0.0282056	0	0.000198889	0.593431	0.19781	0	0.00862013	0	0	0	0.5625	0.03125	0	0.0104167	0.00016276	0	
66	0.791555	0.208445	0	0.1875	0.09375	0.616839	0.68571	0.68571	0.00148073	0.09375	0.131926	0.791555	0.791555	0.0870222	0.0793159	0.475895	0	0.031455	0.600397	0	0.200132	0.158416	0	0	1	0.5625	0.09375	0	0.0329861	0.00159746	0	
66	0.791555	0.208445	0	0.15625	0.078125	0.603065	0.639841	0.639841	0.000638499	0.078125	0.158311	0.791555	0.791555	0.10025	0.0951791	0.475895	0	0.0362362	0.511873	0.170624	0	0.135059	0	0	1	0.5625	0.078125	0	0.0295139	0.00121769	0	
67	0.00158559	0.998414	0	0.125	0.0625	0.761041	0.84566	0.84566	0.00239431	0.0625	0.000396398	0.00158559	0.00158559	4.71393e-07	0.000291143	0.00116457	0	2.54292e-07	0.277888	0	0.0926294	0.000146872	0	0	0	0.75	0.0625	0	0.0208333	0.000745985	0	
67	0.00158559	0.998414	0	0.15625	0.078125	0.746194	0.84566	0.84566	0.00279713	0.078125	0.000317118	0.00158559	0.00158559	4.02256e-07	0.000232914	0.00116457	0	2.16996e-07	0.280402	0	0.0934673	0.000148201	0	0	1	0.75	0.078125	0	0.0273438	0.0011851	0	
67	0.998414	0.00158559	0	0.09375	0.046875	0.681841	0.735625	0.735625	0.0021231	0.046875	0.332805	0.998414	0.998414	0.221518	0.207367	0.6221	0	0.0860019	0.389562	0.129854	0	0.129648	0	0	0	0.75	0.046875	0	0.0182292	0.0004815	0	
67	0.00158559	0.998414	0	0.0625	0.03125	0.735048	0.735625	0.735625	3.3326e-07	0.03125	0.000792795	0.00158559	0.00158559	6.28525e-07	0.000582285	0.00116457	0	3.39056e-07	0.267726	0.0892421	0	0.000141501	0	0	0	0.75	0.03125	0	0.0117188	0.000208537	0	
67	0.900786	0.099214	0	0.03125	0.015625	0.671825	0.671825	0.671825	0	0.015625	0.900786	0.900786	0.900786	0	0.605171	0.605171	0.605171	0	0.593431	0.19781	0	0.178185	0	0	0	0.75	0.015625	0	0.00390625	4.57764e-05	1	
68	0.131868	0.868132	0	0.0625	0.03125	0.724316	0.84566	0.84566	0.0147243	0.03125	0.0659338	0.131868	0.131868	0.00434727	0.0397562	0.0795125	0	0.00158056	0.372781	0.12426	0	0.0163859	0	0	0	0.6875	0.03125	0	0.00710227	0.000149309	0	
68	0.131868	0.868132	0	0.0625	0.03125	0.724316	0.84566	0.84566	0.0147243	0.03125	0.0659338	0.131868	0.131868	0.00434727	0.0397562	0.0795125	0	0.00158056	0.370198	0.123399	0	0.0162724	0	0	0	0.6875	0.03125	0	0.00710227	0.000149309	0	
68	0.131868	0.868132	0	0.03125	0.015625	0.602972	0.602972	0.602972	0	0.015625	0.131868	0.131868	0.131868	0	0.0795125	0.0795125	0.0795125	0	0.547323	0.182441	0	0.0240581	0	0	0	0.6875	0.015625	0	0.00284091	3.63184e-05	0	
68	0.704236	0.295764	0	0.15625	0.078125	0.624781	0.64587	0.64587	0.000545258	0.078125	0.140847	0.704236	0.704236	0.0793517	0.0839362	0.419681	0	0.0281811	0.553337	0.184446	0	0.129893	0	0	0	0.6875	0.078125	0	0.0326705	0.000730404	0	
68	0.868132	0.131868	0	0.21875	0.109375	0.625782	0.691572	0.691572	0.00202089	0.109375	0.124019	0.704236	0.704236	0.0593065	0.0734665	0.422228	0	0.0212808	0.600397	0	0.200132	0.173741	0	0	1	0.6875	0.109375	0	0.0369318	0.00183206	1	
68	0.868132	0.131868	0	0.1875	0.09375	0.615794	0.691572	0.691572	0.00165938	0.09375	0.144689	0.704236	0.704236	0.0662002	0.0857109	0.422228	0	0.0237782	0.511873	0.170624	0	0.148125	0	0	1	0.6875	0.09375	0	0.03125	0.00150923	0	
69	0.0386859	0.961314	0	0.03125	0.015625	0.668093	0.668093	0.668093	0	0.015625	0.0386859	0.0386859	0.0386859	0	0.0258458	0.0258458	0.0258458	0	0.277888	0	0.0926294	0.00358345	0	0	0	1.0625	0.015625	0	0.00551471	5.57553e-05	0	
69	0.0386859	0.961314	0	0.0625	0.03125	0.624593	0.668093	0.668093	0.00189222	0.03125	0.019343	0.0386859	0.0386859	0.00037415	0.0129229	0.0258458	0	0.000167001	0.280402	0	0.0934673	0.00361587	0	0	1	1.0625	0.03125	0	0.0101103	0.000141923	0	
69	0.500065	0.499935	0	0.03125	0.015625	0.602972	0.602972	0.602972	0	0.015625	0.500065	0.500065	0.500065	0	0.301525	0.301525	0.301525	0	0.372781	0.12426	0	0.0621383	0	0	0	1.0625	0.015625	0	0.00183824	2.53433e-05	1	
69	0.500065	0.499935	0	0.03125	0.015625	0.602972	0.602972	0.602972	0	0.015625	0.500065	0.500065	0.500065	0	0.301525	0.301525	0.301525	0	0.370198	0.123399	0	0.0617076	0	0	0	1.0625	0.015625	0	0.00183824	2.53433e-05	1	
69	0.461249	0.538751	0	0.03125	0.015625	0.657045	0.657045	0.657045	0	0.015625	0.461249	0.461249	0.461249	0	0.303062	0.303062	0.303062	0	0.483385	0.161128	0	0.0743203	0	0	1	1.0625	0.015625	0	0.00275735	3.54806e-05	0	
69	0.461249	0.538751	0	0.0625	0.03125	0.644503	0.657045	0.657045	0.000157298	0.03125	0.230625	0.461249	0.461249	0.0531877	0.151531	0.303062	0	0.0229616	0.505977	0	0.168659	0.0777939	0	0	1	1.0625	0.03125	0	0.00551471	0.000141923	1	
69	0.461249	0.538751	0	0.0625	0.03125	0.644503	0.657045	0.657045	0.000157298	0.03125	0.230625	0.461249	0.461249	0.0531877	0.151531	0.303062	0	0.0229616	0.62758	0.209193	0	0.0964903	0	0	0	1.0625	0.03125	0	0.00551471	0.000141923	0	
69	0.500065	0.499935	0	0.03125	0.015625	0.602972	0.602972	0.602972	0	0.015625	0.500065	0.500065	0.500065	0	0.301525	0.301525	0.301525	0	0.547323	0.182441	0	0.0912324	0	0	0	1.0625	0.015625	0	0.00183824	2.53433e-05	1	
70	0.208805	0.791195	0	0.03125	0.015625	0.668093	0.668093	0.668093	0	0.015625	0.208805	0.208805	0.208805	0	0.139501	0.139501	0.139501	0	0.277888	0	0.0926294	0.0193415	0	0	0	1.25	0.015625	0	0.0046875	5.12695e-05	0	
70	0.208805	0.791195	0	0.0625	0.03125	0.624593	0.668093	0.668093	0.00189222	0.03125	0.104402	0.208805	0.208805	0.0108999	0.0697504	0.139501	0	0.00486512	0.280402	0	0.0934673	0.0195164	0	0	1	1.25	0.03125	0	0.00859375	0.000133667	0	
70	0.273542	0.726458	0	0.03125	0.015625	0.657045	0.657045	0.657045	0	0.015625	0.273542	0.273542	0.273542	0	0.179729	0.179729	0.179729	0	0.483385	0.161128	0	0.0440753	0	0	1	1.25	0.015625	0	0.00234375	3.11279e-05	0	
70	0.273542	0.726458	0	0.0625	0.03125	0.644503	0.657045	0.657045	0.000157298	0.03125	0.136771	0.273542	0.273542	0.0187063	0.0898647	0.179729	0	0.00807566	0.505977	0	0.168659	0.0461353	0	0	1	1.25	0.03125	0	0.0046875	0.000124512	1	
70	0.273542	0.726458	0	0.0625	0.03125	0.644503	0.657045	0.657045	0.000157298	0.03125	0.136771	0.273542	0.273542	0.0187063	0.0898647	0.179729	0	0.00807566	0.62758	0.209193	0	0.0572232	0	0	0	1.25	0.03125	0	0.0046875	0.000124512	0	
70	0.517653	0.482347	0	0.28125	0.140625	0.607609	0.645382	0.645382	0.000484287	0.140625	0.057517	0.482347	0.482347	0.0226812	0.0343572	0.287803	0	0.00807393	0.503926	0.167975	0	0.086953	0	0	1	1.25	0.140625	0	0.0539063	0.00208679	0	
71	0.775479	0.224521	0	0.0625	0.03125	0.637822	0.657045	0.657045	0.000369543	0.03125	0.387739	0.775479	0.775479	0.150342	0.239855	0.47971	0	0.0575304	0.505977	0	0.168659	0.130792	0	0	1	0.5	0.03125	0	0.0136719	0.000209808	1	
71	0.724089	0.275911	0	0.1875	0.09375	0.684727	0.765037	0.765037	0.00283609	0.09375	0.120681	0.724089	0.724089	0.07282	0.0725555	0.435333	0	0.0263215	0.497968	0	0.165989	0.120191	0	0	1	0.5	0.09375	0	0.0332031	0.00143051	0	
71	0.224521	0.775479	0	0.0625	0.03125	0.706143	0.765037	0.765037	0.00346855	0.03125	0.112261	0.224521	0.224521	0.0126024	0.0726604	0.145321	0	0.00527954	0.593431	0.19781	0	0.0444126	0	0	0	0.5	0.03125	0	0.0117188	0.000167847	0	
72	0.661107	0.338893	0	0.03125	0.015625	0.570452	0.570452	0.570452	0	0.015625	0.661107	0.661107	0.661107	0	0.37713	0.37713	0.37713	0	0.543501	0.181167	0	0.119771	0	0	1	0.75	0.015625	0	0.00260417	3.39084e-05	0	
72	0.709866	0.290134	0	0.09375	0.046875	0.588393	0.599554	0.599554	0.000164127	0.046875	0.236622	0.661107	0.661107	0.09049	0.135383	0.37713	0	0.0293611	0.503926	0.167975	0	0.11924	0	0	1	0.75	0.046875	0	0.0143229	0.00030348	0	
72	0.338893	0.661107	0	0.1875	0.09375	0.701611	0.765037	0.765037	0.00139944	0.09375	0.0564822	0.290134	0.290134	0.0112357	0.0368129	0.187443	0	0.00468695	0.586035	0	0.195345	0.0662011	0	0	0	0.75	0.09375	0	0.0442708	0.00141737	1	
72	0.709866	0.290134	0	0.125	0.0625	0.62423	0.730275	0.730275	0.00388015	0.0625	0.177466	0.661107	0.661107	0.0783656	0.101537	0.37713	0	0.0254574	0.558808	0.186269	0	0.132226	0	0	1	0.75	0.0625	0	0.0208333	0.000461155	0	
73	0.982516	0.0174837	0	0.15625	0.078125	0.684458	0.765037	0.765037	0.00360674	0.078125	0.196503	0.832222	0.832222	0.104423	0.132024	0.570663	0	0.0493015	0.497968	0	0.165989	0.163087	0	0	1	0.5625	0.078125	0	0.0260417	0.000922309	0	
73	0.832222	0.167778	0	0.125	0.0625	0.70677	0.765037	0.765037	0.00201929	0.0625	0.208056	0.832222	0.832222	0.129861	0.142666	0.570663	0	0.0610606	0.586035	0	0.195345	0.162571	0	0	0	0.5625	0.0625	0	0.0208333	0.000596788	0	
73	0.0349674	0.965033	0	0.0625	0.03125	0.596305	0.596673	0.596673	1.35116e-07	0.03125	0.0174837	0.0174837	0.0174837	2.70834e-33	0.0104256	0.010432	0.0104192	4.13021e-11	0.553337	0.184446	0	0.00644958	0	0	0	0.5625	0.03125	0	0.0138889	0.000186873	1	
74	0.495957	0.504043	0	0.1875	0.09375	0.684727	0.765037	0.765037	0.00283609	0.09375	0.0826594	0.495957	0.495957	0.0341629	0.0496961	0.298177	0	0.0123485	0.497968	0	0.165989	0.0823236	0	0	1	0.625	0.09375	0	0.0265625	0.0013208	0	
74	0.240789	0.759211	0	0.15625	0.078125	0.621979	0.64587	0.64587	0.000734161	0.078125	0.0481579	0.240789	0.240789	0.00927673	0.0310899	0.15545	0	0.00386634	0.553337	0.184446	0	0.0444126	0	0	0	0.625	0.078125	0	0.0359375	0.000783691	1	
75	0.489277	0.510723	0	0.09375	0.046875	0.674371	0.734471	0.734471	0.00180607	0.046875	0.163092	0.489277	0.489277	0.0531981	0.105146	0.315437	0	0.0221113	0.433822	0	0.144607	0.070753	0	0	0	0.8125	0.046875	0	0.0144231	0.000355376	1	
75	0.72418	0.27582	0	0.1875	0.09375	0.686552	0.765037	0.765037	0.00283574	0.09375	0.120697	0.72418	0.72418	0.0728384	0.0827629	0.496577	0	0.0342485	0.497968	0	0.165989	0.120206	0	0	1	0.8125	0.09375	0	0.0396635	0.00148796	0	
75	0.27582	0.72418	0	0.25	0.125	0.624867	0.691572	0.691572	0.0018704	0.125	0.0344775	0.27582	0.27582	0.0083209	0.0238437	0.19075	0	0.00397966	0.511873	0.170624	0	0.0470617	0	0	1	0.8125	0.125	0	0.0564904	0.00283723	0	
76	0.132215	0.867785	0	0.03125	0.015625	0.63742	0.63742	0.63742	0	0.015625	0.132215	0.132215	0.132215	0	0.0842764	0.0842764	0.0842764	0	0.64788	0.21596	0	0.0285531	0	0	0	0.625	0.015625	0	0.003125	3.90625e-05	0	
76	0.132215	0.867785	0	0.03125	0.015625	0.63742	0.63742	0.63742	0	0.015625	0.132215	0.132215	0.132215	0	0.0842764	0.0842764	0.0842764	0	0.499317	0.166439	0	0.0220057	0	0	0	0.625	0.015625	0	0.003125	3.90625e-05	1	
76	0.132215	0.867785	0	0.03125	0.015625	0.63742	0.63742	0.63742	0	0.015625	0.132215	0.132215	0.132215	0	0.0842764	0.0842764	0.0842764	0	0.372413	0.124138	0	0.0164128	0	0	0	0.625	0.015625	0	0.003125	3.90625e-05	1	
76	0.655367	0.344633	0	0.21875	0.109375	0.680122	0.765037	0.765037	0.0025582	0.109375	0.0936239	0.655367	0.655367	0.0525926	0.0562881	0.394017	0	0.0190101	0.497968	0	0.165989	0.108784	0	0	1	0.625	0.109375	0	0.034375	0.00174805	0	
76	0.867785	0.132215	0	0.15625	0.078125	0.612532	0.68571	0.68571	0.0016428	0.078125	0.173557	0.655367	0.655367	0.0648034	0.102661	0.394017	0	0.0233565	0.600397	0	0.200132	0.173672	0	0	1	0.625	0.078125	0	0.025	0.00103516	0	
76	0.867785	0.132215	0	0.125	0.0625	0.594238	0.613154	0.613154	0.00038006	0.0625	0.216946	0.655367	0.655367	0.0715912	0.128326	0.394017	0	0.0259021	0.511873	0.170624	0	0.148065	0	0	1	0.625	0.0625	0	0.021875	0.000742188	0	
77	0.495957	0.504043	0	0.1875	0.09375	0.646035	0.674529	0.674529	0.000581535	0.09375	0.0826594	0.495957	0.495957	0.0341629	0.0496961	0.298177	0	0.0123485	0.497968	0	0.165989	0.0823236	0	0	1	0.6875	0.09375	0	0.0369318	0.00147695	1	
77	0.0859272	0.914073	0	0.15625	0.078125	0.605957	0.652488	0.652488	0.00102897	0.078125	0.0171854	0.0859272	0.0859272	0.00118136	0.0106409	0.0532047	0	0.000452918	0.543501	0.181167	0	0.0155672	0	0	1	0.6875	0.078125	0	0.0355114	0.000891819	0	
78	0.102288	0.897712	0	0.0625	0.03125	0.675771	0.694497	0.694497	0.000350665	0.03125	0.0511442	0.102288	0.102288	0.00261573	0.0336041	0.0672081	0	0.00112923	0.62758	0.209193	0	0.0213981	0	0	0	0.625	0.03125	0	0.015625	0.000195313	0	
78	0.619285	0.380715	0	0.21875	0.109375	0.680122	0.765037	0.765037	0.0025582	0.109375	0.0884693	0.619285	0.619285	0.0469609	0.0531891	0.372324	0	0.0169745	0.497968	0	0.165989	0.102795	0	0	1	0.625	0.109375	0	0.034375	0.00174805	1	
78	0.204577	0.795423	0	0.125	0.0625	0.689662	0.765037	0.765037	0.00200682	0.0625	0.0511442	0.102288	0.102288	0.00261573	0.0337315	0.0687199	0	0.0011386	0.593431	0.19781	0	0.0404674	0	0	0	0.625	0.0625	0	0.0234375	0.000598145	0	
78	0.897712	0.102288	0	0.15625	0.078125	0.612532	0.68571	0.68571	0.0016428	0.078125	0.179542	0.619285	0.619285	0.0599716	0.105735	0.372324	0	0.0214343	0.600397	0	0.200132	0.179661	0	0	1	0.625	0.078125	0	0.025	0.00103516	0	
78	0.897712	0.102288	0	0.125	0.0625	0.594238	0.613154	0.613154	0.00038006	0.0625	0.224428	0.619285	0.619285	0.0648909	0.132169	0.372324	0	0.0232991	0.511873	0.170624	0	0.153171	0	0	1	0.625	0.0625	0	0.021875	0.000742188	0	
79	0.134646	0.865354	0	0.125	0.0625	0.715839	0.84566	0.84566	0.00880655	0.0625	0.0336616	0.134646	0.134646	0.00339931	0.023839	0.0953561	0	0.0017049	0.280402	0	0.0934673	0.012585	0	0	1	0.625	0.0625	0	0.0171875	0.00060791	1	
79	0.134646	0.865354	0	0.09375	0.046875	0.760754	0.84566	0.84566	0.00367255	0.046875	0.0448822	0.134646	0.134646	0.00402881	0.0317854	0.0953561	0	0.00202062	0.48283	0	0.160943	0.0216704	0	0	1	0.625	0.046875	0	0.0125	0.000332031	0	
79	0.248681	0.751319	0	0.03125	0.015625	0.692765	0.692765	0.692765	0	0.015625	0.248681	0.248681	0.248681	0	0.172278	0.172278	0.172278	0	0.389562	0.129854	0	0.0322923	0	0	0	0.625	0.015625	0	0.00625	5.85937e-05	0	
79	0.865354	0.134646	0	0.0625	0.03125	0.63226	0.692765	0.692765	0.00366081	0.03125	0.432677	0.616672	0.616672	0.0338543	0.262432	0.352586	0.172278	0.00812775	0.267726	0.0892421	0	0.077226	0	0	0	0.625	0.03125	0	0.0125	0.000234375	0	
80	0.998991	0.00100882	0	0.125	0.0625	0.715839	0.84566	0.84566	0.00880655	0.0625	0.249748	0.501873	0.501873	0.0623768	0.160923	0.352057	0	0.0263526	0.280402	0	0.0934673	0.0933731	0	0	1	1.125	0.0625	0	0.00954861	0.000410669	0	
80	0.497119	0.502881	0	0.09375	0.046875	0.760754	0.84566	0.84566	0.00367255	0.046875	0.165706	0.497119	0.497119	0.0549171	0.117352	0.352057	0	0.0275432	0.48283	0	0.160943	0.0800079	0	0	1	1.125	0.046875	0	0.00694444	0.000223042	0	
80	0.333333	0.666667	0	0.03125	0.015625	0.618598	0.618598	0.618598	0	0.015625	0.333333	0.333333	0.333333	0	0.206199	0.206199	0.206199	0	0.501469	0.167156	0	0.0557188	0	0	1	1.125	0.015625	0	0.00260417	3.39084e-05	0	
80	0.333333	0.666667	0	0.0625	0.03125	0.637822	0.657045	0.657045	0.000369543	0.03125	0.166667	0.333333	0.333333	0.0277778	0.1031	0.206199	0	0.0106295	0.483385	0.161128	0	0.0537094	0	0	1	1.125	0.03125	0	0.00520833	0.000135634	0	
80	0.333333	0.666667	0	0.0625	0.03125	0.637822	0.657045	0.657045	0.000369543	0.03125	0.166667	0.333333	0.333333	0.0277778	0.1031	0.206199	0	0.0106295	0.505977	0	0.168659	0.0562197	0	0	1	1.125	0.03125	0	0.00520833	0.000135634	1	
80	0.00100882	0.998991	0	0.03125	0.015625	0.571756	0.571756	0.571756	0	0.015625	0.00100882	0.00100882	0.00100882	0	0.000576796	0.000576796	0.000576796	0	0.267726	0.0892421	0	9.00289e-05	0	0	0	1.125	0.015625	0	0.00347222	4.21971e-05	0	
81	0.199401	0.800599	0	0.15625	0.078125	0.739223	0.84566	0.84566	0.00368526	0.078125	0.0398803	0.199401	0.199401	0.00636175	0.0291686	0.145843	0	0.00340322	0.277888	0	0.0926294	0.0184704	0	0	0	0.75	0.078125	0	0.0234375	0.000834147	0	
81	0.199401	0.800599	0	0.21875	0.109375	0.712201	0.84566	0.84566	0.0056118	0.109375	0.0284859	0.199401	0.199401	0.00486869	0.0208347	0.145843	0	0.0026045	0.280402	0	0.0934673	0.0186375	0	0	1	0.75	0.109375	0	0.0364583	0.00176324	1	
81	0.133932	0.866068	0	0.09375	0.046875	0.720568	0.84566	0.84566	0.00984432	0.046875	0.044644	0.0935	0.0935	0.00146591	0.0284029	0.0563779	0	0.000529836	0.372781	0.12426	0	0.0166424	0	0	0	0.75	0.046875	0	0.0104167	0.000339084	0	
81	0.133932	0.866068	0	0.09375	0.046875	0.720568	0.84566	0.84566	0.00984432	0.046875	0.044644	0.0935	0.0935	0.00146591	0.0284029	0.0563779	0	0.000529836	0.370198	0.123399	0	0.0165271	0	0	0	0.75	0.046875	0	0.0104167	0.000339084	0	
81	0.239833	0.760167	0	0.1875	0.09375	0.743535	0.84566	0.84566	0.00217742	0.09375	0.0399722	0.199401	0.199401	0.0053015	0.0291123	0.145843	0	0.00283603	0.48283	0	0.160943	0.0385995	0	0	1	0.75	0.09375	0	0.0273438	0.0011851	0	
81	0.133932	0.866068	0	0.0625	0.03125	0.658022	0.713072	0.713072	0.00303049	0.03125	0.0669659	0.0935	0.0935	0.000704058	0.0426044	0.0563779	0.0288308	0.000189711	0.547323	0.182441	0	0.0244347	0	0	0	0.75	0.03125	0	0.00651042	0.00014072	0	
82	0.0906702	0.90933	0	0.15625	0.078125	0.739223	0.84566	0.84566	0.00368526	0.078125	0.018134	0.0906702	0.0906702	0.00131537	0.0132633	0.0663165	0	0.000703659	0.277888	0	0.0926294	0.00839873	0	0	0	0.75	0.078125	0	0.0234375	0.000834147	0	
82	0.6545	0.3455	0	0.15625	0.078125	0.749627	0.84566	0.84566	0.00239019	0.078125	0.1309	0.563829	0.563829	0.0480901	0.0931236	0.399302	0	0.0240959	0.48283	0	0.160943	0.105337	0	0	1	0.75	0.078125	0	0.0234375	0.000834147	0	
82	0.0906702	0.90933	0	0.125	0.0625	0.688629	0.734471	0.734471	0.00196441	0.0625	0.0226676	0.0906702	0.0906702	0.00154145	0.0165791	0.0663165	0	0.000824601	0.433822	0	0.144607	0.0131116	0	0	0	0.75	0.0625	0	0.0234375	0.000671387	0	
82	0.0906702	0.90933	0	0.09375	0.046875	0.650309	0.734471	0.734471	0.00442843	0.046875	0.0302234	0.0906702	0.0906702	0.00182691	0.0172804	0.0518412	0	0.000597224	0.267726	0.0892421	0	0.0080916	0	0	0	0.75	0.046875	0	0.0208333	0.000461155	0	
82	0.727989	0.272011	0	0.1875	0.09375	0.598287	0.639774	0.639774	0.000571755	0.09375	0.121332	0.727989	0.727989	0.0736067	0.0724518	0.434711	0	0.0262463	0.503926	0.167975	0	0.122284	0	0	1	0.75	0.09375	0	0.0338542	0.00121392	1	
82	1	2.22045e-16	0.0753071	0.34375	0.171875	0.620564	0.679734	0.679734	0.00101842	0.171875	0.0909091	0.727989	0.727989	0.0421566	0.055634	0.434711	0	0.0150374	0.558808	0.186269	0	0.186269	0	0	1	0.75	0.171875	0	0.0729167	0.0043674	0	
82	1	2.22045e-16	0.0817103	0.21875	0.109375	0.644477	0.679734	0.679734	0.000694391	0.109375	0.142857	0.727989	0.727989	0.0588249	0.0874248	0.434711	0	0.0208508	0.553337	0.184446	0	0.184446	0	0	0	0.75	0.109375	0	0.0494792	0.00186496	0	
83	0.443607	0.556393	0	0.15625	0.078125	0.703958	0.779731	0.779731	0.00147518	0.078125	0.0887214	0.443607	0.443607	0.0314859	0.0613723	0.306861	0	0.0150662	0.389562	0.129854	0	0.0576042	0	0	0	0.75	0.078125	0	0.0286458	0.0012953	1	
83	0.556393	0.443607	0	0.1875	0.09375	0.685895	0.981584	0.981584	0.0191569	0.09375	0.0927322	0.556393	0.556393	0.0429963	0.0597846	0.358707	0	0.017871	0.313635	0	0.104545	0.0581682	0	0	1	0.75	0.09375	0	0.0325521	0.0014428	1	
83	0.813678	0.186322	0	0.15625	0.078125	0.609812	0.68571	0.68571	0.00166901	0.078125	0.162736	0.813678	0.813678	0.105932	0.0978392	0.489196	0	0.03829	0.600397	0	0.200132	0.162843	0	0	1	0.75	0.078125	0	0.0234375	0.000915527	0	
84	0.22999	0.77001	0	0.15625	0.078125	0.740068	0.84566	0.84566	0.00367491	0.078125	0.0459981	0.22999	0.22999	0.0084633	0.0338374	0.169187	0	0.00457987	0.277888	0	0.0926294	0.0213039	0	0	0	0.875	0.078125	0	0.0334821	0.000901826	0	
84	1	1.11022e-16	0	0.21875	0.109375	0.678274	0.735625	0.735625	0.00275913	0.109375	0.142857	0.540019	0.540019	0.036365	0.0894601	0.308759	0	0.0128457	0.267726	0.0892421	0	0.0892421	0	0	0	0.875	0.109375	0	0.0513393	0.00168905	0	
84	0.156636	0.843364	0	0.125	0.0625	0.607398	0.639841	0.639841	0.00035103	0.0625	0.0391589	0.156636	0.156636	0.00460025	0.0233363	0.093345	0	0.00163374	0.553337	0.184446	0	0.0288908	0	0	0	0.875	0.0625	0	0.0167411	0.000504474	0	
84	0.22999	0.77001	0	0.03125	0.015625	0.682853	0.682853	0.682853	0	0.015625	0.22999	0.22999	0.22999	0	0.15705	0.15705	0.15705	0	0.29834	0.0994467	0	0.0228718	0	0	0	0.875	0.015625	0	0.00446429	4.98246e-05	0	
84	0.22999	0.77001	0	0.03125	0.015625	0.682853	0.682853	0.682853	0	0.015625	0.22999	0.22999	0.22999	0	0.15705	0.15705	0.15705	0	0.301385	0.100462	0	0.0231052	0	0	0	0.875	0.015625	0	0.00446429	4.98246e-05	1	
84	0.843364	0.156636	0	0.21875	0.109375	0.61458	0.68571	0.68571	0.00129983	0.109375	0.120481	0.843364	0.843364	0.0870935	0.0724348	0.507044	0	0.0314808	0.600397	0	0.200132	0.168784	0	0	1	0.875	0.109375	0	0.0279018	0.00168034	0	
85	0.658692	0.341308	0	0.125	0.0625	0.715839	0.84566	0.84566	0.00880655	0.0625	0.164673	0.658692	0.658692	0.0813517	0.116621	0.466483	0	0.0408013	0.280402	0	0.0934673	0.0615662	0	0	1	0.625	0.0625	0	0.0171875	0.00060791	0	
85	0.658692	0.341308	0	0.09375	0.046875	0.760754	0.84566	0.84566	0.00367255	0.046875	0.219564	0.658692	0.658692	0.0964168	0.155494	0.466483	0	0.048357	0.48283	0	0.160943	0.106012	0	0	1	0.625	0.046875	0	0.0125	0.000332031	1	
85	0.341308	0.658692	0	0.03125	0.015625	0.571756	0.571756	0.571756	0	0.015625	0.341308	0.341308	0.341308	0	0.195144	0.195144	0.195144	0	0.267726	0.0892421	0	0.030459	0	0	0	0.625	0.015625	0	0.00625	5.85937e-05	0	
85	0.357569	0.642431	0	0.09375	0.046875	0.626658	0.639923	0.639923	0.000323854	0.046875	0.11919	0.357569	0.357569	0.0284123	0.0716586	0.214976	0	0.0102699	0.497968	0	0.165989	0.0593527	0	0	1	0.625	0.046875	0	0.021875	0.000351562	1	
85	0.642431	0.357569	0	0.21875	0.109375	0.612418	0.645584	0.645584	0.000606111	0.109375	0.0917759	0.642431	0.642431	0.0505369	0.0568261	0.397783	0	0.0193752	0.543501	0.181167	0	0.116387	0	0	1	0.625	0.109375	0	0.0578125	0.0013208	0	
86	0.0149955	0.985004	0	0.0625	0.03125	0.724316	0.84566	0.84566	0.0147243	0.03125	0.00749775	0.0149955	0.0149955	5.62163e-05	0.00452094	0.00904187	0	2.04389e-05	0.372781	0.12426	0	0.00186335	0	0	0	0.625	0.03125	0	0.0078125	0.000158691	1	
86	0.0149955	0.985004	0	0.0625	0.03125	0.724316	0.84566	0.84566	0.0147243	0.03125	0.00749775	0.0149955	0.0149955	5.62163e-05	0.00452094	0.00904187	0	2.04389e-05	0.370198	0.123399	0	0.00185043	0	0	0	0.625	0.03125	0	0.0078125	0.000158691	1	
86	0.0149955	0.985004	0	0.03125	0.015625	0.602972	0.602972	0.602972	0	0.015625	0.0149955	0.0149955	0.0149955	0	0.00904187	0.00904187	0.00904187	0	0.547323	0.182441	0	0.0027358	0	0	0	0.625	0.015625	0	0.003125	3.90625e-05	1	
86	0.977507	0.0224933	0	0.15625	0.078125	0.684458	0.765037	0.765037	0.00360674	0.078125	0.195501	0.836479	0.836479	0.105696	0.131505	0.573582	0	0.0499151	0.497968	0	0.165989	0.162256	0	0	1	0.625	0.078125	0	0.0234375	0.000891113	0	
86	0.836479	0.163521	0	0.125	0.0625	0.70677	0.765037	0.765037	0.00201929	0.0625	0.20912	0.836479	0.836479	0.131193	0.143396	0.573582	0	0.0616869	0.586035	0	0.195345	0.163402	0	0	0	0.625	0.0625	0	0.01875	0.000576172	0	
87	0.0127327	0.987267	0	0.03125	0.015625	0.63742	0.63742	0.63742	0	0.015625	0.0127327	0.0127327	0.0127327	0	0.00811608	0.00811608	0.00811608	0	0.64788	0.21596	0	0.00274976	0	0	0	0.625	0.015625	0	0.003125	3.90625e-05	0	
87	0.0127327	0.987267	0	0.03125	0.015625	0.63742	0.63742	0.63742	0	0.015625	0.0127327	0.0127327	0.0127327	0	0.00811608	0.00811608	0.00811608	0	0.499317	0.166439	0	0.00211922	0	0	0	0.625	0.015625	0	0.003125	3.90625e-05	1	
87	0.0127327	0.987267	0	0.03125	0.015625	0.63742	0.63742	0.63742	0	0.015625	0.0127327	0.0127327	0.0127327	0	0.00811608	0.00811608	0.00811608	0	0.372413	0.124138	0	0.00158061	0	0	0	0.625	0.015625	0	0.003125	3.90625e-05	1	
87	0.980901	0.0190991	0	0.15625	0.078125	0.684458	0.765037	0.765037	0.00360674	0.078125	0.19618	0.833595	0.833595	0.104829	0.131857	0.571605	0	0.0494977	0.497968	0	0.165989	0.162819	0	0	1	0.625	0.078125	0	0.0234375	0.000891113	0	
87	0.833595	0.166405	0	0.125	0.0625	0.70677	0.765037	0.765037	0.00201929	0.0625	0.208399	0.833595	0.833595	0.13029	0.142901	0.571605	0	0.0612622	0.586035	0	0.195345	0.162839	0	0	0	0.625	0.0625	0	0.01875	0.000576172	0	
88	0.0106637	0.989336	0	0.15625	0.078125	0.684853	0.746664	0.746664	0.00151397	0.078125	0.00213275	0.0106637	0.0106637	1.81944e-05	0.00140131	0.00700656	0	7.8547e-06	0.62758	0.209193	0	0.00223078	0	0	0	0.6875	0.078125	0	0.0298295	0.000907961	0	
88	0.984004	0.0159956	0	0.15625	0.078125	0.684458	0.765037	0.765037	0.00360674	0.078125	0.196801	0.830958	0.830958	0.104052	0.132178	0.569796	0	0.0491221	0.497968	0	0.165989	0.163334	0	0	1	0.6875	0.078125	0	0.0213068	0.000855501	0	
88	0.0213275	0.978673	0	0.15625	0.078125	0.701062	0.765037	0.765037	0.00212533	0.078125	0.0042655	0.0106637	0.0106637	2.72917e-05	0.00281325	0.00716417	0	1.18784e-05	0.593431	0.19781	0	0.0042188	0	0	0	0.6875	0.078125	0	0.0255682	0.00089989	1	
88	0.830958	0.169042	0	0.15625	0.078125	0.700323	0.765037	0.765037	0.00178167	0.078125	0.166192	0.830958	0.830958	0.110479	0.113959	0.569796	0	0.0519469	0.586035	0	0.195345	0.162324	0	0	0	0.6875	0.078125	0	0.0213068	0.00089989	0	
89	0.0123428	0.987657	0	0.0625	0.03125	0.678043	0.719221	0.719221	0.00169566	0.03125	0.00617139	0.0123428	0.0123428	3.8086e-05	0.00443859	0.00887719	0	1.97011e-05	0.64788	0.21596	0	0.00266555	0	0	0	0.6875	0.03125	0	0.00568182	0.000145274	0	
89	0.0123428	0.987657	0	0.0625	0.03125	0.678043	0.719221	0.719221	0.00169566	0.03125	0.00617139	0.0123428	0.0123428	3.8086e-05	0.00443859	0.00887719	0	1.97011e-05	0.372413	0.124138	0	0.0015322	0	0	0	0.6875	0.03125	0	0.00568182	0.000145274	0	
89	0.0123428	0.987657	0	0.03125	0.015625	0.719221	0.719221	0.719221	0	0.015625	0.0123428	0.0123428	0.0123428	0	0.00887719	0.00887719	0.00887719	0	0.547323	0.182441	0	0.00225183	0	0	0	0.6875	0.015625	0	0.00284091	3.63184e-05	1	
89	0.981486	0.0185142	0	0.125	0.0625	0.664313	0.730275	0.730275	0.00247935	0.0625	0.245371	0.833098	0.833098	0.118811	0.164896	0.571264	0	0.0563449	0.497968	0	0.165989	0.162916	0	0	1	0.6875	0.0625	0	0.0170455	0.000552847	0	
89	0.833098	0.166902	0	0.09375	0.046875	0.687347	0.730275	0.730275	0.00118346	0.046875	0.277699	0.833098	0.833098	0.154234	0.190421	0.571264	0	0.0725205	0.586035	0	0.195345	0.162742	0	0	0	0.6875	0.046875	0	0.0127841	0.000302654	0	
90	0.0189639	0.981036	0	0.03125	0.015625	0.636865	0.636865	0.636865	0	0.015625	0.0189639	0.0189639	0.0189639	0	0.0120774	0.0120774	0.0120774	0	0.64788	0.21596	0	0.00409545	0	0	0	0.6875	0.015625	0	0.00284091	3.63184e-05	1	
90	0.0189639	0.981036	0	0.03125	0.015625	0.636865	0.636865	0.636865	0	0.015625	0.0189639	0.0189639	0.0189639	0	0.0120774	0.0120774	0.0120774	0	0.372413	0.124138	0	0.00235413	0	0	0	0.6875	0.015625	0	0.00284091	3.63184e-05	1	
90	0.971554	0.0284459	0	0.125	0.0625	0.664313	0.730275	0.730275	0.00247935	0.0625	0.242889	0.841537	0.841537	0.122277	0.163609	0.577051	0	0.057976	0.497968	0	0.165989	0.161268	0	0	1	0.6875	0.0625	0	0.0170455	0.000552847	0	
90	0.841537	0.158463	0	0.09375	0.046875	0.687347	0.730275	0.730275	0.00118346	0.046875	0.280512	0.841537	0.841537	0.157374	0.19235	0.577051	0	0.0739972	0.586035	0	0.195345	0.16439	0	0	0	0.6875	0.046875	0	0.0127841	0.000302654	0	
91	0.682997	0.317003	0	0.0625	0.03125	0.637822	0.657045	0.657045	0.000369543	0.03125	0.341498	0.682997	0.682997	0.116621	0.21125	0.4225	0	0.0446267	0.505977	0	0.168659	0.115194	0	0	1	0.5625	0.03125	0	0.0121528	0.000204958	1	
91	0.818058	0.181942	0	0.1875	0.09375	0.669487	0.765037	0.765037	0.00260908	0.09375	0.136343	0.818058	0.818058	0.0929472	0.0819716	0.491829	0	0.0335967	0.497968	0	0.165989	0.135789	0	0	1	0.5625	0.09375	0	0.0329861	0.00127194	0	
91	0.317003	0.682997	0	0.0625	0.03125	0.706143	0.765037	0.765037	0.00346855	0.03125	0.158502	0.317003	0.317003	0.0251228	0.10259	0.20518	0	0.0105247	0.593431	0.19781	0	0.0627066	0	0	0	0.5625	0.03125	0	0.0104167	0.00016276	0	
92	0.0308307	0.969169	0	0.125	0.0625	0.669401	0.694497	0.694497	0.000698549	0.0625	0.00770768	0.0102769	0.0102769	1.98028e-05	0.00525571	0.00713728	0	9.23194e-06	0.62758	0.209193	0	0.00644958	0	0	0	0.6875	0.0625	0	0.0255682	0.000633555	1	
92	0.984585	0.0154154	0	0.125	0.0625	0.664313	0.730275	0.730275	0.00247935	0.0625	0.246146	0.830465	0.830465	0.117768	0.165298	0.569458	0	0.055851	0.497968	0	0.165989	0.163431	0	0	1	0.6875	0.0625	0	0.0170455	0.000552847	0	
92	0.830465	0.169535	0	0.09375	0.046875	0.687347	0.730275	0.730275	0.00118346	0.046875	0.276822	0.830465	0.830465	0.15326	0.189819	0.569458	0	0.0720628	0.586035	0	0.195345	0.162227	0	0	0	0.6875	0.046875	0	0.0127841	0.000302654	0	
93	0.495957	0.504043	0	0.1875	0.09375	0.669487	0.765037	0.765037	0.00260908	0.09375	0.0826594	0.495957	0.495957	0.0341629	0.0496961	0.298177	0	0.0123485	0.497968	0	0.165989	0.0823236	0	0	1	0.625	0.09375	0	0.0296875	0.00124268	0	
93	0.339973	0.660027	0	0.15625	0.078125	0.622029	0.645584	0.645584	0.000721991	0.078125	0.0679946	0.339973	0.339973	0.0184931	0.0438962	0.219481	0	0.00770751	0.553337	0.184446	0	0.0627066	0	0	0	0.625	0.078125	0	0.0359375	0.000783691	1	
94	0.0794959	0.920504	0	0.0625	0.03125	0.724316	0.84566	0.84566	0.0147243	0.03125	0.039748	0.0794959	0.0794959	0.0015799	0.0239669	0.0479338	0	0.000574413	0.372781	0.12426	0	0.0098782	0	0	0	0.6875	0.03125	0	0.00710227	0.000149309	0	
94	0.0794959	0.920504	0	0.0625	0.03125	0.724316	0.84566	0.84566	0.0147243	0.03125	0.039748	0.0794959	0.0794959	0.0015799	0.0239669	0.0479338	0	0.000574413	0.370198	0.123399	0	0.00980973	0	0	0	0.6875	0.03125	0	0.00710227	0.000149309	0	
94	0.0794959	0.920504	0	0.03125	0.015625	0.602972	0.602972	0.602972	0	0.015625	0.0794959	0.0794959	0.0794959	0	0.0479338	0.0479338	0.0479338	0	0.547323	0.182441	0	0.0145033	0	0	0	0.6875	0.015625	0	0.00284091	3.63184e-05	0	
94	0.841008	0.158992	0	0.1875	0.09375	0.684727	0.765037	0.765037	0.00283609	0.09375	0.140168	0.841008	0.841008	0.0982354	0.095324	0.571944	0	0.0454333	0.497968	0	0.165989	0.139598	0	0	1	0.6875	0.09375	0	0.0340909	0.00132361	1	
94	1	1.11022e-16	-0.019817	0.15625	0.078125	0.598391	0.618831	0.618831	0.00025351	0.078125	0.2	0.624877	0.624877	0.0568372	0.1183	0.374648	0	0.0202301	0.503926	0.167975	0	0.167975	0	0	1	0.6875	0.078125	0	0.0426136	0.000803041	0	
94	0.704373	0.295627	0	0.15625	0.078125	0.624781	0.64587	0.64587	0.000545258	0.078125	0.140875	0.624877	0.624877	0.0595125	0.0847418	0.372388	0	0.0210801	0.553337	0.184446	0	0.129919	0	0	0	0.6875	0.078125	0	0.0340909	0.000657767	0	
95	1	1.11022e-16	0	0.21875	0.109375	0.712201	0.84566	0.84566	0.0056118	0.109375	0.142857	0.788151	0.788151	0.0747436	0.0973242	0.558165	0	0.0371999	0.280402	0	0.0934673	0.0934673	0	0	1	0.5625	0.109375	0	0.0277778	0.00199532	0	
95	0.788151	0.211849	0	0.15625	0.078125	0.749627	0.84566	0.84566	0.00239019	0.078125	0.15763	0.788151	0.788151	0.0993892	0.111633	0.558165	0	0.0498478	0.48283	0	0.160943	0.126848	0	0	1	0.5625	0.078125	0	0.0208333	0.00103082	0	
95	0.684779	0.315221	0	0.0625	0.03125	0.637822	0.657045	0.657045	0.000369543	0.03125	0.342389	0.684779	0.684779	0.11723	0.211801	0.423603	0	0.0448598	0.483385	0.161128	0	0.110337	0	0	1	0.5625	0.03125	0	0.0138889	0.000241127	1	
95	1	1.11022e-16	0	0.1875	0.09375	0.634311	0.708196	0.708196	0.00214718	0.09375	0.166667	0.788151	0.788151	0.0832326	0.113545	0.558165	0	0.0415581	0.421077	0	0.140359	0.140359	1	0	1	0.5625	0.09375	0	0.0243056	0.00147087	0	
95	1	1.11022e-16	0	0.1875	0.09375	0.634311	0.708196	0.708196	0.00214718	0.09375	0.166667	0.788151	0.788151	0.0832326	0.113545	0.558165	0	0.0415581	0.313635	0	0.104545	0.104545	0	0	1	0.5625	0.09375	0	0.0243056	0.00147087	0	
96	0.186675	0.813325	0	0.03125	0.015625	0.63742	0.63742	0.63742	0	0.015625	0.186675	0.186675	0.186675	0	0.118991	0.118991	0.118991	0	0.64788	0.21596	0	0.0403145	0	0	0	0.5625	0.015625	0	0.00347222	4.21971e-05	0	
96	0.186675	0.813325	0	0.03125	0.015625	0.63742	0.63742	0.63742	0	0.015625	0.186675	0.186675	0.186675	0	0.118991	0.118991	0.118991	0	0.499317	0.166439	0	0.0310701	0	0	0	0.5625	0.015625	0	0.00347222	4.21971e-05	1	
96	0.186675	0.813325	0	0.03125	0.015625	0.63742	0.63742	0.63742	0	0.015625	0.186675	0.186675	0.186675	0	0.118991	0.118991	0.118991	0	0.372413	0.124138	0	0.0231734	0	0	0	0.5625	0.015625	0	0.00347222	4.21971e-05	1	
96	0.72103	0.27897	0	0.1875	0.09375	0.669487	0.765037	0.765037	0.00260908	0.09375	0.120172	0.72103	0.72103	0.0722061	0.072249	0.433494	0	0.0260996	0.497968	0	0.165989	0.119683	0	0	1	0.5625	0.09375	0	0.03125	0.00135634	0	
96	0.813325	0.186675	0	0.15625	0.078125	0.612239	0.68571	0.68571	0.0016499	0.078125	0.162665	0.72103	0.72103	0.0792206	0.0970647	0.433494	0	0.0286992	0.600397	0	0.200132	0.162773	0	0	1	0.5625	0.078125	0	0.0277778	0.00107301	0	
96	0.813325	0.186675	0	0.125	0.0625	0.593871	0.613154	0.613154	0.000375489	0.0625	0.203331	0.72103	0.72103	0.090757	0.121331	0.433494	0	0.0329297	0.511873	0.170624	0	0.138773	0	0	1	0.5625	0.0625	0	0.0243056	0.000765577	0	
97	0.0370251	0.962975	0	0.0625	0.03125	0.675771	0.694497	0.694497	0.000350665	0.03125	0.0185125	0.0370251	0.0370251	0.000342714	0.0121636	0.0243271	0	0.000147953	0.62758	0.209193	0	0.0077454	0	0	0	0.75	0.03125	0	0.0104167	0.000176324	1	
97	0.0725396	0.92746	0	0.125	0.0625	0.703095	0.765037	0.765037	0.00214181	0.0625	0.0181349	0.0355146	0.0355146	0.000302337	0.0119866	0.0238596	0	0.000131041	0.593431	0.19781	0	0.0143491	0	0	0	0.75	0.0625	0	0.0169271	0.000466241	0	
97	0.00151052	0.998489	0	0.15625	0.078125	0.701029	0.765037	0.765037	0.00170701	0.078125	0.000302105	0.00151052	0.00151052	3.65069e-07	0.000220014	0.00110007	0	1.93624e-07	0.586035	0	0.195345	0.000295073	0	0	0	0.75	0.078125	0	0.0182292	0.00064426	0	
98	0.00151052	0.998489	0	0.15625	0.078125	0.70143	0.765037	0.765037	0.0017295	0.078125	0.000302105	0.00151052	0.00151052	3.65069e-07	0.000205452	0.00102726	0	1.68842e-07	0.586035	0	0.195345	0.000295073	0	0	0	0.75	0.078125	0	0.0195312	0.000778198	0	
98	0.0377999	0.9622	0	0.125	0.0625	0.590838	0.601215	0.601215	0.000286116	0.0625	0.00944997	0.0246964	0.0246964	0.000106101	0.00567602	0.0148479	0	3.83276e-05	0.511873	0.170624	0	0.00644958	0	0	1	0.75	0.0625	0	0.0195312	0.000656128	1	
99	0.144422	0.855578	0	0.0625	0.03125	0.675771	0.694497	0.694497	0.000350665	0.03125	0.072211	0.144422	0.144422	0.00521443	0.0474459	0.0948918	0	0.00225111	0.62758	0.209193	0	0.0302121	0	0	0	0.625	0.03125	0	0.015625	0.000195313	0	
99	0.670085	0.329915	0	0.1875	0.09375	0.669487	0.765037	0.765037	0.00260908	0.09375	0.111681	0.670085	0.670085	0.0623631	0.0671443	0.402866	0	0.0225418	0.497968	0	0.165989	0.111227	0	0	1	0.625	0.09375	0	0.028125	0.00130859	1	
99	0.288844	0.711156	0	0.125	0.0625	0.689662	0.765037	0.765037	0.00200682	0.0625	0.072211	0.144422	0.144422	0.00521443	0.0476258	0.0970264	0	0.00226979	0.593431	0.19781	0	0.0571364	0	0	0	0.625	0.0625	0	0.0234375	0.000598145	0	
99	0.855578	0.144422	0	0.15625	0.078125	0.612239	0.68571	0.68571	0.0016499	0.078125	0.171116	0.670085	0.670085	0.0674038	0.101406	0.402866	0	0.024347	0.600397	0	0.200132	0.171229	0	0	1	0.625	0.078125	0	0.025	0.00103516	0	
99	0.855578	0.144422	0	0.125	0.0625	0.593871	0.613154	0.613154	0.000375489	0.0625	0.213894	0.670085	0.670085	0.0751046	0.126758	0.402866	0	0.0272202	0.511873	0.170624	0	0.145982	0	0	1	0.625	0.0625	0	0.021875	0.000742188	0	
100	0.852436	0.147564	0	0.21875	0.109375	0.598886	0.638835	0.638835	0.000657628	0.109375	0.121777	0.850925	0.850925	0.0886099	0.0738496	0.51604	0	0.0325888	0.503926	0.167975	0	0.143188	0	0	1	0.5625	0.109375	0	0.0503472	0.00161555	1	
100	0.00151052	0.998489	0	0.15625	0.078125	0.70143	0.765037	0.765037	0.0017295	0.078125	0.000302105	0.00151052	0.00151052	3.65069e-07	0.000205452	0.00102726	0	1.68842e-07	0.586035	0	0.195345	0.000295073	0	0	0	0.5625	0.078125	0	0.0347222	0.00101876	0	
100	0.998489	0.00151052	0	0.15625	0.078125	0.600639	0.639841	0.639841	0.000613091	0.078125	0.199698	0.850925	0.850925	0.10929	0.118891	0.511589	0	0.039583	0.511873	0.170624	0	0.170367	0	0	1	0.5625	0.078125	0	0.0381944	0.00130811	0	
101	1	1.11022e-16	-0.0108648	0.21875	0.109375	0.669449	0.765037	0.765037	0.00223637	0.109375	0.142857	0.891322	0.891322	0.0947265	0.0864809	0.535877	0	0.0342142	0.497968	0	0.165989	0.165989	0	0	1	0.5	0.109375	0	0.0585938	0.00187683	0	
101	0.891322	0.108678	0	0.0625	0.03125	0.632207	0.645584	0.645584	0.000178923	0.03125	0.445661	0.891322	0.891322	0.198614	0.275789	0.551578	0	0.0760596	0.543501	0.181167	0	0.161478	0	0	1	0.5	0.03125	0	0.015625	0.000244141	1	
101	0.998489	0.00151052	0	0.09375	0.046875	0.619074	0.638835	0.638835	0.000257198	0.046875	0.33283	0.891322	0.891322	0.157871	0.20668	0.551578	0	0.0602585	0.503926	0.167975	0	0.167722	0	0	1	0.5	0.046875	0	0.0253906	0.000362396	0	
101	0.00151052	0.998489	0	0.125	0.0625	0.694218	0.765037	0.765037	0.00190186	0.0625	0.000377631	0.00151052	0.00151052	4.27815e-07	0.000256815	0.00102726	0	1.97862e-07	0.586035	0	0.195345	0.000295073	0	0	0	0.5	0.0625	0	0.0292969	0.00069809	0	
101	1	1.11022e-16	0.0380081	0.15625	0.078125	0.650508	0.680069	0.680069	0.000477603	0.078125	0.2	0.891322	0.891322	0.121188	0.124214	0.551578	0	0.0463563	0.47812	0	0.159373	0.159373	0	0	0	0.5	0.078125	0	0.0429688	0.00102234	0	
102	1	1.11022e-16	0	0.3125	0.15625	0.665155	0.765037	0.765037	0.00255533	0.15625	0.1	0.853216	0.853216	0.0649084	0.0600462	0.512967	0	0.0234557	0.497968	0	0.165989	0.165989	0	0	1	0.5625	0.15625	0	0.0625	0.00320095	0	
102	0.00151052	0.998489	0	0.15625	0.078125	0.70143	0.765037	0.765037	0.0017295	0.078125	0.000302105	0.00151052	0.00151052	3.65069e-07	0.000205452	0.00102726	0	1.68842e-07	0.586035	0	0.195345	0.000295073	0	0	0	0.5625	0.078125	0	0.0260417	0.000868056	0	
102	1	1.11022e-16	-0.0127909	0.28125	0.140625	0.617138	0.68571	0.68571	0.00139844	0.140625	0.111111	0.853216	0.853216	0.0708859	0.0667047	0.512967	0	0.0256185	0.600397	0	0.200132	0.200132	0	0	1	0.5625	0.140625	0	0.0659722	0.00346017	0	
102	0.853216	0.146784	0	0.15625	0.078125	0.600639	0.639841	0.639841	0.000613091	0.078125	0.170643	0.853216	0.853216	0.116476	0.102593	0.512967	0	0.0421016	0.511873	0.170624	0	0.145579	0	0	1	0.5625	0.078125	0	0.0381944	0.00130811	1	
103	0.788943	0.211057	0	0.125	0.0625	0.618584	0.645584	0.645584	0.000316685	0.0625	0.197236	0.788943	0.788943	0.116706	0.122125	0.4885	0	0.0447436	0.543501	0.181167	0	0.14293	0	0	1	0.5625	0.0625	0	0.0295139	0.000620901	1	
103	0.00151052	0.998489	0	0.15625	0.078125	0.70143	0.765037	0.765037	0.0017295	0.078125	0.000302105	0.00151052	0.00151052	3.65069e-07	0.000205452	0.00102726	0	1.68842e-07	0.586035	0	0.195345	0.000295073	0	0	0	0.5625	0.078125	0	0.0347222	0.00101876	0	
104	0.00318553	0.996814	0	0.03125	0.015625	0.731403	0.731403	0.731403	0	0.015625	0.00318553	0.00318553	0.00318553	0	0.0023299	0.0023299	0.0023299	0	0.277888	0	0.0926294	0.000295073	0	0	0	0.5625	0.015625	0	0.00347222	4.21971e-05	1	
104	0.996814	0.00318553	0	0.03125	0.015625	0.623088	0.623088	0.623088	0	0.015625	0.996814	0.996814	0.996814	0	0.621103	0.621103	0.621103	0	0.389562	0.129854	0	0.129441	0	0	0	0.5625	0.015625	0	0.00347222	4.21971e-05	0	
105	0.715976	0.284024	0	0.125	0.0625	0.733779	0.79837	0.79837	0.00158797	0.0625	0.178994	0.715976	0.715976	0.0961166	0.123861	0.495445	0	0.0460249	0.372781	0.12426	0	0.0889675	0	0	0	0.5625	0.0625	0	0.03125	0.000868056	0	
105	0.715976	0.284024	0	0.0625	0.03125	0.702529	0.713072	0.713072	0.000111158	0.03125	0.357988	0.715976	0.715976	0.128155	0.247723	0.495445	0	0.0613665	0.370198	0.123399	0	0.0883509	0	0	0	0.5625	0.03125	0	0.015625	0.000217014	0	
105	0.494627	0.505373	0	0.03125	0.015625	0.618598	0.618598	0.618598	0	0.015625	0.494627	0.494627	0.494627	0	0.305976	0.305976	0.305976	0	0.501469	0.167156	0	0.0826801	0	0	1	0.5625	0.015625	0	0.00520833	5.42535e-05	1	
105	0.494627	0.505373	0	0.0625	0.03125	0.637822	0.657045	0.657045	0.000369543	0.03125	0.247314	0.494627	0.494627	0.061164	0.152988	0.305976	0	0.0234053	0.483385	0.161128	0	0.0796985	0	0	1	0.5625	0.03125	0	0.0104167	0.000217014	0	
105	0.494627	0.505373	0	0.0625	0.03125	0.637822	0.657045	0.657045	0.000369543	0.03125	0.247314	0.494627	0.494627	0.061164	0.152988	0.305976	0	0.0234053	0.505977	0	0.168659	0.0834234	0	0	1	0.5625	0.03125	0	0.0104167	0.000217014	0	
105	0.505373	0.494627	0	0.09375	0.046875	0.593181	0.613154	0.613154	0.000307698	0.046875	0.168458	0.505373	0.505373	0.0567559	0.096097	0.288291	0	0.0184693	0.543501	0.181167	0	0.0915568	0	0	1	0.5625	0.046875	0	0.0138889	0.000349633	1	
105	0.505373	0.494627	0	0.09375	0.046875	0.589049	0.599554	0.599554	0.000173881	0.046875	0.168458	0.505373	0.505373	0.0567559	0.096097	0.288291	0	0.0184693	0.503926	0.167975	0	0.0848901	0	0	1	0.5625	0.046875	0	0.0138889	0.000349633	0	
105	0.505373	0.494627	0	0.15625	0.078125	0.600912	0.64001	0.64001	0.000499082	0.078125	0.101075	0.505373	0.505373	0.0408643	0.0576582	0.288291	0	0.0132979	0.558808	0.186269	0	0.0941354	0	0	1	0.5625	0.078125	0	0.0260417	0.000922309	1	
106	0.00151052	0.998489	0	0.15625	0.078125	0.70143	0.765037	0.765037	0.0017295	0.078125	0.000302105	0.00151052	0.00151052	3.65069e-07	0.000205452	0.00102726	0	1.68842e-07	0.586035	0	0.195345	0.000295073	0	0	0	0.5625	0.078125	0	0.0225694	0.000928337	1	
107	0.0436187	0.956381	0	0.03125	0.015625	0.63742	0.63742	0.63742	0	0.015625	0.0436187	0.0436187	0.0436187	0	0.0278035	0.0278035	0.0278035	0	0.64788	0.21596	0	0.00941991	0	0	0	0.75	0.015625	0	0.00130208	1.86496e-05	1	
107	0.0436187	0.956381	0	0.03125	0.015625	0.63742	0.63742	0.63742	0	0.015625	0.0436187	0.0436187	0.0436187	0	0.0278035	0.0278035	0.0278035	0	0.499317	0.166439	0	0.00725986	0	0	0	0.75	0.015625	0	0.00130208	1.86496e-05	1	
107	0.0436187	0.956381	0	0.03125	0.015625	0.63742	0.63742	0.63742	0	0.015625	0.0436187	0.0436187	0.0436187	0	0.0278035	0.0278035	0.0278035	0	0.372413	0.124138	0	0.00541472	0	0	0	0.75	0.015625	0	0.00130208	1.86496e-05	1	
107	0.00151052	0.998489	0	0.15625	0.078125	0.701029	0.765037	0.765037	0.00170701	0.078125	0.000302105	0.00151052	0.00151052	3.65069e-07	0.000205452	0.00102726	0	1.68842e-07	0.586035	0	0.195345	0.000295073	0	0	0	0.75	0.078125	0	0.0182292	0.00064426	0	
108	0.889746	0.110254	0	0.15625	0.078125	0.624781	0.64587	0.64587	0.000545258	0.078125	0.177949	0.889746	0.889746	0.126664	0.106047	0.530233	0	0.0449836	0.553337	0.184446	0	0.16411	0	0	0	0.625	0.078125	0	0.0296875	0.000803223	1	
109	0.00151052	0.998489	0	0.15625	0.078125	0.70143	0.765037	0.765037	0.0017295	0.078125	0.000302105	0.00151052	0.00151052	3.65069e-07	0.000205452	0.00102726	0	1.68842e-07	0.586035	0	0.195345	0.000295073	0	0	0	0.5625	0.078125	0	0.0243056	0.000928337	0	
109	0.0315768	0.968423	0	0.3125	0.15625	0.622404	0.730275	0.730275	0.00171686	0.15625	0.00315768	0.0105256	0.0105256	2.0542e-05	0.00195796	0.00679817	0	7.9242e-06	0.558808	0.186269	0	0.00588179	0	0	1	0.5625	0.15625	0	0.0572917	0.00254991	1	
109	0.998489	0.00151052	0	0.15625	0.078125	0.600639	0.639841	0.639841	0.000613091	0.078125	0.199698	0.998489	0.998489	0.159517	0.120061	0.600307	0	0.057659	0.511873	0.170624	0	0.170367	0	0	1	0.5625	0.078125	0	0.0295139	0.00121769	0	
110	0.00310569	0.996894	0	0.1875	0.09375	0.614866	0.645382	0.645382	0.000394359	0.09375	0.000517616	0.00153874	0.00153874	5.07239e-07	0.000309967	0.000918842	0	1.81433e-07	0.503926	0.167975	0	0.00052168	0	0	1	0.75	0.09375	0	0.0299479	0.000954522	1	
110	0.00151052	0.998489	0	0.15625	0.078125	0.70143	0.765037	0.765037	0.0017295	0.078125	0.000302105	0.00151052	0.00151052	3.65069e-07	0.000205452	0.00102726	0	1.68842e-07	0.586035	0	0.195345	0.000295073	0	0	0	0.75	0.078125	0	0.0195312	0.000778198	0	
111	0.00128176	0.998718	0	0.0625	0.03125	0.675771	0.694497	0.694497	0.000350665	0.03125	0.000640879	0.00128176	0.00128176	4.10725e-07	0.000421086	0.000842172	0	1.77314e-07	0.62758	0.209193	0	0.000268135	0	0	0	0.75	0.03125	0	0.0104167	0.000176324	1	
111	0.00128176	0.998718	0	0.125	0.0625	0.703095	0.765037	0.765037	0.00214181	0.0625	0.000320439	0.00128176	0.00128176	3.08044e-07	0.000233366	0.000933465	0	1.63379e-07	0.593431	0.19781	0	0.000253545	0	0	0	0.75	0.0625	0	0.0169271	0.000466241	1	
111	0.00151052	0.998489	0	0.1875	0.09375	0.705903	0.765037	0.765037	0.0015413	0.09375	0.000251754	0.00128176	0.00128176	2.19159e-07	0.000181507	0.000933465	0	1.16315e-07	0.586035	0	0.195345	0.000295073	0	0	0	0.75	0.09375	0	0.0234375	0.000956217	0	
112	0.0010299	0.99897	0	0.03125	0.015625	0.63742	0.63742	0.63742	0	0.015625	0.0010299	0.0010299	0.0010299	0	0.000656476	0.000656476	0.000656476	0	0.64788	0.21596	0	0.000222416	0	0	0	0.75	0.015625	0	0.00130208	1.86496e-05	1	
112	0.0010299	0.99897	0	0.03125	0.015625	0.63742	0.63742	0.63742	0	0.015625	0.0010299	0.0010299	0.0010299	0	0.000656476	0.000656476	0.000656476	0	0.499317	0.166439	0	0.000171415	0	0	0	0.75	0.015625	0	0.00130208	1.86496e-05	1	
112	0.0010299	0.99897	0	0.03125	0.015625	0.63742	0.63742	0.63742	0	0.015625	0.0010299	0.0010299	0.0010299	0	0.000656476	0.000656476	0.000656476	0	0.372413	0.124138	0	0.000127849	0	0	0	0.75	0.015625	0	0.00130208	1.86496e-05	1	
112	0.00151052	0.998489	0	0.1875	0.09375	0.705903	0.765037	0.765037	0.0015413	0.09375	0.000251754	0.00151052	0.00151052	3.169e-07	0.00017121	0.00102726	0	1.46564e-07	0.586035	0	0.195345	0.000295073	0	0	0	0.75	0.09375	0	0.0234375	0.000956217	0	
113	0.00263727	0.997363	0	0.15625	0.078125	0.696478	0.765037	0.765037	0.00188859	0.078125	0.000527455	0.000879091	0.000879091	1.85472e-07	0.000349717	0.000590595	0	8.15927e-08	0.593431	0.19781	0	0.00052168	0	0	0	0.75	0.078125	0	0.0221354	0.000710381	1	
113	0.00151052	0.998489	0	0.1875	0.09375	0.705903	0.765037	0.765037	0.0015413	0.09375	0.000251754	0.00151052	0.00151052	3.169e-07	0.00017121	0.00102726	0	1.46564e-07	0.586035	0	0.195345	0.000295073	0	0	0	0.75	0.09375	0	0.0234375	0.000956217	1	
114	0.111695	0.888305	0	0.15625	0.078125	0.696478	0.765037	0.765037	0.00188859	0.078125	0.0223391	0.0372318	0.0372318	0.000332689	0.0148114	0.0250132	0	0.000146356	0.593431	0.19781	0	0.0220945	0	0	0	0.75	0.078125	0	0.0221354	0.000710381	1	
114	0.00151052	0.998489	0	0.15625	0.078125	0.701029	0.765037	0.765037	0.00170701	0.078125	0.000302105	0.00151052	0.00151052	3.65069e-07	0.000205452	0.00102726	0	1.68842e-07	0.586035	0	0.195345	0.000295073	0	0	0	0.75	0.078125	0	0.0182292	0.00064426	1	
115	0.339948	0.660052	0	0.15625	0.078125	0.688034	0.734471	0.734471	0.00157295	0.078125	0.0679895	0.339948	0.339948	0.0184903	0.0466172	0.233086	0	0.00869267	0.433822	0	0.144607	0.0491589	0	0	0	0.625	0.078125	0	0.028125	0.00125977	0	
115	0.660052	0.339948	0	0.1875	0.09375	0.634311	0.708196	0.708196	0.00214718	0.09375	0.110009	0.660052	0.660052	0.0605096	0.0779077	0.467446	0	0.0303481	0.421077	0	0.140359	0.0926443	1	0	1	0.625	0.09375	0	0.028125	0.00160156	1	
115	0.660052	0.339948	0	0.21875	0.109375	0.643661	0.708196	0.708196	0.00236498	0.109375	0.0942932	0.660052	0.660052	0.0533473	0.0667781	0.467446	0	0.0267559	0.313635	0	0.104545	0.0690053	0	0	1	0.625	0.109375	0	0.0328125	0.00202393	0	
116	0.803591	0.196409	0	0.28125	0.140625	0.678624	0.765037	0.765037	0.00167782	0.140625	0.0892879	0.744848	0.744848	0.0540554	0.0595551	0.498469	0	0.0242176	0.497968	0	0.165989	0.133388	0	0	1	0.9375	0.140625	0	0.0395833	0.00217665	0	
116	0.255152	0.744848	0	0.21875	0.109375	0.615607	0.64587	0.64587	0.000696097	0.109375	0.0364503	0.196409	0.196409	0.00467526	0.0213496	0.11444	0	0.00159021	0.553337	0.184446	0	0.0470617	0	0	0	0.9375	0.109375	0	0.0489583	0.00103733	1	
116	0.744848	0.255152	0	0.125	0.0625	0.642282	0.68571	0.68571	0.00129112	0.0625	0.186212	0.744848	0.744848	0.104025	0.124617	0.498469	0	0.0465884	0.600397	0	0.200132	0.149068	0	0	1	0.9375	0.0625	0	0.0208333	0.000379774	0	
117	0.829635	0.170365	0	0.40625	0.203125	0.613164	0.652807	0.652807	0.00055994	0.203125	0.063818	0.829635	0.829635	0.0488729	0.0383684	0.498789	0	0.0176656	0.600397	0	0.200132	0.166037	0	0	1	0.625	0.203125	0	0.0765625	0.00505127	1	
118	0.704145	0.295855	0	0.15625	0.078125	0.739223	0.84566	0.84566	0.00368526	0.078125	0.140829	0.546086	0.546086	0.0448057	0.103338	0.401084	0	0.0241679	0.277888	0	0.0926294	0.0652246	0	0	0	0.8125	0.078125	0	0.0240385	0.000774316	0	
118	0.295855	0.704145	0	0.03125	0.015625	0.63742	0.63742	0.63742	0	0.015625	0.295855	0.295855	0.295855	0	0.188584	0.188584	0.188584	0	0.64788	0.21596	0	0.0638928	0	0	0	0.8125	0.015625	0	0.00240385	3.17816e-05	0	
118	0.704145	0.295855	0	0.21875	0.109375	0.712201	0.84566	0.84566	0.0056118	0.109375	0.100592	0.546086	0.546086	0.0360516	0.0738128	0.401084	0	0.0194421	0.280402	0	0.0934673	0.0658146	0	0	1	0.8125	0.109375	0	0.0360577	0.00162953	0	
118	0.295855	0.704145	0	0.03125	0.015625	0.63742	0.63742	0.63742	0	0.015625	0.295855	0.295855	0.295855	0	0.188584	0.188584	0.188584	0	0.499317	0.166439	0	0.0492417	0	0	0	0.8125	0.015625	0	0.00240385	3.17816e-05	0	
118	0.295855	0.704145	0	0.03125	0.015625	0.63742	0.63742	0.63742	0	0.015625	0.295855	0.295855	0.295855	0	0.188584	0.188584	0.188584	0	0.372413	0.124138	0	0.0367267	0	0	0	0.8125	0.015625	0	0.00240385	3.17816e-05	0	
118	0.704145	0.295855	0	0.15625	0.078125	0.749627	0.84566	0.84566	0.00239019	0.078125	0.140829	0.546086	0.546086	0.0448057	0.103338	0.401084	0	0.0241679	0.48283	0	0.160943	0.113327	0	0	1	0.8125	0.078125	0	0.0240385	0.000774316	0	
118	0.546086	0.453914	0	0.03125	0.015625	0.613553	0.613553	0.613553	0	0.015625	0.546086	0.546086	0.546086	0	0.335053	0.335053	0.335053	0	0.301385	0.100462	0	0.0548607	0	0	0	0.8125	0.015625	0	0.00480769	5.20063e-05	1	
119	0.878935	0.121065	0	0.15625	0.078125	0.598391	0.618831	0.618831	0.00025351	0.078125	0.175787	0.878935	0.878935	0.123604	0.105394	0.526969	0	0.0444314	0.503926	0.167975	0	0.147639	0	0	1	0.5625	0.078125	0	0.0277778	0.000855999	1	
120	0.271377	0.728623	0	0.03125	0.015625	0.63742	0.63742	0.63742	0	0.015625	0.271377	0.271377	0.271377	0	0.172981	0.172981	0.172981	0	0.64788	0.21596	0	0.0586066	0	0	0	0.6875	0.015625	0	0.00284091	3.63184e-05	1	
120	0.0619566	0.938043	0	0.0625	0.03125	0.724316	0.84566	0.84566	0.0147243	0.03125	0.0309783	0.0619566	0.0619566	0.000959656	0.0186791	0.0373581	0	0.000348907	0.372781	0.12426	0	0.00769876	0	0	0	0.6875	0.03125	0	0.00568182	0.000145274	0	
120	0.271377	0.728623	0	0.03125	0.015625	0.63742	0.63742	0.63742	0	0.015625	0.271377	0.271377	0.271377	0	0.172981	0.172981	0.172981	0	0.499317	0.166439	0	0.0451677	0	0	0	0.6875	0.015625	0	0.00284091	3.63184e-05	1	
120	0.0619566	0.938043	0	0.0625	0.03125	0.724316	0.84566	0.84566	0.0147243	0.03125	0.0309783	0.0619566	0.0619566	0.000959656	0.0186791	0.0373581	0	0.000348907	0.370198	0.123399	0	0.0076454	0	0	0	0.6875	0.03125	0	0.00568182	0.000145274	0	
120	0.271377	0.728623	0	0.03125	0.015625	0.63742	0.63742	0.63742	0	0.015625	0.271377	0.271377	0.271377	0	0.172981	0.172981	0.172981	0	0.372413	0.124138	0	0.033688	0	0	0	0.6875	0.015625	0	0.00284091	3.63184e-05	1	
120	0.0619566	0.938043	0	0.03125	0.015625	0.602972	0.602972	0.602972	0	0.015625	0.0619566	0.0619566	0.0619566	0	0.0373581	0.0373581	0.0373581	0	0.547323	0.182441	0	0.0113034	0	0	0	0.6875	0.015625	0	0.00284091	3.63184e-05	0	
121	0.139351	0.860649	0	0.0625	0.03125	0.675771	0.694497	0.694497	0.000350665	0.03125	0.0696755	0.139351	0.139351	0.00485467	0.0457799	0.0915599	0	0.0020958	0.62758	0.209193	0	0.0291513	0	0	0	1	0.03125	0	0.00976562	0.000179291	0	
121	0.143839	0.856161	0	0.15625	0.078125	0.673587	0.765037	0.765037	0.00263901	0.078125	0.0287679	0.134863	0.134863	0.00281806	0.0176182	0.0821704	0	0.0010435	0.593431	0.19781	0	0.0284529	0	0	0	1	0.078125	0	0.0185547	0.000739098	0	
121	0.581947	0.418053	0	0.15625	0.078125	0.609812	0.68571	0.68571	0.00166901	0.078125	0.116389	0.581947	0.581947	0.054186	0.0699751	0.349876	0	0.0195861	0.600397	0	0.200132	0.116466	0	0	1	1	0.078125	0	0.0214844	0.000881195	1	
122	0.264924	0.735076	0	0.25	0.125	0.763912	0.84566	0.84566	0.00247408	0.125	0.0331155	0.264924	0.264924	0.00767648	0.0268714	0.214971	0	0.00505452	0.372781	0.12426	0	0.0329196	0	0	0	0.875	0.125	0	0.0435268	0.00262202	0	
122	0.264924	0.735076	0	0.1875	0.09375	0.747945	0.84566	0.84566	0.0036337	0.09375	0.0441541	0.264924	0.264924	0.00974791	0.0358286	0.214971	0	0.00641843	0.370198	0.123399	0	0.0326915	0	0	0	0.875	0.09375	0	0.0301339	0.00134153	0	
122	0.0501866	0.949813	0	0.125	0.0625	0.607398	0.639841	0.639841	0.00035103	0.0625	0.0125466	0.0501866	0.0501866	0.000472255	0.00747702	0.0299081	0	0.000167717	0.553337	0.184446	0	0.0092567	0	0	0	0.875	0.0625	0	0.0167411	0.000504474	0	
122	0.949813	0.0501866	0	0.21875	0.109375	0.61458	0.68571	0.68571	0.00129983	0.109375	0.135688	0.949813	0.949813	0.110467	0.0815775	0.571042	0	0.0399293	0.600397	0	0.200132	0.190088	0	0	1	0.875	0.109375	0	0.0279018	0.00168034	1	
123	0.88775	0.11225	0	0.25	0.125	0.61251	0.645584	0.645584	0.000530406	0.125	0.110969	0.88775	0.88775	0.0861985	0.0661305	0.529044	0	0.0306127	0.543501	0.181167	0	0.160831	0	0	1	0.6875	0.125	0	0.0511364	0.00182399	1	
124	0.890825	0.109175	0	0.28125	0.140625	0.618581	0.730275	0.730275	0.00191972	0.140625	0.0989806	0.890825	0.890825	0.0783772	0.0589863	0.530876	0	0.027835	0.558808	0.186269	0	0.165933	0	0	1	0.6875	0.140625	0	0.0582386	0.00209033	1	
125	0.880815	0.119185	0	0.21875	0.109375	0.615417	0.691572	0.691572	0.00142318	0.109375	0.125831	0.761629	0.761629	0.0690644	0.0747954	0.456638	0	0.0248339	0.511873	0.170624	0	0.150288	0	0	1	0.75	0.109375	0	0.0351562	0.00187683	1	
126	0.989512	0.0104877	0	0.125	0.0625	0.660491	0.694497	0.694497	0.000762943	0.0625	0.247378	0.989512	0.989512	0.183588	0.153028	0.612111	0	0.0702524	0.505977	0	0.168659	0.16689	0	0	1	0.75	0.0625	0	0.0169271	0.000629001	0	
126	0.0104877	0.989512	0	0.09375	0.046875	0.694703	0.765037	0.765037	0.00257407	0.046875	0.00349589	0.0104877	0.0104877	2.44425e-05	0.00226271	0.00678813	0	1.02397e-05	0.593431	0.19781	0	0.00207457	0	0	0	0.75	0.046875	0	0.0117188	0.000249227	0	
126	0.021131	0.978869	0	0.15625	0.078125	0.620056	0.645382	0.645382	0.000400285	0.078125	0.00422619	0.0105655	0.0105655	2.67911e-05	0.00252774	0.00633458	0	9.58432e-06	0.503926	0.167975	0	0.00354948	0	0	1	0.75	0.078125	0	0.0286458	0.00064426	1	
126	0.0105655	0.989435	0	0.125	0.0625	0.694218	0.765037	0.765037	0.00190186	0.0625	0.00264137	0.0105655	0.0105655	2.09305e-05	0.00179632	0.00718526	0	9.68025e-06	0.586035	0	0.195345	0.00206392	0	0	0	0.75	0.0625	0	0.0143229	0.000506931	0	
127	0.00979284	0.990207	0	0.0625	0.03125	0.675771	0.694497	0.694497	0.000350665	0.03125	0.00489642	0.00979284	0.00979284	2.39749e-05	0.00321717	0.00643434	0	1.03502e-05	0.62758	0.209193	0	0.0020486	0	0	0	0.75	0.03125	0	0.0104167	0.000176324	1	
127	0.0180752	0.981925	0	0.125	0.0625	0.703095	0.765037	0.765037	0.00214181	0.0625	0.00451879	0.00828232	0.00828232	1.44494e-05	0.00300626	0.00556427	0	6.18951e-06	0.593431	0.19781	0	0.00357546	0	0	0	0.75	0.0625	0	0.0169271	0.000466241	1	
127	0.00151052	0.998489	0	0.15625	0.078125	0.701029	0.765037	0.765037	0.00170701	0.078125	0.000302105	0.00151052	0.00151052	3.65069e-07	0.000220014	0.00110007	0	1.93624e-07	0.586035	0	0.195345	0.000295073	0	0	0	0.75	0.078125	0	0.0182292	0.00064426	0	
128	0.788151	0.211849	0	0.15625	0.078125	0.749627	0.84566	0.84566	0.00239019	0.078125	0.15763	0.788151	0.788151	0.0993892	0.111633	0.558165	0	0.0498478	0.48283	0	0.160943	0.126848	0	0	1	0.625	0.078125	0	0.01875	0.000966797	0	
128	0.766649	0.233351	0	0.0625	0.03125	0.637822	0.657045	0.657045	0.000369543	0.03125	0.383324	0.766649	0.766649	0.146938	0.237124	0.474248	0	0.0562277	0.483385	0.161128	0	0.123529	0	0	1	0.625	0.03125	0	0.0125	0.000234375	1	
129	0.011103	0.988897	0	0.03125	0.015625	0.63742	0.63742	0.63742	0	0.015625	0.011103	0.011103	0.011103	0	0.00707724	0.00707724	0.00707724	0	0.64788	0.21596	0	0.0023978	0	0	0	0.75	0.015625	0	0.00130208	1.86496e-05	1	
129	0.011103	0.988897	0	0.03125	0.015625	0.63742	0.63742	0.63742	0	0.015625	0.011103	0.011103	0.011103	0	0.00707724	0.00707724	0.00707724	0	0.499317	0.166439	0	0.00184796	0	0	0	0.75	0.015625	0	0.00130208	1.86496e-05	1	
129	0.011103	0.988897	0	0.03125	0.015625	0.63742	0.63742	0.63742	0	0.015625	0.011103	0.011103	0.011103	0	0.00707724	0.00707724	0.00707724	0	0.372413	0.124138	0	0.00137829	0	0	0	0.75	0.015625	0	0.00130208	1.86496e-05	1	
129	0.00151052	0.998489	0	0.15625	0.078125	0.701029	0.765037	0.765037	0.00170701	0.078125	0.000302105	0.00151052	0.00151052	3.65069e-07	0.000205452	0.00102726	0	1.68842e-07	0.586035	0	0.195345	0.000295073	0	0	0	0.75	0.078125	0	0.0182292	0.00064426	0	
130	0.0284315	0.971568	0	0.15625	0.078125	0.696478	0.765037	0.765037	0.00188859	0.078125	0.00568631	0.00947718	0.00947718	2.15561e-05	0.00377018	0.00636701	0	9.48291e-06	0.593431	0.19781	0	0.00562405	0	0	0	0.75	0.078125	0	0.0221354	0.000710381	1	
130	0.00151052	0.998489	0	0.15625	0.078125	0.701029	0.765037	0.765037	0.00170701	0.078125	0.000302105	0.00151052	0.00151052	3.65069e-07	0.000205452	0.00102726	0	1.68842e-07	0.586035	0	0.195345	0.000295073	0	0	0	0.75	0.078125	0	0.0182292	0.00064426	0	
131	0.788151	0.211849	0	0.15625	0.078125	0.749627	0.84566	0.84566	0.00239019	0.078125	0.15763	0.788151	0.788151	0.0993892	0.111633	0.558165	0	0.0498478	0.48283	0	0.160943	0.126848	0	0	1	0.5625	0.078125	0	0.0173611	0.00105493	1	
132	0.788151	0.211849	0	0.15625	0.078125	0.749627	0.84566	0.84566	0.00239019	0.078125	0.15763	0.788151	0.788151	0.0993892	0.111633	0.558165	0	0.0498478	0.48283	0	0.160943	0.126848	0	0	1	0.6875	0.078125	0	0.0255682	0.00121061	1	
