QID	cand_solfracs	cand_slack	dual_coil	coil_cons_degree	coil_obj_count	coil_obj_mean	coil_obj_max	coil_obj_min	coil_obj_variance	coil_y_count	coil_y_mean	coil_y_max	coil_y_min	coil_y_variance	coil_product_mean	coil_product_max	coil_product_min	coil_product_variance	coil_weight	coil_weight_C512	coil_weight_C008	coil_weight_RH	coil_num_SR	coil_constraint_bc	coil_in_up	coil_cons_bind_count	coil_cons_bind_max	coil_cons_bind_min	coil_cons_bind_mean	coil_cons_bind_variance	coil_label	
0	0.944694	0.0553057	0	0.15625	0.078125	0.587116	0.591727	0.591727	1.56772e-05	0.078125	0.188939	0.630044	0.630044	0.0535937	0.11019	0.366917	0	0.0181706	0.465529	0.155176	0	0.146594	0	0	1	0.75	0.078125	0	0.0286458	0.000847711	0	
0	0.369956	0.630044	0	0.125	0.0625	0.632605	0.669514	0.669514	0.00153008	0.0625	0.0924889	0.369956	0.369956	0.0256626	0.0568987	0.227595	0	0.00971237	0.379033	0.126344	0	0.0467418	0	0	1	0.75	0.0625	0	0.015625	0.000732422	0	
0	0.472719	0.527281	0	0.15625	0.078125	0.636854	0.691091	0.691091	0.00240974	0.078125	0.0945439	0.472719	0.472719	0.0357542	0.0537605	0.268803	0	0.0115608	0.569185	0	0.189728	0.0896883	0	0	0	0.75	0.078125	0	0.0182292	0.000847711	0	
0	0.369956	0.630044	0	0.15625	0.078125	0.640764	0.673398	0.673398	0.00149032	0.078125	0.0739911	0.369956	0.369956	0.0218988	0.0455189	0.227595	0	0.00828789	0.341063	0	0.113688	0.0420595	0	0	1	0.75	0.078125	0	0.0182292	0.00101047	0	
0	0.369956	0.630044	0	0.0625	0.03125	0.644296	0.673398	0.673398	0.000846929	0.03125	0.184978	0.369956	0.369956	0.0342168	0.113797	0.227595	0	0.0129498	0.468651	0	0.156217	0.0577934	0	0	1	0.75	0.03125	0	0.00651042	0.00014072	1	
0	0.369956	0.630044	0	0.0625	0.03125	0.644296	0.673398	0.673398	0.000846929	0.03125	0.184978	0.369956	0.369956	0.0342168	0.113797	0.227595	0	0.0129498	0.53248	0	0.177493	0.0656647	0	0	1	0.75	0.03125	0	0.00651042	0.00014072	0	
1	0.199353	0.800647	0	0.125	0.0625	0.585963	0.591727	0.591727	1.29531e-05	0.0625	0.0498383	0.199353	0.199353	0.00745158	0.0290242	0.116097	0	0.00252721	0.465529	0.155176	0	0.0309349	0	0	1	0.6875	0.0625	0	0.0213068	0.000633555	1	
1	0.772462	0.227538	0	0.28125	0.140625	0.606219	0.736011	0.736011	0.00337755	0.140625	0.0858291	0.772462	0.772462	0.0589331	0.0491684	0.442516	0	0.0193403	0.547059	0	0.182353	0.140861	0	0	1	0.6875	0.140625	0	0.0454545	0.0028167	0	
1	0.227538	0.772462	0	0.15625	0.078125	0.576182	0.583107	0.583107	2.05066e-05	0.078125	0.0455075	0.227538	0.227538	0.00828375	0.0261465	0.130732	0	0.00273455	0.475394	0.158465	0	0.0360567	0	0	0	0.6875	0.078125	0	0.03125	0.00106534	0	
2	0.466156	0.533844	0	0.125	0.0625	0.585963	0.591727	0.591727	1.29531e-05	0.0625	0.116539	0.155385	0.155385	0.00452711	0.0680637	0.0910817	0	0.00154427	0.465529	0.155176	0	0.0723364	0	0	1	0.75	0.0625	0	0.0221354	0.000588311	0	
2	0.629835	0.370165	0	0.125	0.0625	0.624474	0.669514	0.669514	0.00201153	0.0625	0.157459	0.629835	0.629835	0.0743797	0.0917466	0.366987	0	0.0252523	0.379033	0.126344	0	0.0795761	0	0	1	0.75	0.0625	0	0.015625	0.000732422	0	
2	0.21478	0.78522	0	0.125	0.0625	0.627089	0.669514	0.669514	0.00199869	0.0625	0.053695	0.21478	0.21478	0.00864946	0.0325304	0.130121	0	0.00317467	0.578595	0.192865	0	0.0414236	0	0	0	0.75	0.0625	0	0.015625	0.000732422	0	
2	0.629835	0.370165	0	0.125	0.0625	0.624474	0.669514	0.669514	0.00201153	0.0625	0.157459	0.629835	0.629835	0.0743797	0.0917466	0.366987	0	0.0252523	0.341063	0	0.113688	0.0716045	0	0	1	0.75	0.0625	0	0.015625	0.000732422	0	
2	0.21478	0.78522	0	0.125	0.0625	0.627929	0.744488	0.744488	0.00477389	0.0625	0.053695	0.21478	0.21478	0.00864946	0.0325304	0.130121	0	0.00317467	0.471591	0	0.157197	0.0337628	0	0	0	0.75	0.0625	0	0.0130208	0.00056288	0	
2	0.21478	0.78522	0	0.09375	0.046875	0.649248	0.744488	0.744488	0.00454716	0.046875	0.0715934	0.21478	0.21478	0.0102512	0.0433738	0.130121	0	0.00376258	0.531432	0	0.177144	0.038047	0	0	0	0.75	0.046875	0	0.00911458	0.00030348	1	
2	0.629835	0.370165	0	0.03125	0.015625	0.582671	0.582671	0.582671	0	0.015625	0.629835	0.629835	0.629835	0	0.366987	0.366987	0.366987	0	0.53248	0	0.177493	0.111792	0	0	1	0.75	0.015625	0	0.00390625	4.57764e-05	0	
3	0.00303483	0.996965	0	0.125	0.0625	0.585963	0.591727	0.591727	1.29531e-05	0.0625	0.000758707	0.00303483	0.00303483	1.72691e-06	0.000441846	0.00176738	0	5.85682e-07	0.465529	0.155176	0	0.000470933	0	0	1	0.5625	0.0625	0	0.0260417	0.000651042	0	
3	0.474884	0.525116	0	0.28125	0.140625	0.611434	0.736011	0.736011	0.00230669	0.140625	0.0527649	0.474884	0.474884	0.022273	0.0309608	0.278647	0	0.00766858	0.452101	0	0.1507	0.0715651	0	0	0	0.5625	0.140625	0	0.0503472	0.00291763	1	
4	0.768242	0.231758	0	0.125	0.0625	0.585963	0.591727	0.591727	1.29531e-05	0.0625	0.192061	0.413325	0.413325	0.021568	0.112073	0.240707	0	0.00731108	0.465529	0.155176	0	0.119213	0	0	1	0.75	0.0625	0	0.0221354	0.000588311	0	
4	1	1.11022e-16	-0.00785365	0.125	0.0625	0.586114	0.591727	0.591727	1.30826e-05	0.0625	0.25	0.413325	0.413325	0.0299468	0.146097	0.240707	0	0.010236	0.582454	0.194151	0	0.194151	0	0	1	0.75	0.0625	0	0.0234375	0.000671387	0	
4	1	1.11022e-16	-0.0118848	0.15625	0.078125	0.58395	0.58677	0.58677	4.50118e-06	0.078125	0.2	0.413325	0.413325	0.0339575	0.116969	0.240707	0	0.0116015	0.673774	0.224591	0	0.224591	0	0	1	0.75	0.078125	0	0.0325521	0.00107659	0	
4	0.235867	0.764133	0	0.09375	0.046875	0.633394	0.691091	0.691091	0.00169295	0.046875	0.0786224	0.235867	0.235867	0.012363	0.0480449	0.144135	0	0.00461662	0.50401	0	0.168003	0.0396265	0	0	0	0.75	0.046875	0	0.0104167	0.000298394	1	
4	0.586675	0.413325	0	0.125	0.0625	0.624474	0.669514	0.669514	0.00201153	0.0625	0.146669	0.586675	0.586675	0.0645351	0.0854596	0.341838	0	0.02191	0.379033	0.126344	0	0.074123	0	0	1	0.75	0.0625	0	0.015625	0.000732422	0	
4	0.235867	0.764133	0	0.15625	0.078125	0.620853	0.691091	0.691091	0.00169819	0.078125	0.0471734	0.235867	0.235867	0.00890133	0.0288269	0.144135	0	0.00332396	0.569185	0	0.189728	0.0447507	0	0	0	0.75	0.078125	0	0.0195312	0.000859578	0	
4	0.586675	0.413325	0	0.125	0.0625	0.624474	0.669514	0.669514	0.00201153	0.0625	0.146669	0.586675	0.586675	0.0645351	0.0854596	0.341838	0	0.02191	0.341063	0	0.113688	0.0666978	0	0	1	0.75	0.0625	0	0.015625	0.000732422	0	
4	0.586675	0.413325	0	0.03125	0.015625	0.582671	0.582671	0.582671	0	0.015625	0.586675	0.586675	0.586675	0	0.341838	0.341838	0.341838	0	0.53248	0	0.177493	0.104131	0	0	1	0.75	0.015625	0	0.00390625	4.57764e-05	0	
5	0.671759	0.328241	0	0.125	0.0625	0.585963	0.591727	0.591727	1.29531e-05	0.0625	0.16794	0.671759	0.671759	0.0846112	0.0978024	0.39121	0	0.028696	0.465529	0.155176	0	0.104241	0	0	1	0.5	0.0625	0	0.0292969	0.000637054	1	
5	0.437761	0.562239	0	0.25	0.125	0.611973	0.736011	0.736011	0.00350175	0.125	0.0547202	0.437761	0.437761	0.0209601	0.0313472	0.250778	0	0.00687853	0.547059	0	0.182353	0.0798271	0	0	1	0.5	0.125	0	0.0488281	0.00252914	0	
5	0.562239	0.437761	0	0.15625	0.078125	0.576182	0.583107	0.583107	2.05066e-05	0.078125	0.112448	0.562239	0.562239	0.050578	0.0646071	0.323035	0	0.0166963	0.475394	0.158465	0	0.089095	0	0	0	0.5	0.078125	0	0.0390625	0.00115967	0	
6	0.532307	0.467693	0	0.125	0.0625	0.585963	0.591727	0.591727	1.29531e-05	0.0625	0.133077	0.285207	0.285207	0.0102586	0.0776547	0.166095	0	0.00347754	0.465529	0.155176	0	0.0826015	0	0	1	0.75	0.0625	0	0.0221354	0.000588311	1	
6	0.87645	0.12355	0	0.125	0.0625	0.624474	0.669514	0.669514	0.00201153	0.0625	0.219113	0.87645	0.87645	0.144031	0.127671	0.510682	0	0.0488993	0.379033	0.126344	0	0.110735	0	0	1	0.75	0.0625	0	0.015625	0.000732422	0	
6	0.87645	0.12355	0	0.125	0.0625	0.624474	0.669514	0.669514	0.00201153	0.0625	0.219113	0.87645	0.87645	0.144031	0.127671	0.510682	0	0.0488993	0.341063	0	0.113688	0.0996417	0	0	1	0.75	0.0625	0	0.015625	0.000732422	0	
6	0.87645	0.12355	0	0.03125	0.015625	0.582671	0.582671	0.582671	0	0.015625	0.87645	0.87645	0.87645	0	0.510682	0.510682	0.510682	0	0.53248	0	0.177493	0.155564	0	0	1	0.75	0.015625	0	0.00390625	4.57764e-05	0	
7	0.776552	0.223448	0	0.125	0.0625	0.586114	0.591727	0.591727	1.30826e-05	0.0625	0.194138	0.776552	0.776552	0.113069	0.11306	0.452238	0	0.0383474	0.582454	0.194151	0	0.150769	0	0	1	0.6875	0.0625	0	0.0241477	0.000593201	1	
7	0.645398	0.354602	0	0.125	0.0625	0.624474	0.669514	0.669514	0.00201153	0.0625	0.161349	0.645398	0.645398	0.0781009	0.0940137	0.376055	0	0.0265157	0.379033	0.126344	0	0.0815424	0	0	1	0.6875	0.0625	0	0.0170455	0.000774793	0	
7	0.354602	0.645398	0	0.0625	0.03125	0.602041	0.63545	0.63545	0.00111622	0.03125	0.177301	0.354602	0.354602	0.0314357	0.100819	0.201638	0	0.0101645	0.569185	0	0.189728	0.0672782	0	0	0	0.6875	0.03125	0	0.00994318	0.000189663	0	
7	0.645398	0.354602	0	0.125	0.0625	0.624474	0.669514	0.669514	0.00201153	0.0625	0.161349	0.645398	0.645398	0.0781009	0.0940137	0.376055	0	0.0265157	0.341063	0	0.113688	0.0733738	0	0	1	0.6875	0.0625	0	0.0170455	0.000774793	1	
7	0.645398	0.354602	0	0.03125	0.015625	0.582671	0.582671	0.582671	0	0.015625	0.645398	0.645398	0.645398	0	0.376055	0.376055	0.376055	0	0.53248	0	0.177493	0.114554	0	0	1	0.6875	0.015625	0	0.00426136	4.84246e-05	1	
8	0.801487	0.198513	0	0.15625	0.078125	0.627828	0.669514	0.669514	0.00165422	0.078125	0.160297	0.658077	0.658077	0.0650311	0.0950807	0.383443	0	0.0220567	0.379033	0.126344	0	0.101263	0	0	1	0.875	0.078125	0	0.0167411	0.00102763	0	
8	0.198513	0.801487	0	0.03125	0.015625	0.603815	0.603815	0.603815	0	0.015625	0.198513	0.198513	0.198513	0	0.119865	0.119865	0.119865	0	0.354265	0.118088	0	0.0234421	0	0	0	0.875	0.015625	0	0.00223214	2.98948e-05	1	
8	0.801487	0.198513	0	0.15625	0.078125	0.627828	0.669514	0.669514	0.00165422	0.078125	0.160297	0.658077	0.658077	0.0650311	0.0950807	0.383443	0	0.0220567	0.341063	0	0.113688	0.0911193	0	0	1	0.875	0.078125	0	0.0167411	0.00102763	0	
8	0.198513	0.801487	0	0.03125	0.015625	0.603815	0.603815	0.603815	0	0.015625	0.198513	0.198513	0.198513	0	0.119865	0.119865	0.119865	0	0.318994	0.106331	0	0.0211081	0	0	0	0.875	0.015625	0	0.00223214	2.98948e-05	1	
8	0.14341	0.85659	0	0.03125	0.015625	0.641244	0.641244	0.641244	0	0.015625	0.14341	0.14341	0.14341	0	0.0919606	0.0919606	0.0919606	0	0.456619	0	0.152206	0.0218279	0	0	0	0.875	0.015625	0	0.00334821	4.11053e-05	0	
8	0.198513	0.801487	0	0.03125	0.015625	0.603815	0.603815	0.603815	0	0.015625	0.198513	0.198513	0.198513	0	0.119865	0.119865	0.119865	0	0.413888	0.137963	0	0.0273874	0	0	0	0.875	0.015625	0	0.00223214	2.98948e-05	1	
8	0.198513	0.801487	0	0.03125	0.015625	0.603815	0.603815	0.603815	0	0.015625	0.198513	0.198513	0.198513	0	0.119865	0.119865	0.119865	0	0.304287	0.101429	0	0.020135	0	0	0	0.875	0.015625	0	0.00223214	2.98948e-05	1	
8	0.801487	0.198513	0	0.0625	0.03125	0.611958	0.641244	0.641244	0.000857682	0.03125	0.400743	0.658077	0.658077	0.0662207	0.237702	0.383443	0.0919606	0.0212405	0.53248	0	0.177493	0.142259	0	0	1	0.875	0.03125	0	0.00669643	0.000164421	0	
9	0.93396	0.0660397	0	0.125	0.0625	0.595989	0.612214	0.612214	0.000247086	0.0625	0.23349	0.478104	0.478104	0.0545795	0.138161	0.279082	0	0.0190923	0.588146	0.196049	0	0.183102	0	0	1	0.6875	0.0625	0	0.0269886	0.000536706	0	
9	0.93396	0.0660397	0	0.15625	0.078125	0.58395	0.58677	0.58677	4.50118e-06	0.078125	0.186792	0.93396	0.93396	0.139565	0.108781	0.543907	0	0.0473336	0.673774	0.224591	0	0.209759	0	0	1	0.6875	0.078125	0	0.0355114	0.000803041	0	
9	0.521896	0.478104	0	0.125	0.0625	0.624474	0.669514	0.669514	0.00201153	0.0625	0.130474	0.521896	0.521896	0.0510704	0.0760234	0.304094	0	0.0173387	0.379033	0.126344	0	0.0659386	0	0	1	0.6875	0.0625	0	0.0170455	0.000774793	0	
9	0.544144	0.455856	0	0.0625	0.03125	0.602041	0.63545	0.63545	0.00111622	0.03125	0.272072	0.544144	0.544144	0.0740231	0.154708	0.309417	0	0.0239347	0.569185	0	0.189728	0.10324	0	0	0	0.6875	0.03125	0	0.00994318	0.000189663	1	
9	0.521896	0.478104	0	0.125	0.0625	0.624474	0.669514	0.669514	0.00201153	0.0625	0.130474	0.521896	0.521896	0.0510704	0.0760234	0.304094	0	0.0173387	0.341063	0	0.113688	0.0593332	0	0	1	0.6875	0.0625	0	0.0170455	0.000774793	1	
9	0.521896	0.478104	0	0.03125	0.015625	0.582671	0.582671	0.582671	0	0.015625	0.521896	0.521896	0.521896	0	0.304094	0.304094	0.304094	0	0.53248	0	0.177493	0.0926331	0	0	1	0.6875	0.015625	0	0.00426136	4.84246e-05	1	
10	0.685994	0.314006	0	0.125	0.0625	0.624474	0.669514	0.669514	0.00201153	0.0625	0.171498	0.685994	0.685994	0.0882351	0.0999272	0.399709	0	0.0299563	0.379033	0.126344	0	0.0866715	0	0	1	0.875	0.0625	0	0.0133929	0.000657685	0	
10	0.314006	0.685994	0	0.03125	0.015625	0.603815	0.603815	0.603815	0	0.015625	0.314006	0.314006	0.314006	0	0.189602	0.189602	0.189602	0	0.354265	0.118088	0	0.0370805	0	0	0	0.875	0.015625	0	0.00223214	2.98948e-05	1	
10	0.292298	0.707702	0	0.09375	0.046875	0.604936	0.63545	0.63545	0.000760918	0.046875	0.0974328	0.292298	0.292298	0.0189863	0.0595049	0.178515	0	0.00708167	0.569185	0	0.189728	0.0554573	0	0	0	0.875	0.046875	0	0.0122768	0.000355	0	
10	0.685994	0.314006	0	0.125	0.0625	0.624474	0.669514	0.669514	0.00201153	0.0625	0.171498	0.685994	0.685994	0.0882351	0.0999272	0.399709	0	0.0299563	0.341063	0	0.113688	0.0779891	0	0	1	0.875	0.0625	0	0.0133929	0.000657685	0	
10	0.314006	0.685994	0	0.03125	0.015625	0.603815	0.603815	0.603815	0	0.015625	0.314006	0.314006	0.314006	0	0.189602	0.189602	0.189602	0	0.318994	0.106331	0	0.0333887	0	0	0	0.875	0.015625	0	0.00223214	2.98948e-05	1	
10	0.314006	0.685994	0	0.03125	0.015625	0.603815	0.603815	0.603815	0	0.015625	0.314006	0.314006	0.314006	0	0.189602	0.189602	0.189602	0	0.413888	0.137963	0	0.0433211	0	0	0	0.875	0.015625	0	0.00223214	2.98948e-05	1	
10	0.314006	0.685994	0	0.03125	0.015625	0.603815	0.603815	0.603815	0	0.015625	0.314006	0.314006	0.314006	0	0.189602	0.189602	0.189602	0	0.304287	0.101429	0	0.0318494	0	0	0	0.875	0.015625	0	0.00223214	2.98948e-05	1	
10	0.685994	0.314006	0	0.03125	0.015625	0.582671	0.582671	0.582671	0	0.015625	0.685994	0.685994	0.685994	0	0.399709	0.399709	0.399709	0	0.53248	0	0.177493	0.121759	0	0	1	0.875	0.015625	0	0.00334821	4.11053e-05	0	
11	0.313275	0.686725	0	0.125	0.0625	0.585963	0.591727	0.591727	1.29531e-05	0.0625	0.0783187	0.313275	0.313275	0.0184014	0.0457063	0.182825	0	0.00626719	0.465529	0.155176	0	0.0486128	0	0	1	0.8125	0.0625	0	0.0288462	0.000632743	0	
11	0.754439	0.245561	0	0.1875	0.09375	0.584775	0.612214	0.612214	0.000271233	0.09375	0.12574	0.441164	0.441164	0.032984	0.0717541	0.252427	0	0.0107577	0.588146	0.196049	0	0.147907	0	0	1	0.8125	0.09375	0	0.0276442	0.0010199	1	
11	0.441164	0.558836	0	0.1875	0.09375	0.637634	0.736011	0.736011	0.0033924	0.09375	0.0735274	0.441164	0.441164	0.0270314	0.0420712	0.252427	0	0.00884992	0.67493	0	0.224977	0.0992518	0	0	1	0.8125	0.09375	0	0.0264423	0.00110369	1	
11	0.245561	0.754439	0	0.15625	0.078125	0.620853	0.691091	0.691091	0.00169819	0.078125	0.0491122	0.245561	0.245561	0.00964803	0.0279267	0.139633	0	0.0031196	0.569185	0	0.189728	0.0465899	0	0	0	0.8125	0.078125	0	0.0168269	0.000843658	0	
12	0.466149	0.533851	0	0.0625	0.03125	0.587047	0.591727	0.591727	2.19036e-05	0.03125	0.233074	0.466149	0.466149	0.0543236	0.135735	0.271469	0	0.0184239	0.465529	0.155176	0	0.0723352	0	0	1	0.5625	0.03125	0	0.00868056	0.000168789	1	
12	0.754225	0.245775	0	0.125	0.0625	0.575229	0.591727	0.591727	0.000161554	0.0625	0.188556	0.466149	0.466149	0.0395172	0.108107	0.271469	0	0.0132137	0.582454	0.194151	0	0.146434	0	0	1	0.5625	0.0625	0	0.0173611	0.000675154	0	
12	0.754225	0.245775	0	0.09375	0.046875	0.574186	0.582367	0.582367	0.000119551	0.046875	0.251408	0.466149	0.466149	0.036888	0.144142	0.271469	0	0.012424	0.673774	0.224591	0	0.169392	0	0	1	0.5625	0.046875	0	0.0138889	0.000349633	0	
12	0.245775	0.754225	0	0.125	0.0625	0.624474	0.669514	0.669514	0.00201153	0.0625	0.0614438	0.245775	0.245775	0.011326	0.0358015	0.143206	0	0.00384525	0.379033	0.126344	0	0.0310523	0	0	1	0.5625	0.0625	0	0.0208333	0.000868056	0	
12	0.245775	0.754225	0	0.125	0.0625	0.624474	0.669514	0.669514	0.00201153	0.0625	0.0614438	0.245775	0.245775	0.011326	0.0358015	0.143206	0	0.00384525	0.341063	0	0.113688	0.0279416	0	0	1	0.5625	0.0625	0	0.0208333	0.000868056	0	
12	0.245775	0.754225	0	0.03125	0.015625	0.582671	0.582671	0.582671	0	0.015625	0.245775	0.245775	0.245775	0	0.143206	0.143206	0.143206	0	0.53248	0	0.177493	0.0436235	0	0	1	0.5625	0.015625	0	0.00520833	5.42535e-05	0	
13	0.761278	0.238722	0	0.28125	0.140625	0.612046	0.736011	0.736011	0.00206556	0.140625	0.0845865	0.392645	0.392645	0.0250741	0.0505364	0.229145	0	0.00893941	0.452101	0	0.1507	0.114725	0	0	0	0.75	0.140625	0	0.0572917	0.00261773	0	
13	0.607355	0.392645	0	0.1875	0.09375	0.585947	0.595933	0.595933	2.36945e-05	0.09375	0.101226	0.607355	0.607355	0.0512333	0.0589505	0.353703	0	0.0173758	0.673774	0.224591	0	0.136407	0	0	1	0.75	0.09375	0	0.0338542	0.00121392	1	
14	0.0375261	0.962474	0	0.15625	0.078125	0.577975	0.583107	0.583107	2.39469e-05	0.078125	0.00750522	0.0375261	0.0375261	0.000225313	0.00437634	0.0218817	0	7.66095e-05	0.395073	0	0.131691	0.00494184	0	0	0	1	0.078125	0	0.0322266	0.000990868	0	
14	0.0750522	0.924948	0	0.15625	0.078125	0.576182	0.583107	0.583107	2.05066e-05	0.078125	0.0150104	0.0375261	0.0375261	0.00033797	0.00868848	0.0218817	0	0.000113245	0.475394	0.158465	0	0.0118931	0	0	0	1	0.078125	0	0.0283203	0.000861168	0	
14	0.207897	0.792103	0	0.125	0.0625	0.624474	0.669514	0.669514	0.00201153	0.0625	0.0519742	0.207897	0.207897	0.00810394	0.0302839	0.121135	0	0.00275134	0.379033	0.126344	0	0.0262666	0	0	1	1	0.0625	0	0.0117188	0.000595093	1	
14	0.207897	0.792103	0	0.125	0.0625	0.624474	0.669514	0.669514	0.00201153	0.0625	0.0519742	0.207897	0.207897	0.00810394	0.0302839	0.121135	0	0.00275134	0.341063	0	0.113688	0.0236353	0	0	1	1	0.0625	0	0.0117188	0.000595093	1	
14	0.207897	0.792103	0	0.03125	0.015625	0.582671	0.582671	0.582671	0	0.015625	0.207897	0.207897	0.207897	0	0.121135	0.121135	0.121135	0	0.53248	0	0.177493	0.0369003	0	0	1	1	0.015625	0	0.00292969	3.71933e-05	1	
15	0.825789	0.174211	0	0.15625	0.078125	0.577975	0.583107	0.583107	2.39469e-05	0.078125	0.165158	0.825789	0.825789	0.109108	0.0940249	0.470125	0	0.0353628	0.395073	0	0.131691	0.108749	0	0	0	0.5625	0.078125	0	0.03125	0.00103082	0	
15	0.825789	0.174211	0	0.15625	0.078125	0.576182	0.583107	0.583107	2.05066e-05	0.078125	0.165158	0.825789	0.825789	0.109108	0.0940249	0.470125	0	0.0353628	0.475394	0.158465	0	0.130858	0	0	0	0.5625	0.078125	0	0.0347222	0.00118152	0	
15	0.276595	0.723405	0	0.21875	0.109375	0.611373	0.736011	0.736011	0.00296564	0.109375	0.0395136	0.174211	0.174211	0.00427182	0.0226875	0.0990618	0	0.00139719	0.452101	0	0.1507	0.0416829	0	0	0	0.5625	0.109375	0	0.0399306	0.00185065	1	
15	0.897616	0.102384	0	0.21875	0.109375	0.57814	0.58677	0.58677	9.44039e-05	0.109375	0.128231	0.897616	0.897616	0.098659	0.0746774	0.522742	0	0.0334603	0.673774	0.224591	0	0.201597	0	0	1	0.5625	0.109375	0	0.0416667	0.00189887	0	
15	0.174211	0.825789	0	0.125	0.0625	0.623295	0.691091	0.691091	0.00209292	0.0625	0.0435528	0.174211	0.174211	0.00569054	0.0247655	0.0990618	0	0.00183998	0.569185	0	0.189728	0.0330528	0	0	0	0.5625	0.0625	0	0.015625	0.000651042	0	
16	0.577246	0.422754	0	0.28125	0.140625	0.606219	0.736011	0.736011	0.00337755	0.140625	0.0641384	0.577246	0.577246	0.0329099	0.0367426	0.330683	0	0.0108001	0.547059	0	0.182353	0.105263	0	0	1	0.75	0.140625	0	0.0442708	0.00259738	0	
16	0.422754	0.577246	0	0.15625	0.078125	0.576182	0.583107	0.583107	2.05066e-05	0.078125	0.0845508	0.422754	0.422754	0.0285954	0.0485789	0.242894	0	0.00943962	0.475394	0.158465	0	0.0669916	0	0	0	0.75	0.078125	0	0.0286458	0.00105116	0	
16	0.236219	0.763781	0	0.1875	0.09375	0.61763	0.736011	0.736011	0.00322598	0.09375	0.0393699	0.236219	0.236219	0.00774994	0.0231011	0.138606	0	0.00266829	0.452101	0	0.1507	0.0355983	0	0	0	0.75	0.09375	0	0.0273438	0.0011851	1	
17	0.629812	0.370188	0	0.15625	0.078125	0.595978	0.612214	0.612214	0.000197669	0.078125	0.125962	0.382712	0.382712	0.0256388	0.0751377	0.234302	0	0.00933182	0.588146	0.196049	0	0.123474	0	0	1	0.75	0.078125	0	0.03125	0.000773112	0	
17	0.87645	0.12355	0	0.125	0.0625	0.624474	0.669514	0.669514	0.00201153	0.0625	0.219113	0.87645	0.87645	0.144031	0.127671	0.510682	0	0.0488993	0.379033	0.126344	0	0.110735	0	0	1	0.75	0.0625	0	0.015625	0.000732422	0	
17	0.87645	0.12355	0	0.125	0.0625	0.624474	0.669514	0.669514	0.00201153	0.0625	0.219113	0.87645	0.87645	0.144031	0.127671	0.510682	0	0.0488993	0.341063	0	0.113688	0.0996417	0	0	1	0.75	0.0625	0	0.015625	0.000732422	1	
17	0.87645	0.12355	0	0.03125	0.015625	0.582671	0.582671	0.582671	0	0.015625	0.87645	0.87645	0.87645	0	0.510682	0.510682	0.510682	0	0.53248	0	0.177493	0.155564	0	0	1	0.75	0.015625	0	0.00390625	4.57764e-05	1	
18	0.5	0.5	0	0.15625	0.078125	0.577975	0.583107	0.583107	2.39469e-05	0.078125	0.1	0.5	0.5	0.04	0.0583107	0.291553	0	0.0136005	0.395073	0	0.131691	0.0658454	0	0	0	0.875	0.078125	0	0.0334821	0.000832071	1	
18	0.554511	0.445489	0	0.125	0.0625	0.624474	0.669514	0.669514	0.00201153	0.0625	0.138628	0.554511	0.554511	0.0576529	0.0807744	0.323098	0	0.0195735	0.379033	0.126344	0	0.0700594	0	0	1	0.875	0.0625	0	0.0133929	0.000657685	0	
18	0.177466	0.822534	0	0.09375	0.046875	0.634173	0.669514	0.669514	0.00246417	0.046875	0.0591555	0.177466	0.177466	0.00699874	0.033362	0.100086	0	0.00222604	0.578595	0.192865	0	0.0342271	0	0	0	0.875	0.046875	0	0.0100446	0.000369948	0	
18	0.554511	0.445489	0	0.125	0.0625	0.624474	0.669514	0.669514	0.00201153	0.0625	0.138628	0.554511	0.554511	0.0576529	0.0807744	0.323098	0	0.0195735	0.341063	0	0.113688	0.0630411	0	0	1	0.875	0.0625	0	0.0133929	0.000657685	0	
18	0.177466	0.822534	0	0.03125	0.015625	0.563971	0.563971	0.563971	0	0.015625	0.177466	0.177466	0.177466	0	0.100086	0.100086	0.100086	0	0.471591	0	0.157197	0.0278972	0	0	0	0.875	0.015625	0	0.00334821	4.11053e-05	0	
18	0.554511	0.445489	0	0.03125	0.015625	0.582671	0.582671	0.582671	0	0.015625	0.554511	0.554511	0.554511	0	0.323098	0.323098	0.323098	0	0.53248	0	0.177493	0.0984221	0	0	1	0.875	0.015625	0	0.00334821	4.11053e-05	0	
19	0.276616	0.723384	0	0.28125	0.140625	0.606219	0.736011	0.736011	0.00337755	0.140625	0.0307351	0.276616	0.276616	0.00755717	0.017607	0.158463	0	0.00248006	0.547059	0	0.182353	0.0504418	0	0	1	0.75	0.140625	0	0.0429688	0.00264994	0	
19	0.723384	0.276616	0	0.15625	0.078125	0.576182	0.583107	0.583107	2.05066e-05	0.078125	0.144677	0.723384	0.723384	0.0837255	0.0831244	0.415622	0	0.0276387	0.475394	0.158465	0	0.114631	0	0	0	0.75	0.078125	0	0.0286458	0.00105116	0	
19	0.230502	0.769498	0	0.125	0.0625	0.623295	0.691091	0.691091	0.00209292	0.0625	0.0576255	0.230502	0.230502	0.00996208	0.0327676	0.13107	0	0.00322115	0.569185	0	0.189728	0.0437327	0	0	0	0.75	0.0625	0	0.0143229	0.000547621	1	
19	0.769498	0.230502	0	0.09375	0.046875	0.634173	0.669514	0.669514	0.00246417	0.046875	0.256499	0.769498	0.769498	0.131584	0.144658	0.433975	0	0.041852	0.578595	0.192865	0	0.148409	0	0	0	0.75	0.046875	0	0.0169271	0.000425551	0	
19	0.769498	0.230502	0	0.09375	0.046875	0.635293	0.744488	0.744488	0.00614825	0.046875	0.256499	0.769498	0.769498	0.131584	0.144658	0.433975	0	0.041852	0.471591	0	0.157197	0.120963	0	0	0	0.75	0.046875	0	0.00911458	0.00030348	0	
20	0.663216	0.336784	0	0.09375	0.046875	0.569593	0.572184	0.572184	3.38475e-06	0.046875	0.221072	0.663216	0.663216	0.0977457	0.126494	0.379482	0	0.0320014	0.588146	0.196049	0	0.130023	0	0	1	0.75	0.046875	0	0.0117188	0.000289917	0	
20	0.57048	0.42952	0	0.28125	0.140625	0.588794	0.688488	0.688488	0.00128335	0.140625	0.0633867	0.57048	0.57048	0.032143	0.0363119	0.326807	0	0.0105485	0.547059	0	0.182353	0.104029	0	0	1	0.75	0.140625	0	0.0625	0.00272624	0	
20	0.42952	0.57048	0	0.1875	0.09375	0.576682	0.583107	0.583107	1.83392e-05	0.09375	0.0715867	0.42952	0.42952	0.0256232	0.0411303	0.246782	0	0.0084585	0.475394	0.158465	0	0.0680638	0	0	0	0.75	0.09375	0	0.046875	0.00150553	0	
20	0.663216	0.336784	0	0.09375	0.046875	0.614044	0.688488	0.688488	0.00278532	0.046875	0.221072	0.663216	0.663216	0.0977457	0.126494	0.379482	0	0.0320014	0.67493	0	0.224977	0.149208	0	0	1	0.75	0.046875	0	0.0143229	0.00030348	0	
20	0.336784	0.663216	0	0.15625	0.078125	0.628317	0.669514	0.669514	0.00160499	0.078125	0.0673567	0.336784	0.336784	0.0181477	0.0408071	0.204036	0	0.00666089	0.578595	0.192865	0	0.0649538	0	0	0	0.75	0.078125	0	0.0234375	0.00107829	0	
20	0.336784	0.663216	0	0.15625	0.078125	0.628989	0.744488	0.744488	0.00382361	0.078125	0.0673567	0.336784	0.336784	0.0181477	0.0408071	0.204036	0	0.00666089	0.471591	0	0.157197	0.0529414	0	0	0	0.75	0.078125	0	0.0182292	0.000888401	0	
20	0.336784	0.663216	0	0.09375	0.046875	0.649248	0.744488	0.744488	0.00454716	0.046875	0.112261	0.336784	0.336784	0.0252052	0.0680119	0.204036	0	0.00925123	0.531432	0	0.177144	0.0596592	0	0	0	0.75	0.046875	0	0.00911458	0.00030348	1	
21	0.543433	0.456567	0	0.15625	0.078125	0.577975	0.583107	0.583107	2.39469e-05	0.078125	0.108687	0.543433	0.543433	0.0472511	0.0631079	0.31554	0	0.0159305	0.395073	0	0.131691	0.0715651	0	0	0	0.4375	0.078125	0	0.0424107	0.000956633	0	
21	0.193708	0.806292	0	0.1875	0.09375	0.573629	0.580726	0.580726	1.76187e-05	0.09375	0.0322846	0.193708	0.193708	0.00521149	0.0184947	0.110968	0	0.00171027	0.575618	0.191873	0	0.0371672	0	0	1	0.4375	0.09375	0	0.0535714	0.00159439	1	
22	0.550189	0.449811	0	0.15625	0.078125	0.595978	0.612214	0.612214	0.000197669	0.078125	0.110038	0.311468	0.311468	0.0186917	0.0654555	0.190685	0	0.00671924	0.588146	0.196049	0	0.107864	0	0	1	0.75	0.078125	0	0.0247396	0.000873142	1	
22	0.761278	0.238722	0	0.28125	0.140625	0.612046	0.736011	0.736011	0.00206556	0.140625	0.0845865	0.449811	0.449811	0.0261053	0.0503546	0.262506	0	0.00916113	0.452101	0	0.1507	0.114725	0	0	0	0.75	0.140625	0	0.0546875	0.00282796	0	
23	0.908968	0.0910318	0	0.1875	0.09375	0.578491	0.583107	0.583107	2.12863e-05	0.09375	0.151495	0.817936	0.817936	0.0899338	0.0877921	0.474928	0	0.0303329	0.395073	0	0.131691	0.119703	0	0	0	0.9375	0.09375	0	0.0395833	0.00152561	0	
23	0.182064	0.817936	0	0.21875	0.109375	0.574423	0.580726	0.580726	1.88777e-05	0.109375	0.0260091	0.0910318	0.0910318	0.00169118	0.0148534	0.0521488	0	0.000551564	0.575618	0.191873	0	0.034933	0	0	1	0.9375	0.109375	0	0.04375	0.00202474	0	
23	0.182064	0.817936	0	0.21875	0.109375	0.577309	0.583107	0.583107	1.80771e-05	0.109375	0.0260091	0.0910318	0.0910318	0.00169118	0.0149237	0.052641	0	0.000556839	0.475394	0.158465	0	0.0288507	0	0	0	0.9375	0.109375	0	0.040625	0.00184896	0	
23	0.861994	0.138006	0	0.03125	0.015625	0.563971	0.563971	0.563971	0	0.015625	0.861994	0.861994	0.861994	0	0.48614	0.48614	0.48614	0	0.578595	0.192865	0	0.166249	0	0	0	0.9375	0.015625	0	0.003125	3.90625e-05	1	
23	0.861994	0.138006	0	0.03125	0.015625	0.563971	0.563971	0.563971	0	0.015625	0.861994	0.861994	0.861994	0	0.48614	0.48614	0.48614	0	0.471591	0	0.157197	0.135503	0	0	0	0.9375	0.015625	0	0.003125	3.90625e-05	1	
24	0.383851	0.616149	0	0.15625	0.078125	0.577975	0.583107	0.583107	2.39469e-05	0.078125	0.0767703	0.191926	0.191926	0.00884051	0.0441408	0.11144	0	0.00292309	0.395073	0	0.131691	0.0505497	0	0	0	0.8125	0.078125	0	0.0372596	0.00103435	0	
24	0.808074	0.191926	0	0.21875	0.109375	0.591307	0.688488	0.688488	0.0015875	0.109375	0.115439	0.424223	0.424223	0.0229075	0.0663905	0.243022	0	0.00754064	0.560292	0	0.186764	0.150919	0	0	1	0.8125	0.109375	0	0.0516827	0.00185489	0	
24	0.808074	0.191926	0	0.28125	0.140625	0.60833	0.736011	0.736011	0.00321886	0.140625	0.089786	0.424223	0.424223	0.0201202	0.0517358	0.243022	0	0.00663842	0.547059	0	0.182353	0.147355	0	0	1	0.8125	0.140625	0	0.0600962	0.00236051	0	
24	0.575777	0.424223	0	0.1875	0.09375	0.576682	0.583107	0.583107	1.83392e-05	0.09375	0.0959628	0.191926	0.191926	0.00920887	0.0551159	0.11116	0	0.00303806	0.475394	0.158465	0	0.0912403	0	0	0	0.8125	0.09375	0	0.0432692	0.00154574	0	
24	0.808074	0.191926	0	0.15625	0.078125	0.627828	0.669514	0.669514	0.00165422	0.078125	0.161615	0.543939	0.543939	0.0470081	0.0972626	0.316938	0	0.0163675	0.379033	0.126344	0	0.102096	0	0	1	0.8125	0.078125	0	0.0180288	0.00108346	0	
24	0.808074	0.191926	0	0.15625	0.078125	0.627828	0.669514	0.669514	0.00165422	0.078125	0.161615	0.543939	0.543939	0.0470081	0.0972626	0.316938	0	0.0163675	0.341063	0	0.113688	0.0918682	0	0	1	0.8125	0.078125	0	0.0180288	0.00108346	0	
24	0.264135	0.735865	0	0.03125	0.015625	0.641244	0.641244	0.641244	0	0.015625	0.264135	0.264135	0.264135	0	0.169375	0.169375	0.169375	0	0.456619	0	0.152206	0.040203	0	0	0	0.8125	0.015625	0	0.00360577	4.33386e-05	1	
24	0.808074	0.191926	0	0.0625	0.03125	0.611958	0.641244	0.641244	0.000857682	0.03125	0.404037	0.543939	0.543939	0.0195725	0.243156	0.316938	0.169375	0.00544368	0.53248	0	0.177493	0.143428	0	0	1	0.8125	0.03125	0	0.00721154	0.000173354	0	
25	0.4596	0.5404	0	0.15625	0.078125	0.577975	0.583107	0.583107	2.39469e-05	0.078125	0.0919201	0.4596	0.4596	0.0337972	0.0533726	0.266863	0	0.0113945	0.395073	0	0.131691	0.0605252	0	0	0	0.5625	0.078125	0	0.0277778	0.00112727	1	
25	0.5404	0.4596	0	0.21875	0.109375	0.574423	0.580726	0.580726	1.88777e-05	0.109375	0.0772	0.5404	0.5404	0.035759	0.0442251	0.309575	0	0.0117351	0.575618	0.191873	0	0.103688	0	0	1	0.5625	0.109375	0	0.0434028	0.00253786	1	
25	0.359652	0.640348	0	0.28125	0.140625	0.612046	0.736011	0.736011	0.00206556	0.140625	0.0399614	0.359652	0.359652	0.0127753	0.0244649	0.220184	0	0.00478826	0.452101	0	0.1507	0.0541997	0	0	0	0.5625	0.140625	0	0.0659722	0.00280912	0	
26	0.819319	0.180681	0	0.15625	0.078125	0.577975	0.583107	0.583107	2.39469e-05	0.078125	0.163864	0.319319	0.319319	0.0204637	0.0949504	0.185437	0	0.00684995	0.395073	0	0.131691	0.107897	0	0	0	0.9375	0.078125	0	0.0354167	0.00102431	0	
26	0.680681	0.319319	0	0.1875	0.09375	0.576682	0.583107	0.583107	1.83392e-05	0.09375	0.113447	0.319319	0.319319	0.0150058	0.0656366	0.184653	0	0.00502071	0.475394	0.158465	0	0.107864	0	0	0	0.9375	0.09375	0	0.0385417	0.0013303	0	
26	0.04486	0.95514	0	0.03125	0.015625	0.641244	0.641244	0.641244	0	0.015625	0.04486	0.04486	0.04486	0	0.0287662	0.0287662	0.0287662	0	0.456619	0	0.152206	0.00682798	0	0	0	0.9375	0.015625	0	0.00416667	4.77431e-05	1	
27	0.546967	0.453033	0	0.15625	0.078125	0.595733	0.612214	0.612214	0.00019793	0.078125	0.109393	0.546967	0.546967	0.0478676	0.064731	0.323655	0	0.0167604	0.588146	0.196049	0	0.107232	0	0	1	0.5	0.078125	0	0.0351562	0.000900269	1	
27	0.996013	0.00398688	0	0.25	0.125	0.611973	0.736011	0.736011	0.00350175	0.125	0.124502	0.996013	0.996013	0.108505	0.0713225	0.57058	0	0.0356083	0.547059	0	0.182353	0.181626	0	0	1	0.5	0.125	0	0.0410156	0.00298691	0	
27	0.00398688	0.996013	0	0.15625	0.078125	0.576182	0.583107	0.583107	2.05066e-05	0.078125	0.000797376	0.00398688	0.00398688	2.54323e-06	0.000458134	0.00229067	0	8.39548e-07	0.475394	0.158465	0	0.00063178	0	0	0	0.5	0.078125	0	0.0292969	0.00143051	0	
28	0.497206	0.502794	0	0.15625	0.078125	0.577975	0.583107	0.583107	2.39469e-05	0.078125	0.0994411	0.248603	0.248603	0.0148328	0.0575179	0.14437	0	0.00496259	0.395073	0	0.131691	0.0654775	0	0	0	0.9375	0.078125	0	0.034375	0.000983073	1	
28	1	2.22045e-16	-0.00189189	0.1875	0.09375	0.573629	0.580726	0.580726	1.76187e-05	0.09375	0.166667	0.502794	0.502794	0.034957	0.095937	0.288033	0	0.0115156	0.575618	0.191873	0	0.191873	0	0	1	0.9375	0.09375	0	0.046875	0.00172526	0	
28	0.9937	0.00629986	0	0.15625	0.078125	0.595733	0.612214	0.612214	0.00019793	0.078125	0.19874	0.751397	0.751397	0.0851641	0.114663	0.429937	0	0.027933	0.588146	0.196049	0	0.194813	0	0	1	0.9375	0.078125	0	0.0229167	0.00077691	0	
28	0.248603	0.751397	0	0.15625	0.078125	0.576182	0.583107	0.583107	2.05066e-05	0.078125	0.0497206	0.248603	0.248603	0.00988854	0.0287519	0.14376	0	0.0033067	0.475394	0.158465	0	0.0393948	0	0	0	0.9375	0.078125	0	0.0302083	0.000861545	0	
29	0.0287969	0.971203	0	0.15625	0.078125	0.577975	0.583107	0.583107	2.39469e-05	0.078125	0.00575939	0.0287969	0.0287969	0.000132682	0.00335834	0.0167917	0	4.51137e-05	0.395073	0	0.131691	0.00379229	0	0	0	0.8125	0.078125	0	0.0300481	0.000956338	0	
29	0.971203	0.0287969	0	0.09375	0.046875	0.584042	0.586167	0.586167	2.50774e-06	0.046875	0.323734	0.971203	0.971203	0.209608	0.188532	0.565596	0	0.0710887	0.465529	0.155176	0	0.150708	0	0	1	0.8125	0.046875	0	0.0204327	0.000390047	0	
29	0.768496	0.231504	0	0.3125	0.15625	0.603515	0.736011	0.736011	0.00310558	0.15625	0.0768496	0.739699	0.739699	0.0488926	0.0440539	0.423747	0	0.0160436	0.547059	0	0.182353	0.140138	0	0	1	0.8125	0.15625	0	0.0492788	0.00299903	1	
29	0.289098	0.710902	0	0.1875	0.09375	0.576682	0.583107	0.583107	1.83392e-05	0.09375	0.048183	0.260301	0.260301	0.00910936	0.0277247	0.149556	0	0.00300619	0.475394	0.158465	0	0.0458118	0	0	0	0.8125	0.09375	0	0.0348558	0.00143306	1	
29	0.971203	0.0287969	0	0.15625	0.078125	0.620853	0.691091	0.691091	0.00169819	0.078125	0.194241	0.971203	0.971203	0.150918	0.110451	0.552256	0	0.0487978	0.569185	0	0.189728	0.184265	0	0	0	0.8125	0.078125	0	0.0168269	0.000843658	0	
30	0.312941	0.687059	0	0.125	0.0625	0.585963	0.591727	0.591727	1.29531e-05	0.0625	0.0782351	0.312941	0.312941	0.0183622	0.0456575	0.18263	0	0.00625383	0.465529	0.155176	0	0.048561	0	0	1	0.625	0.0625	0	0.03125	0.000439453	0	
30	0.752307	0.247693	0	0.1875	0.09375	0.578547	0.591727	0.591727	0.000130554	0.09375	0.125384	0.312941	0.312941	0.0169491	0.0722487	0.18263	0	0.00563941	0.582454	0.194151	0	0.146061	0	0	1	0.625	0.09375	0	0.046875	0.00107422	0	
30	0.439366	0.560634	0	0.1875	0.09375	0.637634	0.736011	0.736011	0.0033924	0.09375	0.0732277	0.439366	0.439366	0.0268115	0.0418997	0.251398	0	0.00877792	0.67493	0	0.224977	0.0988472	0	0	1	0.625	0.09375	0	0.0328125	0.00124268	0	
30	0.247693	0.752307	0	0.15625	0.078125	0.620853	0.691091	0.691091	0.00169819	0.078125	0.0495387	0.247693	0.247693	0.00981632	0.0281692	0.140846	0	0.00317402	0.569185	0	0.189728	0.0469945	0	0	0	0.625	0.078125	0	0.021875	0.000986328	1	
31	0.345672	0.654328	0	0.0625	0.03125	0.581874	0.583107	0.583107	1.51878e-06	0.03125	0.172836	0.345672	0.345672	0.0298723	0.100356	0.200712	0	0.0100713	0.395073	0	0.131691	0.0455218	0	0	0	0.5625	0.03125	0	0.0104167	0.00016276	0	
31	0.654328	0.345672	0	0.09375	0.046875	0.579018	0.583107	0.583107	9.47942e-06	0.046875	0.218109	0.654328	0.654328	0.0951434	0.126126	0.378379	0	0.0318157	0.475394	0.158465	0	0.103688	0	0	0	0.5625	0.046875	0	0.0173611	0.00045814	1	
31	0.45921	0.54079	0	0.28125	0.140625	0.612046	0.736011	0.736011	0.00206556	0.140625	0.0510233	0.45921	0.45921	0.020827	0.0312372	0.281135	0	0.00780609	0.452101	0	0.1507	0.069203	0	0	0	0.5625	0.140625	0	0.0659722	0.00280912	0	
32	0.0563324	0.943668	0	0.28125	0.140625	0.612046	0.736011	0.736011	0.00206556	0.140625	0.00625915	0.0563324	0.0563324	0.000313416	0.00383194	0.0344875	0	0.00011747	0.452101	0	0.1507	0.00848931	0	0	0	0.75	0.140625	0	0.0546875	0.00270589	0	
32	0.302029	0.697971	0	0.125	0.0625	0.624474	0.669514	0.669514	0.00201153	0.0625	0.0755073	0.302029	0.302029	0.0171041	0.0439959	0.175984	0	0.00580693	0.379033	0.126344	0	0.0381597	0	0	1	0.75	0.0625	0	0.0208333	0.000868056	1	
32	0.697971	0.302029	0	0.03125	0.015625	0.615504	0.615504	0.615504	0	0.015625	0.697971	0.697971	0.697971	0	0.429604	0.429604	0.429604	0	0.456619	0	0.152206	0.106236	0	0	0	0.75	0.015625	0	0.00390625	4.57764e-05	0	
33	0.444785	0.555215	0	0.15625	0.078125	0.577975	0.583107	0.583107	2.39469e-05	0.078125	0.0889571	0.444785	0.444785	0.0316534	0.0506436	0.253218	0	0.0102591	0.395073	0	0.131691	0.0585742	0	0	0	0.5625	0.078125	0	0.0329861	0.00105493	0	
33	0.627524	0.372476	0	0.1875	0.09375	0.573629	0.580726	0.580726	1.76187e-05	0.09375	0.104587	0.444785	0.444785	0.0275994	0.0596504	0.253218	0	0.00895486	0.575618	0.191873	0	0.120405	0	0	1	0.5625	0.09375	0	0.0416667	0.00173611	1	
33	0.555215	0.444785	0	0.125	0.0625	0.575126	0.591727	0.591727	9.43984e-05	0.0625	0.138804	0.555215	0.555215	0.0577994	0.0794212	0.317685	0	0.0189232	0.588146	0.196049	0	0.108849	0	0	1	0.5625	0.0625	0	0.0190972	0.000584732	0	
33	0.444785	0.555215	0	0.15625	0.078125	0.576182	0.583107	0.583107	2.05066e-05	0.078125	0.0889571	0.444785	0.444785	0.0316534	0.0506436	0.253218	0	0.0102591	0.475394	0.158465	0	0.0704828	0	0	0	0.5625	0.078125	0	0.0347222	0.00118152	0	
33	0.555215	0.444785	0	0.09375	0.046875	0.614044	0.688488	0.688488	0.00278532	0.046875	0.185072	0.555215	0.555215	0.068503	0.105895	0.317685	0	0.0224275	0.67493	0	0.224977	0.12491	0	0	1	0.5625	0.046875	0	0.0190972	0.000313465	0	
34	0.380541	0.619459	0	0.15625	0.078125	0.577975	0.583107	0.583107	2.39469e-05	0.078125	0.0761081	0.380541	0.380541	0.0231698	0.0433287	0.216643	0	0.00750949	0.395073	0	0.131691	0.0501137	0	0	0	0.6875	0.078125	0	0.0269886	0.00102499	0	
34	0.619459	0.380541	0	0.125	0.0625	0.575126	0.591727	0.591727	9.43984e-05	0.0625	0.154865	0.619459	0.619459	0.0719493	0.088041	0.352164	0	0.0232537	0.588146	0.196049	0	0.121444	0	0	1	0.6875	0.0625	0	0.0170455	0.000508458	1	
34	0.619459	0.380541	0	0.1875	0.09375	0.578547	0.591727	0.591727	0.000130554	0.09375	0.103243	0.619459	0.619459	0.0532958	0.0602521	0.361512	0	0.0181516	0.582454	0.194151	0	0.120269	0	0	1	0.6875	0.09375	0	0.0383523	0.00125904	0	
34	0.380541	0.619459	0	0.15625	0.078125	0.576182	0.583107	0.583107	2.05066e-05	0.078125	0.0761081	0.380541	0.380541	0.0231698	0.0433287	0.216643	0	0.00750949	0.475394	0.158465	0	0.0603023	0	0	0	0.6875	0.078125	0	0.0269886	0.00111377	0	
34	0.902366	0.0976342	0	0.15625	0.078125	0.62614	0.673398	0.673398	0.000558748	0.078125	0.180473	0.902366	0.902366	0.130282	0.111026	0.55513	0	0.0493071	0.53248	0	0.177493	0.160164	0	0	1	0.6875	0.078125	0	0.0284091	0.00114605	1	
35	0.197857	0.802143	0	0.03125	0.015625	0.563971	0.563971	0.563971	0	0.015625	0.197857	0.197857	0.197857	0	0.111586	0.111586	0.111586	0	0.578595	0.192865	0	0.0381597	0	0	0	0.8125	0.015625	0	0.00360577	4.33386e-05	1	
35	0.0775279	0.922472	0	0.03125	0.015625	0.615504	0.615504	0.615504	0	0.015625	0.0775279	0.0775279	0.0775279	0	0.0477187	0.0477187	0.0477187	0	0.341063	0	0.113688	0.00881398	0	0	1	0.8125	0.015625	0	0.00240385	3.17816e-05	1	
35	0.0775279	0.922472	0	0.03125	0.015625	0.615504	0.615504	0.615504	0	0.015625	0.0775279	0.0775279	0.0775279	0	0.0477187	0.0477187	0.0477187	0	0.456619	0	0.152206	0.0118002	0	0	0	0.8125	0.015625	0	0.00240385	3.17816e-05	1	
35	0.197857	0.802143	0	0.03125	0.015625	0.563971	0.563971	0.563971	0	0.015625	0.197857	0.197857	0.197857	0	0.111586	0.111586	0.111586	0	0.471591	0	0.157197	0.0311025	0	0	0	0.8125	0.015625	0	0.00360577	4.33386e-05	1	
35	0.0775279	0.922472	0	0.03125	0.015625	0.615504	0.615504	0.615504	0	0.015625	0.0775279	0.0775279	0.0775279	0	0.0477187	0.0477187	0.0477187	0	0.53248	0	0.177493	0.0137607	0	0	1	0.8125	0.015625	0	0.00240385	3.17816e-05	1	
36	0.790498	0.209502	0	0.15625	0.078125	0.595733	0.612214	0.612214	0.00019793	0.078125	0.1581	0.5	0.5	0.0418823	0.0915974	0.286092	0	0.0138892	0.588146	0.196049	0	0.154976	0	0	1	0.9375	0.078125	0	0.0197917	0.000763889	0	
36	0.5	0.5	0	0.1875	0.09375	0.576997	0.583107	0.583107	2.04074e-05	0.09375	0.0833333	0.5	0.5	0.0347222	0.0481892	0.289135	0	0.011611	0.475394	0.158465	0	0.0792323	0	0	0	0.9375	0.09375	0	0.040625	0.00123047	0	
36	0.705688	0.294312	0	0.3125	0.15625	0.626665	0.736011	0.736011	0.00221783	0.15625	0.0705688	0.5	0.5	0.0242508	0.0416796	0.286092	0	0.00815603	0.67493	0	0.224977	0.158763	0	0	1	0.9375	0.15625	0	0.04375	0.00287109	1	
37	0.717979	0.282021	0	0.1875	0.09375	0.573629	0.580726	0.580726	1.76187e-05	0.09375	0.119663	0.717979	0.717979	0.0715964	0.0685507	0.411304	0	0.023496	0.575618	0.191873	0	0.137761	0	0	1	0.5625	0.09375	0	0.0347222	0.00183256	0	
37	0.351748	0.648252	0	0.125	0.0625	0.585963	0.591727	0.591727	1.29531e-05	0.0625	0.087937	0.351748	0.351748	0.0231988	0.0513195	0.205278	0	0.00790106	0.465529	0.155176	0	0.054583	0	0	1	0.5625	0.0625	0	0.03125	0.000488281	0	
37	0.648252	0.351748	0	0.15625	0.078125	0.638071	0.736011	0.736011	0.00406974	0.078125	0.12965	0.648252	0.648252	0.0672369	0.0741838	0.370919	0	0.022013	0.67493	0	0.224977	0.145842	0	0	1	0.5625	0.078125	0	0.0329861	0.000837915	1	
38	0.784877	0.215123	0	0.15625	0.078125	0.595733	0.612214	0.612214	0.00019793	0.078125	0.156975	0.583469	0.583469	0.051559	0.090606	0.333852	0	0.0169226	0.588146	0.196049	0	0.153874	0	0	1	0.75	0.078125	0	0.0286458	0.00080702	0	
38	0.416531	0.583469	0	0.03125	0.015625	0.563971	0.563971	0.563971	0	0.015625	0.416531	0.416531	0.416531	0	0.234911	0.234911	0.234911	0	0.578595	0.192865	0	0.0803343	0	0	0	0.75	0.015625	0	0.00390625	4.57764e-05	1	
38	0.416531	0.583469	0	0.03125	0.015625	0.563971	0.563971	0.563971	0	0.015625	0.416531	0.416531	0.416531	0	0.234911	0.234911	0.234911	0	0.471591	0	0.157197	0.0654775	0	0	0	0.75	0.015625	0	0.00390625	4.57764e-05	1	
39	0.200573	0.799427	0	0.0625	0.03125	0.623096	0.669514	0.669514	0.00215465	0.03125	0.100286	0.200573	0.200573	0.0100573	0.0671431	0.134286	0	0.0045082	0.370095	0.123365	0	0.0247437	0	0	0	0.8125	0.03125	0	0.00721154	0.000173354	0	
39	0.219054	0.780946	0	0.15625	0.078125	0.645766	0.677449	0.677449	0.00176183	0.078125	0.0438109	0.200573	0.200573	0.0061948	0.0293613	0.134286	0	0.00277582	0.578595	0.192865	0	0.0422479	0	0	0	0.8125	0.078125	0	0.0180288	0.00108346	1	
39	0.0184817	0.981518	0	0.09375	0.046875	0.644479	0.692018	0.692018	0.00327616	0.046875	0.00616058	0.0184817	0.0184817	7.59055e-05	0.00417348	0.0125204	0	3.48359e-05	0.471591	0	0.157197	0.00290528	0	0	0	0.8125	0.046875	0	0.0108173	0.000390047	0	
39	0.780946	0.219054	0	0.0625	0.03125	0.637345	0.692018	0.692018	0.00298917	0.03125	0.390473	0.780946	0.780946	0.152469	0.227517	0.455035	0	0.0517641	0.53248	0	0.177493	0.138613	0	0	1	0.8125	0.03125	0	0.00721154	0.000173354	1	
40	0.816354	0.183646	0	0.1875	0.09375	0.578491	0.583107	0.583107	2.12863e-05	0.09375	0.136059	0.435284	0.435284	0.0219356	0.0782266	0.247809	0	0.00711105	0.395073	0	0.131691	0.107506	0	0	0	0.9375	0.09375	0	0.040625	0.00132813	0	
40	0.901288	0.0987124	0	0.21875	0.109375	0.574423	0.580726	0.580726	1.88777e-05	0.109375	0.128755	0.435284	0.435284	0.0215174	0.073748	0.247809	0	0.00699745	0.575618	0.191873	0	0.172932	0	0	1	0.9375	0.109375	0	0.0510417	0.00206597	1	
40	0.915066	0.0849335	0	0.28125	0.140625	0.586711	0.688488	0.688488	0.00133286	0.140625	0.101674	0.35035	0.35035	0.0129607	0.058035	0.196261	0	0.00413304	0.560292	0	0.186764	0.170901	0	0	1	0.9375	0.140625	0	0.0541667	0.00276259	0	
40	0.367292	0.632708	0	0.09375	0.046875	0.584042	0.586167	0.586167	2.50774e-06	0.046875	0.122431	0.367292	0.367292	0.0299785	0.0712995	0.213898	0	0.0101672	0.465529	0.155176	0	0.056995	0	0	1	0.9375	0.046875	0	0.0177083	0.000386285	0	
40	0.915066	0.0849335	0	0.3125	0.15625	0.603515	0.736011	0.736011	0.00310558	0.15625	0.0915066	0.35035	0.35035	0.012595	0.0523367	0.196261	0	0.00403219	0.547059	0	0.182353	0.166865	0	0	1	0.9375	0.15625	0	0.0572917	0.00291884	0	
40	0.367292	0.632708	0	0.15625	0.078125	0.620853	0.691091	0.691091	0.00169819	0.078125	0.0734584	0.367292	0.367292	0.0215845	0.0417707	0.208853	0	0.00697916	0.569185	0	0.189728	0.0696857	0	0	0	0.9375	0.078125	0	0.0145833	0.000763889	0	
41	0.575047	0.424953	0	0.09375	0.046875	0.584042	0.586167	0.586167	2.50774e-06	0.046875	0.191682	0.575047	0.575047	0.0734842	0.111629	0.334888	0	0.0249222	0.465529	0.155176	0	0.0892336	0	0	1	0.625	0.046875	0	0.028125	0.000380859	0	
41	0.231314	0.768686	0	0.03125	0.015625	0.603815	0.603815	0.603815	0	0.015625	0.231314	0.231314	0.231314	0	0.139671	0.139671	0.139671	0	0.354265	0.118088	0	0.0273155	0	0	0	0.625	0.015625	0	0.003125	3.90625e-05	1	
41	0.768686	0.231314	0	0.15625	0.078125	0.620853	0.691091	0.691091	0.00169819	0.078125	0.153737	0.768686	0.768686	0.0945406	0.0874197	0.437099	0	0.0305688	0.569185	0	0.189728	0.145842	0	0	0	0.625	0.078125	0	0.021875	0.000986328	1	
41	0.231314	0.768686	0	0.03125	0.015625	0.603815	0.603815	0.603815	0	0.015625	0.231314	0.231314	0.231314	0	0.139671	0.139671	0.139671	0	0.318994	0.106331	0	0.0245959	0	0	0	0.625	0.015625	0	0.003125	3.90625e-05	1	
41	0.231314	0.768686	0	0.03125	0.015625	0.603815	0.603815	0.603815	0	0.015625	0.231314	0.231314	0.231314	0	0.139671	0.139671	0.139671	0	0.413888	0.137963	0	0.0319126	0	0	0	0.625	0.015625	0	0.003125	3.90625e-05	1	
41	0.231314	0.768686	0	0.03125	0.015625	0.603815	0.603815	0.603815	0	0.015625	0.231314	0.231314	0.231314	0	0.139671	0.139671	0.139671	0	0.304287	0.101429	0	0.0234619	0	0	0	0.625	0.015625	0	0.003125	3.90625e-05	1	
42	0.210882	0.789118	0	0.15625	0.078125	0.595733	0.612214	0.612214	0.00019793	0.078125	0.0421765	0.210882	0.210882	0.00711542	0.0249569	0.124785	0	0.0024914	0.588146	0.196049	0	0.0413432	0	0	1	0.5	0.078125	0	0.03125	0.000915527	0	
42	0.592315	0.407685	0	0.3125	0.15625	0.626665	0.736011	0.736011	0.00221783	0.15625	0.0592315	0.592315	0.592315	0.0315753	0.0376387	0.376387	0	0.01275	0.67493	0	0.224977	0.133257	0	0	1	0.5	0.15625	0	0.0703125	0.00360107	1	
43	0.387837	0.612163	0	0.125	0.0625	0.575126	0.591727	0.591727	9.43984e-05	0.0625	0.0969593	0.387837	0.387837	0.0282033	0.0554785	0.221914	0	0.0092336	0.588146	0.196049	0	0.0760349	0	0	1	0.5625	0.0625	0	0.0225694	0.000548563	0	
43	0.666626	0.333374	0	0.09375	0.046875	0.579018	0.583107	0.583107	9.47942e-06	0.046875	0.222209	0.666626	0.666626	0.0987534	0.128497	0.38549	0	0.0330228	0.475394	0.158465	0	0.105637	0	0	0	0.5625	0.046875	0	0.0173611	0.00045814	1	
43	0.387837	0.612163	0	0.09375	0.046875	0.614044	0.688488	0.688488	0.00278532	0.046875	0.129279	0.387837	0.387837	0.0334261	0.0739714	0.221914	0	0.0109435	0.67493	0	0.224977	0.0872544	0	0	1	0.5625	0.046875	0	0.0173611	0.000349633	0	
43	0.612163	0.387837	0	0.09375	0.046875	0.634173	0.669514	0.669514	0.00246417	0.046875	0.204054	0.612163	0.612163	0.0832763	0.115081	0.345242	0	0.0264872	0.578595	0.192865	0	0.118065	0	0	0	0.5625	0.046875	0	0.0190972	0.000476225	0	
43	0.612163	0.387837	0	0.09375	0.046875	0.635293	0.744488	0.744488	0.00614825	0.046875	0.204054	0.612163	0.612163	0.0832763	0.115081	0.345242	0	0.0264872	0.471591	0	0.157197	0.0962302	0	0	0	0.5625	0.046875	0	0.0121528	0.000367718	0	
44	0.994863	0.00513693	0	0.15625	0.078125	0.577975	0.583107	0.583107	2.39469e-05	0.078125	0.198973	0.994863	0.994863	0.15836	0.113276	0.566379	0	0.0513257	0.395073	0	0.131691	0.131014	0	0	0	0.75	0.078125	0	0.0364583	0.000868056	0	
44	0.233225	0.766775	0	0.15625	0.078125	0.581667	0.607831	0.607831	0.000246651	0.078125	0.046645	0.228088	0.228088	0.00823436	0.0283156	0.138639	0	0.0030441	0.588146	0.196049	0	0.0457234	0	0	1	0.75	0.078125	0	0.0182292	0.000847711	1	
44	0.771912	0.228088	0	0.15625	0.078125	0.576022	0.591727	0.591727	0.000131753	0.078125	0.154382	0.771912	0.771912	0.0953357	0.0899071	0.449536	0	0.0323332	0.582454	0.194151	0	0.149868	0	0	1	0.75	0.078125	0	0.0169271	0.000913832	1	
44	0.994863	0.00513693	0	0.15625	0.078125	0.576182	0.583107	0.583107	2.05066e-05	0.078125	0.198973	0.994863	0.994863	0.15836	0.113276	0.566379	0	0.0513257	0.475394	0.158465	0	0.157651	0	0	0	0.75	0.078125	0	0.0351562	0.000900269	0	
44	0.233225	0.766775	0	0.125	0.0625	0.61249	0.688488	0.688488	0.00209623	0.0625	0.0583063	0.228088	0.228088	0.00961302	0.0353945	0.138639	0	0.00355457	0.67493	0	0.224977	0.0524702	0	0	1	0.75	0.0625	0	0.0195312	0.000534058	1	
44	0.771912	0.228088	0	0.125	0.0625	0.572765	0.582367	0.582367	9.57199e-05	0.0625	0.192978	0.771912	0.771912	0.111722	0.112384	0.449536	0	0.0378904	0.673774	0.224591	0	0.173365	0	0	1	0.75	0.0625	0	0.0130208	0.00052219	1	
45	0.74981	0.25019	0	0.09375	0.046875	0.569593	0.572184	0.572184	3.38475e-06	0.046875	0.249937	0.74981	0.74981	0.124937	0.14301	0.429029	0	0.0409035	0.588146	0.196049	0	0.146999	0	0	1	0.875	0.046875	0	0.0100446	0.000265316	0	
45	0.74981	0.25019	0	0.09375	0.046875	0.614044	0.688488	0.688488	0.00278532	0.046875	0.249937	0.74981	0.74981	0.124937	0.14301	0.429029	0	0.0409035	0.67493	0	0.224977	0.16869	0	0	1	0.875	0.046875	0	0.0133929	0.000274035	0	
45	0.25019	0.74981	0	0.0625	0.03125	0.645008	0.6862	0.6862	0.00169683	0.03125	0.125095	0.131665	0.131665	4.31648e-05	0.0809579	0.0903486	0.0715672	8.81851e-05	0.354265	0.118088	0	0.0295446	0	0	0	0.875	0.03125	0	0.00558036	0.000125807	1	
45	0.131665	0.868335	0	0.03125	0.015625	0.6862	0.6862	0.6862	0	0.015625	0.131665	0.131665	0.131665	0	0.0903486	0.0903486	0.0903486	0	0.3371	0	0.112367	0.0147948	0	0	0	0.875	0.015625	0	0.00334821	4.11053e-05	0	
45	0.25019	0.74981	0	0.0625	0.03125	0.645008	0.6862	0.6862	0.00169683	0.03125	0.125095	0.131665	0.131665	4.31648e-05	0.0809579	0.0903486	0.0715672	8.81851e-05	0.318994	0.106331	0	0.026603	0	0	0	0.875	0.03125	0	0.00558036	0.000125807	1	
45	0.25019	0.74981	0	0.0625	0.03125	0.645008	0.6862	0.6862	0.00169683	0.03125	0.125095	0.131665	0.131665	4.31648e-05	0.0809579	0.0903486	0.0715672	8.81851e-05	0.413888	0.137963	0	0.0345169	0	0	0	0.875	0.03125	0	0.00558036	0.000125807	1	
45	0.25019	0.74981	0	0.0625	0.03125	0.645008	0.6862	0.6862	0.00169683	0.03125	0.125095	0.131665	0.131665	4.31648e-05	0.0809579	0.0903486	0.0715672	8.81851e-05	0.304287	0.101429	0	0.0253765	0	0	0	0.875	0.03125	0	0.00558036	0.000125807	1	
46	0.333304	0.666696	0	0.15625	0.078125	0.577975	0.583107	0.583107	2.39469e-05	0.078125	0.0666609	0.333304	0.333304	0.0177747	0.0379503	0.189751	0	0.0057609	0.395073	0	0.131691	0.0438931	0	0	0	0.6875	0.078125	0	0.0198864	0.00106938	0	
46	0.727183	0.272817	0	0.1875	0.09375	0.573629	0.580726	0.580726	1.76187e-05	0.09375	0.121197	0.393879	0.393879	0.0296833	0.0692318	0.225639	0	0.0096934	0.575618	0.191873	0	0.139527	0	0	1	0.6875	0.09375	0	0.0255682	0.00174329	0	
46	0.666696	0.333304	0	0.25	0.125	0.587417	0.688488	0.688488	0.00149499	0.125	0.083337	0.393879	0.393879	0.0217512	0.0473084	0.225639	0	0.00704559	0.560292	0	0.186764	0.124515	0	0	1	0.6875	0.125	0	0.03125	0.00244141	0	
46	0.666696	0.333304	0	0.28125	0.140625	0.606219	0.736011	0.736011	0.00337755	0.140625	0.0740773	0.393879	0.393879	0.0200203	0.0420519	0.225639	0	0.00648379	0.547059	0	0.182353	0.121574	0	0	1	0.6875	0.140625	0	0.0369318	0.0028974	1	
46	0.333304	0.666696	0	0.15625	0.078125	0.576182	0.583107	0.583107	2.05066e-05	0.078125	0.0666609	0.333304	0.333304	0.0177747	0.0379503	0.189751	0	0.0057609	0.475394	0.158465	0	0.052817	0	0	0	0.6875	0.078125	0	0.0213068	0.00121061	1	
47	0.477933	0.522067	0	0.15625	0.078125	0.577975	0.583107	0.583107	2.39469e-05	0.078125	0.0955867	0.477933	0.477933	0.0365473	0.0544179	0.272089	0	0.0118452	0.395073	0	0.131691	0.0629395	0	0	0	0.9375	0.078125	0	0.034375	0.000983073	0	
47	0.237357	0.762643	0	0.125	0.0625	0.585963	0.591727	0.591727	1.29531e-05	0.0625	0.0593392	0.237357	0.237357	0.0105634	0.03463	0.13852	0	0.0035977	0.465529	0.155176	0	0.0368321	0	0	1	0.9375	0.0625	0	0.01875	0.000527344	0	
47	0.237357	0.762643	0	0.1875	0.09375	0.578547	0.591727	0.591727	0.000130554	0.09375	0.0395595	0.237357	0.237357	0.00782475	0.0230866	0.13852	0	0.00266496	0.582454	0.194151	0	0.0460831	0	0	1	0.9375	0.09375	0	0.0291667	0.00126519	0	
47	0.477933	0.522067	0	0.15625	0.078125	0.576182	0.583107	0.583107	2.05066e-05	0.078125	0.0955867	0.477933	0.477933	0.0365473	0.0544179	0.272089	0	0.0118452	0.475394	0.158465	0	0.0757356	0	0	0	0.9375	0.078125	0	0.0302083	0.000861545	0	
47	0.28471	0.71529	0	0.125	0.0625	0.624474	0.669514	0.669514	0.00201153	0.0625	0.0711775	0.28471	0.28471	0.0151987	0.0414731	0.165892	0	0.00516004	0.379033	0.126344	0	0.0359715	0	0	1	0.9375	0.0625	0	0.0145833	0.000633681	0	
47	0.28471	0.71529	0	0.125	0.0625	0.624474	0.669514	0.669514	0.00201153	0.0625	0.0711775	0.28471	0.28471	0.0151987	0.0414731	0.165892	0	0.00516004	0.341063	0	0.113688	0.032368	0	0	1	0.9375	0.0625	0	0.0145833	0.000633681	1	
47	0.28471	0.71529	0	0.03125	0.015625	0.582671	0.582671	0.582671	0	0.015625	0.28471	0.28471	0.28471	0	0.165892	0.165892	0.165892	0	0.53248	0	0.177493	0.0505341	0	0	1	0.9375	0.015625	0	0.003125	3.90625e-05	0	
48	0.179574	0.820426	0	0.15625	0.078125	0.582544	0.612214	0.612214	0.000295603	0.078125	0.0359149	0.179574	0.179574	0.00515951	0.0205499	0.10275	0	0.00168919	0.588146	0.196049	0	0.0352053	0	0	1	0.625	0.078125	0	0.025	0.000839844	0	
48	0.742709	0.257291	0	0.25	0.125	0.611973	0.736011	0.736011	0.00350175	0.125	0.0928387	0.742709	0.742709	0.0603331	0.0531839	0.425471	0	0.0197997	0.547059	0	0.182353	0.135435	0	0	1	0.625	0.125	0	0.0453125	0.00226807	1	
48	0.257291	0.742709	0	0.15625	0.078125	0.576182	0.583107	0.583107	2.05066e-05	0.078125	0.0514582	0.257291	0.257291	0.0105918	0.0295654	0.147827	0	0.00349645	0.475394	0.158465	0	0.0407715	0	0	0	0.625	0.078125	0	0.034375	0.00106445	0	
48	0.179574	0.820426	0	0.1875	0.09375	0.637634	0.736011	0.736011	0.0033924	0.09375	0.0299291	0.179574	0.179574	0.00447874	0.0171249	0.10275	0	0.00146631	0.67493	0	0.224977	0.0404001	0	0	1	0.625	0.09375	0	0.0265625	0.0013208	0	
48	0.820426	0.179574	0	0.09375	0.046875	0.634173	0.669514	0.669514	0.00246417	0.046875	0.273475	0.820426	0.820426	0.149577	0.154232	0.462696	0	0.0475751	0.578595	0.192865	0	0.158231	0	0	0	0.625	0.046875	0	0.0140625	0.000461426	0	
48	0.820426	0.179574	0	0.03125	0.015625	0.563971	0.563971	0.563971	0	0.015625	0.820426	0.820426	0.820426	0	0.462696	0.462696	0.462696	0	0.471591	0	0.157197	0.128969	0	0	0	0.625	0.015625	0	0.0046875	5.12695e-05	0	
49	0.965563	0.0344367	0	0.21875	0.109375	0.591307	0.688488	0.688488	0.0015875	0.109375	0.137938	0.965563	0.965563	0.114161	0.0790195	0.553136	0	0.0374645	0.560292	0	0.186764	0.180332	0	0	1	0.6875	0.109375	0	0.0454545	0.00192891	0	
49	0.360245	0.639755	0	0.1875	0.09375	0.584572	0.612214	0.612214	0.000266895	0.09375	0.0600408	0.180122	0.180122	0.0072098	0.0349078	0.107121	0	0.00243903	0.588146	0.196049	0	0.0706255	0	0	1	0.6875	0.09375	0	0.0326705	0.00108552	0	
49	0.0344367	0.965563	0	0.1875	0.09375	0.576682	0.583107	0.583107	1.83392e-05	0.09375	0.00573946	0.0344367	0.0344367	0.000164707	0.00332419	0.0199452	0	5.52513e-05	0.475394	0.158465	0	0.00545701	0	0	0	0.6875	0.09375	0	0.0411932	0.00161012	0	
49	0.819878	0.180122	0	0.09375	0.046875	0.634173	0.669514	0.669514	0.00246417	0.046875	0.273293	0.819878	0.819878	0.149378	0.154129	0.462387	0	0.0475116	0.578595	0.192865	0	0.158126	0	0	0	0.6875	0.046875	0	0.0127841	0.000435821	1	
49	0.819878	0.180122	0	0.03125	0.015625	0.563971	0.563971	0.563971	0	0.015625	0.819878	0.819878	0.819878	0	0.462387	0.462387	0.462387	0	0.471591	0	0.157197	0.128882	0	0	0	0.6875	0.015625	0	0.00426136	4.84246e-05	1	
50	0.753443	0.246557	0	0.0625	0.03125	0.5727	0.576096	0.576096	1.15337e-05	0.03125	0.376721	0.753443	0.753443	0.141919	0.217028	0.434055	0	0.047101	0.395073	0	0.131691	0.0992215	0	0	0	0.625	0.03125	0	0.0140625	0.000217285	0	
50	0.713861	0.286139	0	0.15625	0.078125	0.582544	0.612214	0.612214	0.000295603	0.078125	0.142772	0.713861	0.713861	0.0815357	0.081692	0.40846	0	0.0266943	0.588146	0.196049	0	0.139951	0	0	1	0.625	0.078125	0	0.0265625	0.000783691	0	
50	0.246557	0.753443	0	0.0625	0.03125	0.571928	0.574552	0.574552	6.88642e-06	0.03125	0.123279	0.246557	0.246557	0.0151976	0.07083	0.14166	0	0.00501689	0.475394	0.158465	0	0.0390706	0	0	0	0.625	0.03125	0	0.0140625	0.000217285	1	
50	0.713861	0.286139	0	0.125	0.0625	0.600327	0.63545	0.63545	0.00063075	0.0625	0.178465	0.713861	0.713861	0.0955496	0.102115	0.40846	0	0.0312824	0.67493	0	0.224977	0.160602	0	0	1	0.625	0.0625	0	0.021875	0.000644531	0	
50	0.286139	0.713861	0	0.09375	0.046875	0.634173	0.669514	0.669514	0.00246417	0.046875	0.0953796	0.286139	0.286139	0.0181945	0.0537914	0.161374	0	0.00578702	0.578595	0.192865	0	0.0551862	0	0	0	0.625	0.046875	0	0.0140625	0.000461426	0	
50	0.286139	0.713861	0	0.03125	0.015625	0.563971	0.563971	0.563971	0	0.015625	0.286139	0.286139	0.286139	0	0.161374	0.161374	0.161374	0	0.471591	0	0.157197	0.0449802	0	0	0	0.625	0.015625	0	0.0046875	5.12695e-05	0	
51	0.764407	0.235593	0	0.15625	0.078125	0.577975	0.583107	0.583107	2.39469e-05	0.078125	0.152881	0.764407	0.764407	0.0934909	0.087036	0.43518	0	0.030301	0.395073	0	0.131691	0.100665	0	0	0	0.75	0.078125	0	0.0286458	0.000969781	0	
51	0.764407	0.235593	0	0.15625	0.078125	0.576182	0.583107	0.583107	2.05066e-05	0.078125	0.152881	0.764407	0.764407	0.0934909	0.087036	0.43518	0	0.030301	0.475394	0.158465	0	0.121132	0	0	0	0.75	0.078125	0	0.0286458	0.00105116	0	
51	0.312783	0.687217	0	0.125	0.0625	0.619193	0.688488	0.688488	0.00181502	0.0625	0.0781958	0.156392	0.156392	0.00611458	0.0461533	0.0951283	0	0.0021341	0.67493	0	0.224977	0.0703689	0	0	1	0.75	0.0625	0	0.0234375	0.000508626	1	
51	0.0792013	0.920799	0	0.09375	0.046875	0.634173	0.669514	0.669514	0.00246417	0.046875	0.0264004	0.0792013	0.0792013	0.00139396	0.0148891	0.0446672	0	0.000443369	0.578595	0.192865	0	0.0152752	0	0	0	0.75	0.046875	0	0.0169271	0.000425551	0	
51	0.0792013	0.920799	0	0.09375	0.046875	0.635293	0.744488	0.744488	0.00614825	0.046875	0.0264004	0.0792013	0.0792013	0.00139396	0.0148891	0.0446672	0	0.000443369	0.471591	0	0.157197	0.0124502	0	0	0	0.75	0.046875	0	0.00911458	0.00030348	0	
52	0.837261	0.162739	0	0.15625	0.078125	0.577975	0.583107	0.583107	2.39469e-05	0.078125	0.167452	0.837261	0.837261	0.112161	0.0953312	0.476656	0	0.0363521	0.395073	0	0.131691	0.11026	0	0	0	0.8125	0.078125	0	0.0360577	0.000953449	0	
52	0.162739	0.837261	0	0.15625	0.078125	0.581667	0.607831	0.607831	0.000246651	0.078125	0.0325478	0.162739	0.162739	0.00423743	0.0197835	0.0989177	0	0.00156555	0.588146	0.196049	0	0.0319047	0	0	1	0.8125	0.078125	0	0.0180288	0.000782984	0	
52	0.707871	0.292129	0	0.15625	0.078125	0.576022	0.591727	0.591727	0.000131753	0.078125	0.141574	0.707871	0.707871	0.0801731	0.0824481	0.412241	0	0.0271908	0.582454	0.194151	0	0.137434	0	0	1	0.8125	0.078125	0	0.0180288	0.000858104	0	
52	0.837261	0.162739	0	0.15625	0.078125	0.576182	0.583107	0.583107	2.05066e-05	0.078125	0.167452	0.837261	0.837261	0.112161	0.0953312	0.476656	0	0.0363521	0.475394	0.158465	0	0.132676	0	0	0	0.8125	0.078125	0	0.03125	0.000901442	1	
52	0.325478	0.674522	0	0.125	0.0625	0.61249	0.688488	0.688488	0.00209623	0.0625	0.0813695	0.162739	0.162739	0.00662099	0.0483859	0.0989177	0	0.0023435	0.67493	0	0.224977	0.073225	0	0	1	0.8125	0.0625	0	0.0192308	0.00049406	0	
53	0.652512	0.347488	0	0.21875	0.109375	0.574423	0.580726	0.580726	1.88777e-05	0.109375	0.0932161	0.423718	0.423718	0.024437	0.0537826	0.24541	0	0.00816527	0.575618	0.191873	0	0.125199	0	0	1	0.625	0.109375	0	0.0375	0.00240234	1	
53	0.576282	0.423718	0	0.25	0.125	0.587417	0.688488	0.688488	0.00149499	0.125	0.0720353	0.347488	0.347488	0.0164478	0.0407157	0.194658	0	0.00522604	0.560292	0	0.186764	0.107629	0	0	1	0.625	0.125	0	0.0421875	0.00259033	0	
53	1	1.11022e-16	0.0309367	0.34375	0.171875	0.603894	0.736011	0.736011	0.00282469	0.171875	0.0909091	0.423718	0.423718	0.0237929	0.0519214	0.24541	0	0.00778566	0.547059	0	0.182353	0.182353	0	0	1	0.625	0.171875	0	0.0671875	0.0056665	0	
53	0.423718	0.576282	0	0.21875	0.109375	0.58111	0.607677	0.607677	0.000133353	0.109375	0.0605311	0.423718	0.423718	0.0219841	0.0350585	0.24541	0	0.00737461	0.475394	0.158465	0	0.0671443	0	0	0	0.625	0.109375	0	0.040625	0.00254883	0	
54	0.847546	0.152454	0	0.09375	0.046875	0.572961	0.576096	0.576096	1.15693e-05	0.046875	0.282515	0.847546	0.847546	0.15963	0.162756	0.488268	0	0.052979	0.560292	0	0.186764	0.158291	0	0	1	0.5625	0.046875	0	0.015625	0.000488281	0	
54	0.341247	0.658753	0	0.15625	0.078125	0.591185	0.61207	0.61207	0.000119415	0.078125	0.0682493	0.341247	0.341247	0.0186319	0.0398298	0.199149	0	0.00634567	0.465529	0.155176	0	0.0529534	0	0	1	0.5625	0.078125	0	0.0399306	0.000765577	0	
54	0.152454	0.847546	0	0.0625	0.03125	0.571928	0.574552	0.574552	6.88642e-06	0.03125	0.0762271	0.152454	0.152454	0.00581057	0.0433964	0.0867927	0	0.00188324	0.475394	0.158465	0	0.0241586	0	0	0	0.5625	0.03125	0	0.0104167	0.000217014	1	
54	0.658753	0.341247	0	0.25	0.125	0.580364	0.595933	0.595933	0.000117228	0.125	0.0823442	0.658753	0.658753	0.047464	0.0483171	0.386537	0	0.0163418	0.673774	0.224591	0	0.14795	0	0	1	0.5625	0.125	0	0.0607639	0.00214	0	
55	0.64547	0.35453	0	0.25	0.125	0.590027	0.688488	0.688488	0.00140052	0.125	0.0806838	0.5	0.5	0.0273853	0.0466175	0.289135	0	0.00915462	0.560292	0	0.186764	0.120551	0	0	1	0.9375	0.125	0	0.05625	0.00191406	1	
55	0.503933	0.496067	0	0.15625	0.078125	0.595733	0.612214	0.612214	0.00019793	0.078125	0.100787	0.5	0.5	0.0398451	0.0576839	0.286092	0	0.0130434	0.588146	0.196049	0	0.0987954	0	0	1	0.9375	0.078125	0	0.021875	0.000807292	0	
55	0.85453	0.14547	0	0.1875	0.09375	0.576997	0.583107	0.583107	2.04074e-05	0.09375	0.142422	0.5	0.5	0.0423313	0.0818284	0.289135	0	0.0140269	0.475394	0.158465	0	0.135413	0	0	0	0.9375	0.09375	0	0.0416667	0.00125868	0	
56	0.781549	0.218451	0	0.21875	0.109375	0.591307	0.688488	0.688488	0.0015875	0.109375	0.11165	0.781549	0.781549	0.0747941	0.0639601	0.447721	0	0.0245454	0.560292	0	0.186764	0.145965	0	0	1	0.5625	0.109375	0	0.046875	0.00200738	1	
56	0.218451	0.781549	0	0.21875	0.109375	0.594211	0.699384	0.699384	0.00185928	0.109375	0.0312073	0.218451	0.218451	0.00584338	0.0180747	0.126523	0	0.00196018	0.475394	0.158465	0	0.0346168	0	0	0	0.5625	0.109375	0	0.0520833	0.00222439	0	
56	0.0532383	0.946762	0	0.15625	0.078125	0.635069	0.677449	0.677449	0.00205824	0.078125	0.0106477	0.0532383	0.0532383	0.00045349	0.00721325	0.0360662	0	0.000208124	0.379033	0.126344	0	0.00672636	0	0	1	0.5625	0.078125	0	0.0277778	0.00129003	0	
56	0.0532383	0.946762	0	0.15625	0.078125	0.635069	0.677449	0.677449	0.00205824	0.078125	0.0106477	0.0532383	0.0532383	0.00045349	0.00721325	0.0360662	0	0.000208124	0.341063	0	0.113688	0.00605255	0	0	1	0.5625	0.078125	0	0.0277778	0.00129003	0	
57	0.193005	0.806995	0	0.15625	0.078125	0.577975	0.583107	0.583107	2.39469e-05	0.078125	0.0386011	0.193005	0.193005	0.00596017	0.0219757	0.109879	0	0.00193173	0.395073	0	0.131691	0.025417	0	0	0	0.75	0.078125	0	0.03125	0.000895182	0	
57	0.431306	0.568694	0	0.1875	0.09375	0.584572	0.612214	0.612214	0.000266895	0.09375	0.0718843	0.431306	0.431306	0.0258368	0.041131	0.246786	0	0.0084588	0.588146	0.196049	0	0.0845569	0	0	1	0.75	0.09375	0	0.0299479	0.00107659	0	
57	0.944383	0.0556169	0	0.1875	0.09375	0.576682	0.583107	0.583107	1.83392e-05	0.09375	0.157397	0.375689	0.375689	0.028482	0.090554	0.217592	0	0.00946868	0.475394	0.158465	0	0.149651	0	0	0	0.75	0.09375	0	0.0403646	0.00148349	0	
57	0.431306	0.568694	0	0.1875	0.09375	0.637634	0.736011	0.736011	0.0033924	0.09375	0.0718843	0.431306	0.431306	0.0258368	0.041131	0.246786	0	0.0084588	0.67493	0	0.224977	0.0970338	0	0	1	0.75	0.09375	0	0.0247396	0.00115797	1	
58	0.72081	0.27919	0	0.25	0.125	0.599167	0.667491	0.667491	0.00130834	0.125	0.0901013	0.24027	0.24027	0.0115713	0.0527527	0.139614	0	0.00389087	0.395073	0	0.131691	0.0949241	0	0	0	0.9375	0.125	0	0.053125	0.00217448	0	
58	0.798649	0.201351	0	0.25	0.125	0.584482	0.654897	0.654897	0.000724846	0.125	0.0998312	0.27919	0.27919	0.0143989	0.05786	0.161702	0	0.00475218	0.575618	0.191873	0	0.153239	0	0	1	0.9375	0.125	0	0.0625	0.00247396	0	
58	0.96108	0.0389195	0	0.28125	0.140625	0.598634	0.688488	0.688488	0.00183756	0.140625	0.106787	0.24027	0.24027	0.0142543	0.061646	0.139614	0	0.00475063	0.560292	0	0.186764	0.179495	0	0	1	0.9375	0.140625	0	0.0614583	0.00255425	0	
58	0.0389195	0.96108	0	0.0625	0.03125	0.661194	0.667491	0.667491	3.96498e-05	0.03125	0.0194598	0.0389195	0.0389195	0.000378683	0.0127441	0.0254883	0	0.000162413	0.560662	0.186887	0	0.00727357	0	0	0	0.9375	0.03125	0	0.009375	0.000188802	0	
58	0.48054	0.51946	0	0.09375	0.046875	0.617122	0.692018	0.692018	0.00281067	0.046875	0.16018	0.304798	0.304798	0.0156047	0.0997379	0.177597	0	0.00549613	0.379033	0.126344	0	0.0607136	0	0	1	0.9375	0.046875	0	0.009375	0.000351562	1	
58	0.48054	0.51946	0	0.09375	0.046875	0.617122	0.692018	0.692018	0.00281067	0.046875	0.16018	0.304798	0.304798	0.0156047	0.0997379	0.177597	0	0.00549613	0.341063	0	0.113688	0.0546316	0	0	1	0.9375	0.046875	0	0.009375	0.000351562	1	
58	0.0389195	0.96108	0	0.03125	0.015625	0.607677	0.607677	0.607677	0	0.015625	0.0389195	0.0389195	0.0389195	0	0.0236505	0.0236505	0.0236505	0	0.425326	0.141775	0	0.00551783	0	0	0	0.9375	0.015625	0	0.00625	5.85938e-05	0	
58	0.175742	0.824258	0	0.03125	0.015625	0.692018	0.692018	0.692018	0	0.015625	0.175742	0.175742	0.175742	0	0.121617	0.121617	0.121617	0	0.471591	0	0.157197	0.0276261	0	0	0	0.9375	0.015625	0	0.003125	3.90625e-05	0	
58	0.48054	0.51946	0	0.0625	0.03125	0.637345	0.692018	0.692018	0.00298917	0.03125	0.24027	0.304798	0.304798	0.00416387	0.149607	0.177597	0.121617	0.000783453	0.53248	0	0.177493	0.0852927	0	0	1	0.9375	0.03125	0	0.00625	0.00015625	0	
59	0.902727	0.0972728	0	0.1875	0.09375	0.578491	0.583107	0.583107	2.12863e-05	0.09375	0.150455	0.805454	0.805454	0.0870666	0.0858382	0.458548	0	0.0282079	0.395073	0	0.131691	0.118881	0	0	0	1.0625	0.09375	0	0.0431985	0.00125027	0	
59	0.902727	0.0972728	0	0.28125	0.140625	0.586711	0.688488	0.688488	0.00133286	0.140625	0.100303	0.708182	0.708182	0.0477666	0.0565647	0.396713	0	0.0149888	0.560292	0	0.186764	0.168597	0	0	1	1.0625	0.140625	0	0.0569853	0.00252588	1	
59	0.245236	0.754764	0	0.125	0.0625	0.591049	0.61207	0.61207	0.000149177	0.0625	0.061309	0.194546	0.194546	0.00634558	0.0360807	0.113297	0	0.00214788	0.465529	0.155176	0	0.0380548	0	0	1	1.0625	0.0625	0	0.0202206	0.000625135	0	
59	0.902727	0.0972728	0	0.3125	0.15625	0.603515	0.736011	0.736011	0.00310558	0.15625	0.0902727	0.708182	0.708182	0.0438954	0.0509533	0.396713	0	0.0137783	0.547059	0	0.182353	0.164615	0	0	1	1.0625	0.15625	0	0.0560662	0.00258671	0	
59	0.0506903	0.94931	0	0.1875	0.09375	0.644359	0.736011	0.736011	0.00273829	0.09375	0.00844838	0.0506903	0.0506903	0.000356875	0.005171	0.031026	0	0.000133696	0.67493	0	0.224977	0.0114041	0	0	1	1.0625	0.09375	0	0.0202206	0.00102725	0	
59	0.143855	0.856145	0	0.09375	0.046875	0.633394	0.691091	0.691091	0.00169295	0.046875	0.0479518	0.143855	0.143855	0.00459874	0.0293025	0.0879076	0	0.00171728	0.50401	0	0.168003	0.0241682	0	0	0	1.0625	0.046875	0	0.00735294	0.000233159	0	
59	0.143855	0.856145	0	0.1875	0.09375	0.619165	0.691091	0.691091	0.0014294	0.09375	0.0239759	0.143855	0.143855	0.00287422	0.0146513	0.0879076	0	0.0010733	0.569185	0	0.189728	0.0272934	0	0	0	1.0625	0.09375	0	0.0183824	0.00101204	0	
60	0.759191	0.240809	0	0.25	0.125	0.587417	0.688488	0.688488	0.00149499	0.125	0.0948989	0.759191	0.759191	0.0630406	0.0543642	0.434913	0	0.0206882	0.560292	0	0.186764	0.14179	0	0	1	0.5	0.125	0	0.0527344	0.00268173	0	
60	0.240809	0.759191	0	0.1875	0.09375	0.576682	0.583107	0.583107	1.83392e-05	0.09375	0.0401348	0.240809	0.240809	0.00805401	0.0232454	0.139472	0	0.00270174	0.475394	0.158465	0	0.0381597	0	0	0	0.5	0.09375	0	0.0429688	0.00193787	0	
60	0.618106	0.381894	0	0.28125	0.140625	0.611434	0.736011	0.736011	0.00230669	0.140625	0.0686784	0.618106	0.618106	0.0377338	0.0419683	0.377714	0	0.0140907	0.452101	0	0.1507	0.0931487	0	0	0	0.5	0.140625	0.015625	0.0644531	0.002285	1	
61	0.75245	0.24755	0	0.15625	0.078125	0.577975	0.583107	0.583107	2.39469e-05	0.078125	0.15049	0.5049	0.5049	0.0405938	0.0863579	0.287442	0	0.0132341	0.395073	0	0.131691	0.0990908	0	0	0	0.9375	0.078125	0	0.03125	0.000846354	0	
61	0.33465	0.66535	0	0.15625	0.078125	0.583793	0.595933	0.595933	0.000161967	0.078125	0.0669299	0.167325	0.167325	0.00671942	0.0389131	0.0995098	0	0.00227333	0.588146	0.196049	0	0.0656076	0	0	1	0.9375	0.078125	0	0.0239583	0.000809462	0	
61	0.080225	0.919775	0	0.125	0.0625	0.624474	0.669514	0.669514	0.00201153	0.0625	0.0200563	0.080225	0.080225	0.00120676	0.0116862	0.0467448	0	0.000409702	0.379033	0.126344	0	0.010136	0	0	1	0.9375	0.0625	0	0.0125	0.000625	0	
61	0.080225	0.919775	0	0.125	0.0625	0.624474	0.669514	0.669514	0.00201153	0.0625	0.0200563	0.080225	0.080225	0.00120676	0.0116862	0.0467448	0	0.000409702	0.341063	0	0.113688	0.00912061	0	0	1	0.9375	0.0625	0	0.0125	0.000625	1	
61	0.080225	0.919775	0	0.03125	0.015625	0.582671	0.582671	0.582671	0	0.015625	0.080225	0.080225	0.080225	0	0.0467448	0.0467448	0.0467448	0	0.53248	0	0.177493	0.0142394	0	0	1	0.9375	0.015625	0	0.003125	3.90625e-05	0	
62	0.543433	0.456567	0	0.15625	0.078125	0.577975	0.583107	0.583107	2.39469e-05	0.078125	0.108687	0.543433	0.543433	0.0472511	0.0618757	0.309378	0	0.0153144	0.395073	0	0.131691	0.0715651	0	0	0	0.625	0.078125	0	0.040625	0.000888672	0	
62	0.456567	0.543433	0	0.15625	0.078125	0.576022	0.591727	0.591727	0.000131753	0.078125	0.0913135	0.456567	0.456567	0.0333526	0.0531779	0.26589	0	0.0113116	0.582454	0.194151	0	0.0886432	0	0	1	0.625	0.078125	0	0.0234375	0.00098877	0	
62	0.543433	0.456567	0	0.15625	0.078125	0.576182	0.583107	0.583107	2.05066e-05	0.078125	0.108687	0.543433	0.543433	0.0472511	0.0618757	0.309378	0	0.0153144	0.475394	0.158465	0	0.0861149	0	0	0	0.625	0.078125	0	0.0375	0.0009375	0	
62	0.456567	0.543433	0	0.09375	0.046875	0.574186	0.582367	0.582367	0.000119551	0.046875	0.152189	0.456567	0.456567	0.046323	0.0886298	0.26589	0	0.0157105	0.673774	0.224591	0	0.102541	0	0	1	0.625	0.046875	0	0.0125	0.000332031	1	
62	0.931238	0.0687616	0	0.125	0.0625	0.627089	0.669514	0.669514	0.00199869	0.0625	0.23281	0.931238	0.931238	0.162601	0.141044	0.564178	0	0.0596806	0.578595	0.192865	0	0.179603	0	0	0	0.625	0.0625	0	0.0203125	0.000783691	0	
63	0.543433	0.456567	0	0.0625	0.03125	0.581874	0.583107	0.583107	1.51878e-06	0.03125	0.271716	0.543433	0.543433	0.0738298	0.15777	0.31554	0	0.0248913	0.395073	0	0.131691	0.0715651	0	0	0	0.5625	0.03125	0	0.0138889	0.000186873	1	
63	0.234546	0.765454	0	0.09375	0.046875	0.579018	0.583107	0.583107	9.47942e-06	0.046875	0.0781819	0.234546	0.234546	0.0122248	0.0452103	0.135631	0	0.00408794	0.475394	0.158465	0	0.0371672	0	0	0	0.5625	0.046875	0	0.0225694	0.000494309	1	
64	0.865133	0.134867	0	0.125	0.0625	0.57448	0.580726	0.580726	2.0814e-05	0.0625	0.216283	0.865133	0.865133	0.140335	0.123901	0.495603	0	0.0460543	0.575618	0.191873	0	0.165995	0	0	1	0.8125	0.0625	0	0.0204327	0.000728088	0	
64	0.288922	0.711078	0	0.09375	0.046875	0.584042	0.586167	0.586167	2.50774e-06	0.046875	0.0963072	0.288922	0.288922	0.0185502	0.0562043	0.168613	0	0.00631784	0.465529	0.155176	0	0.0448338	0	0	1	0.8125	0.046875	0	0.0240385	0.000398715	0	
64	0.711078	0.288922	0	0.0625	0.03125	0.623096	0.669514	0.669514	0.00215465	0.03125	0.355539	0.711078	0.711078	0.126408	0.205031	0.410063	0	0.0420379	0.370095	0.123365	0	0.0877222	0	0	0	0.8125	0.03125	0	0.00841346	0.000173354	1	
64	0.288922	0.711078	0	0.09375	0.046875	0.668653	0.736011	0.736011	0.00417776	0.046875	0.0963072	0.288922	0.288922	0.0185502	0.0559987	0.167996	0	0.00627172	0.67493	0	0.224977	0.0650007	0	0	1	0.8125	0.046875	0	0.0144231	0.000280256	0	
64	0.711078	0.288922	0	0.125	0.0625	0.624474	0.669514	0.669514	0.00201153	0.0625	0.17777	0.711078	0.711078	0.0948061	0.102516	0.410063	0	0.0315284	0.379033	0.126344	0	0.0898408	0	0	1	0.8125	0.0625	0	0.0168269	0.000693417	0	
64	0.711078	0.288922	0	0.125	0.0625	0.624474	0.669514	0.669514	0.00201153	0.0625	0.17777	0.711078	0.711078	0.0948061	0.102516	0.410063	0	0.0315284	0.341063	0	0.113688	0.0808409	0	0	1	0.8125	0.0625	0	0.0168269	0.000693417	0	
65	0.847969	0.152031	0	0.125	0.0625	0.57448	0.580726	0.580726	2.0814e-05	0.0625	0.211992	0.847969	0.847969	0.134822	0.121443	0.485771	0	0.044245	0.575618	0.191873	0	0.162702	0	0	1	0.5	0.0625	0	0.0234375	0.000915527	1	
65	0.847969	0.152031	0	0.1875	0.09375	0.591085	0.688488	0.688488	0.00193834	0.09375	0.141328	0.847969	0.847969	0.0998682	0.0809618	0.485771	0	0.0327741	0.560292	0	0.186764	0.15837	0	0	1	0.5	0.09375	0	0.0292969	0.00161362	0	
65	0.847969	0.152031	0	0.1875	0.09375	0.619819	0.736011	0.736011	0.00450667	0.09375	0.141328	0.847969	0.847969	0.0998682	0.0809618	0.485771	0	0.0327741	0.547059	0	0.182353	0.15463	0	0	1	0.5	0.09375	0	0.0292969	0.00149155	0	
65	0.0727995	0.9272	0	0.09375	0.046875	0.633394	0.691091	0.691091	0.00169295	0.046875	0.0242665	0.0727995	0.0727995	0.00117773	0.0148289	0.0444866	0	0.000439791	0.50401	0	0.168003	0.0122306	0	0	0	0.5	0.046875	0	0.0214844	0.000423431	0	
65	0.152031	0.847969	0	0.03125	0.015625	0.603815	0.603815	0.603815	0	0.015625	0.152031	0.152031	0.152031	0	0.0917988	0.0917988	0.0917988	0	0.354265	0.118088	0	0.0179531	0	0	0	0.5	0.015625	0	0.00390625	4.57764e-05	1	
65	0.152031	0.847969	0	0.03125	0.015625	0.603815	0.603815	0.603815	0	0.015625	0.152031	0.152031	0.152031	0	0.0917988	0.0917988	0.0917988	0	0.318994	0.106331	0	0.0161657	0	0	0	0.5	0.015625	0	0.00390625	4.57764e-05	1	
65	0.152031	0.847969	0	0.03125	0.015625	0.603815	0.603815	0.603815	0	0.015625	0.152031	0.152031	0.152031	0	0.0917988	0.0917988	0.0917988	0	0.413888	0.137963	0	0.0209746	0	0	0	0.5	0.015625	0	0.00390625	4.57764e-05	1	
65	0.152031	0.847969	0	0.03125	0.015625	0.603815	0.603815	0.603815	0	0.015625	0.152031	0.152031	0.152031	0	0.0917988	0.0917988	0.0917988	0	0.304287	0.101429	0	0.0154204	0	0	0	0.5	0.015625	0	0.00390625	4.57764e-05	1	
66	0.709462	0.290538	0	0.15625	0.078125	0.577975	0.583107	0.583107	2.39469e-05	0.078125	0.141892	0.709462	0.709462	0.0805338	0.0807799	0.403899	0	0.0261015	0.395073	0	0.131691	0.0934296	0	0	0	0.75	0.078125	0	0.0273438	0.000940959	0	
66	0.748317	0.251683	0	0.25	0.125	0.587417	0.688488	0.688488	0.00149499	0.125	0.0935397	0.457779	0.457779	0.0279971	0.0529213	0.256441	0	0.00890278	0.560292	0	0.186764	0.139759	1	0	1	0.75	0.125	0	0.0416667	0.00229221	0	
66	0.457779	0.542221	0	0.28125	0.140625	0.606219	0.736011	0.736011	0.00337755	0.140625	0.0508644	0.457779	0.457779	0.0206975	0.0284935	0.256441	0	0.00649503	0.547059	0	0.182353	0.0834775	0	0	1	0.75	0.140625	0	0.0403646	0.00254144	1	
66	0.542221	0.457779	0	0.09375	0.046875	0.634173	0.669514	0.669514	0.00246417	0.046875	0.18074	0.542221	0.542221	0.0653341	0.101932	0.305797	0	0.0207804	0.578595	0.192865	0	0.104575	0	0	0	0.75	0.046875	0	0.0169271	0.000425551	0	
66	0.542221	0.457779	0	0.09375	0.046875	0.635293	0.744488	0.744488	0.00614825	0.046875	0.18074	0.542221	0.542221	0.0653341	0.101932	0.305797	0	0.0207804	0.471591	0	0.157197	0.0852356	0	0	0	0.75	0.046875	0	0.00911458	0.00030348	0	
67	0.735264	0.264736	0	0.1875	0.09375	0.578491	0.583107	0.583107	2.12863e-05	0.09375	0.122544	0.735264	0.735264	0.0750852	0.0697648	0.418589	0	0.0243356	0.395073	0	0.131691	0.0968276	0	0	0	0.875	0.09375	0	0.0502232	0.000982791	0	
67	0.264736	0.735264	0	0.125	0.0625	0.591049	0.61207	0.61207	0.000149177	0.0625	0.0661839	0.264736	0.264736	0.0131409	0.0385433	0.154173	0	0.00445676	0.465529	0.155176	0	0.0410807	0	0	1	0.875	0.0625	0	0.015625	0.00062779	0	
67	0.992774	0.0072262	0	0.15625	0.078125	0.584827	0.612673	0.612673	0.000293545	0.078125	0.198555	0.728038	0.728038	0.0806009	0.116273	0.427191	0	0.0277329	0.582454	0.194151	0	0.192748	0	0	1	0.875	0.078125	0	0.0178571	0.000866948	0	
67	0.735264	0.264736	0	0.3125	0.15625	0.603515	0.736011	0.736011	0.00310558	0.15625	0.0735264	0.735264	0.735264	0.0486552	0.0411885	0.411885	0	0.0152684	0.547059	0	0.182353	0.134078	0	0	1	0.875	0.15625	0	0.0680804	0.00232307	1	
67	0.992774	0.0072262	0	0.21875	0.109375	0.584173	0.610728	0.610728	0.000196451	0.109375	0.141825	0.728038	0.728038	0.0656178	0.083052	0.427191	0	0.0225683	0.673774	0.224591	0	0.222968	0	0	1	0.875	0.109375	0	0.0256696	0.00176504	0	
67	0.271962	0.728038	0	0.09375	0.046875	0.633394	0.691091	0.691091	0.00169295	0.046875	0.090654	0.271962	0.271962	0.0164363	0.0553971	0.166191	0	0.00613769	0.50401	0	0.168003	0.0456905	0	0	0	0.875	0.046875	0	0.00892857	0.000269053	0	
67	0.271962	0.728038	0	0.1875	0.09375	0.619165	0.691091	0.691091	0.0014294	0.09375	0.045327	0.271962	0.271962	0.0102727	0.0276986	0.166191	0	0.00383606	0.569185	0	0.189728	0.0515989	0	0	0	0.875	0.09375	0	0.0200893	0.00120077	0	
68	0.99803	0.00196962	0	0.1875	0.09375	0.573629	0.580726	0.580726	1.76187e-05	0.09375	0.166338	0.99803	0.99803	0.138342	0.0952893	0.571736	0	0.0454002	0.575618	0.191873	0	0.191495	0	0	1	0.5625	0.09375	0	0.03125	0.00195312	0	
68	0.99803	0.00196962	0	0.21875	0.109375	0.591307	0.688488	0.688488	0.0015875	0.109375	0.142576	0.99803	0.99803	0.121967	0.0816765	0.571736	0	0.0400263	0.560292	0	0.186764	0.186396	0	0	1	0.5625	0.109375	0	0.0329861	0.00224851	0	
68	0.99803	0.00196962	0	0.25	0.125	0.611973	0.736011	0.736011	0.00350175	0.125	0.124754	0.99803	0.99803	0.108945	0.0714669	0.571736	0	0.0357527	0.547059	0	0.182353	0.181994	0	0	1	0.5625	0.125	0	0.0364583	0.00282118	0	
68	0.609038	0.390962	0	0.25	0.125	0.586711	0.610728	0.610728	0.000129122	0.125	0.0761297	0.605098	0.605098	0.0399733	0.0464771	0.36955	0	0.0149111	0.673774	0.224591	0	0.136785	0	0	1	0.5625	0.125	0	0.0503472	0.00210383	1	
69	0.744233	0.255767	0	0.1875	0.09375	0.578491	0.583107	0.583107	2.12863e-05	0.09375	0.124039	0.744233	0.744233	0.0769282	0.0720222	0.432133	0	0.025936	0.395073	0	0.131691	0.0980087	0	0	0	0.6875	0.09375	0	0.0397727	0.00152537	1	
69	0.255767	0.744233	0	0.21875	0.109375	0.574423	0.580726	0.580726	1.88777e-05	0.109375	0.0365381	0.255767	0.255767	0.0080102	0.0209314	0.14652	0	0.00262873	0.575618	0.191873	0	0.0490746	0	0	1	0.6875	0.109375	0	0.0482955	0.00228403	0	
69	0.939263	0.060737	0	0.15625	0.078125	0.595978	0.612214	0.612214	0.000197669	0.078125	0.187853	0.939263	0.939263	0.141154	0.115006	0.57503	0	0.0529056	0.588146	0.196049	0	0.184141	0	0	1	0.6875	0.078125	0	0.0269886	0.000891819	0	
70	0.745502	0.254498	0	0.21875	0.109375	0.574423	0.580726	0.580726	1.88777e-05	0.109375	0.1065	0.54896	0.54896	0.0372271	0.0615057	0.317948	0	0.0124696	0.575618	0.191873	0	0.143041	0	0	1	0.5625	0.109375	0	0.0416667	0.00249566	0	
70	0.45104	0.54896	0	0.25	0.125	0.587417	0.688488	0.688488	0.00149499	0.125	0.05638	0.254498	0.254498	0.00974603	0.0318947	0.142566	0	0.00310797	0.560292	0	0.186764	0.084238	0	0	1	0.5625	0.125	0	0.046875	0.00265842	1	
70	0.54896	0.45104	0	0.1875	0.09375	0.576682	0.583107	0.583107	1.83392e-05	0.09375	0.0914934	0.54896	0.54896	0.0418552	0.0529914	0.317948	0	0.0140404	0.475394	0.158465	0	0.0869908	0	0	0	0.5625	0.09375	0	0.0381944	0.0019049	0	
71	0.457779	0.542221	0	0.15625	0.078125	0.577975	0.583107	0.583107	2.39469e-05	0.078125	0.0915558	0.457779	0.457779	0.0335299	0.0521231	0.260615	0	0.0108673	0.395073	0	0.131691	0.0602853	0	0	0	0.75	0.078125	0	0.0286458	0.000969781	0	
71	0.457779	0.542221	0	0.25	0.125	0.587417	0.688488	0.688488	0.00149499	0.125	0.0572224	0.457779	0.457779	0.0229208	0.0320552	0.256441	0	0.00719274	0.560292	0	0.186764	0.0854966	0	0	1	0.75	0.125	0	0.0455729	0.00237868	1	
71	0.542221	0.457779	0	0.09375	0.046875	0.634173	0.669514	0.669514	0.00246417	0.046875	0.18074	0.542221	0.542221	0.0653341	0.101932	0.305797	0	0.0207804	0.578595	0.192865	0	0.104575	0	0	0	0.75	0.046875	0	0.0169271	0.000425551	0	
71	0.542221	0.457779	0	0.09375	0.046875	0.635293	0.744488	0.744488	0.00614825	0.046875	0.18074	0.542221	0.542221	0.0653341	0.101932	0.305797	0	0.0207804	0.471591	0	0.157197	0.0852356	0	0	0	0.75	0.046875	0	0.00911458	0.00030348	0	
71	0.935382	0.0646181	0	0.125	0.0625	0.62922	0.673398	0.673398	0.00065099	0.0625	0.233845	0.935382	0.935382	0.164051	0.14386	0.575442	0	0.0620874	0.53248	0	0.177493	0.166024	0	0	1	0.75	0.0625	0	0.0221354	0.000710381	0	
72	0.837368	0.162632	0	0.0625	0.03125	0.5727	0.576096	0.576096	1.15337e-05	0.03125	0.418684	0.557156	0.557156	0.0191746	0.240251	0.320976	0.159526	0.00651653	0.395073	0	0.131691	0.110274	0	0	0	0.5625	0.03125	0	0.0138889	0.000241127	0	
72	0.719788	0.280212	0	0.09375	0.046875	0.572961	0.576096	0.576096	1.15693e-05	0.046875	0.239929	0.557156	0.557156	0.0547246	0.138139	0.320976	0	0.0181698	0.560292	0	0.186764	0.134431	1	0	1	0.5625	0.046875	0	0.0208333	0.000542535	0	
72	0.442844	0.557156	0	0.0625	0.03125	0.571928	0.574552	0.574552	6.88642e-06	0.03125	0.221422	0.280212	0.280212	0.00345624	0.126483	0.159526	0.0934406	0.00109181	0.475394	0.158465	0	0.0701751	0	0	0	0.5625	0.03125	0	0.0138889	0.000241127	1	
73	0.595933	0.404067	0	0.15625	0.078125	0.577975	0.583107	0.583107	2.39469e-05	0.078125	0.119187	0.595933	0.595933	0.0568218	0.0678534	0.339267	0	0.0184163	0.395073	0	0.131691	0.0784789	0	0	0	0.6875	0.078125	0	0.0269886	0.00102499	0	
73	0.404067	0.595933	0	0.25	0.125	0.587417	0.688488	0.688488	0.00149499	0.125	0.0505084	0.319319	0.319319	0.0110923	0.0289523	0.182927	0	0.00364089	0.560292	0	0.186764	0.0754652	0	0	1	0.6875	0.125	0	0.0426136	0.00248983	0	
73	0.319319	0.680681	0	0.28125	0.140625	0.606219	0.736011	0.736011	0.00337755	0.140625	0.0354799	0.319319	0.319319	0.0100706	0.0203252	0.182927	0	0.0033049	0.547059	0	0.182353	0.0582289	0	0	1	0.6875	0.140625	0	0.0397727	0.00276827	1	
73	0.680681	0.319319	0	0.15625	0.078125	0.576182	0.583107	0.583107	2.05066e-05	0.078125	0.136136	0.595933	0.595933	0.0539306	0.0775918	0.339267	0	0.0174741	0.475394	0.158465	0	0.107864	0	0	0	0.6875	0.078125	0	0.0284091	0.00114605	0	
74	0.392645	0.607355	0	0.15625	0.078125	0.642718	0.736011	0.736011	0.0039158	0.078125	0.078529	0.392645	0.392645	0.0246672	0.044933	0.224665	0	0.0080759	0.67493	0	0.224977	0.088336	0	0	1	0.5	0.078125	0	0.0292969	0.00094223	1	
74	0.607355	0.392645	0	0.21875	0.109375	0.57814	0.58677	0.58677	9.44039e-05	0.109375	0.086765	0.607355	0.607355	0.045169	0.0493261	0.345283	0	0.0145984	0.673774	0.224591	0	0.136407	0	0	1	0.5	0.109375	0	0.046875	0.00170898	0	
74	0.687021	0.312979	0	0.15625	0.078125	0.62614	0.673398	0.673398	0.000558748	0.078125	0.137404	0.687021	0.687021	0.0755197	0.0845303	0.422651	0	0.0285815	0.53248	0	0.177493	0.121942	0	0	1	0.5	0.078125	0	0.0390625	0.00115967	0	
75	0.387837	0.612163	0	0.15625	0.078125	0.581667	0.607831	0.607831	0.000246651	0.078125	0.0775674	0.387837	0.387837	0.0240668	0.0443828	0.221914	0	0.00787934	0.588146	0.196049	0	0.0760349	0	0	1	0.75	0.078125	0	0.0195312	0.000818888	0	
75	0.555832	0.444168	0	0.15625	0.078125	0.576022	0.591727	0.591727	0.000131753	0.078125	0.111166	0.555832	0.555832	0.0494318	0.0647396	0.323698	0	0.0167648	0.582454	0.194151	0	0.107916	0	0	1	0.75	0.078125	0	0.0195312	0.000900269	0	
75	0.387837	0.612163	0	0.125	0.0625	0.61249	0.688488	0.688488	0.00209623	0.0625	0.0969593	0.387837	0.387837	0.0282033	0.0554785	0.221914	0	0.0092336	0.67493	0	0.224977	0.0872544	0	0	1	0.75	0.0625	0	0.0208333	0.000501845	0	
75	0.612163	0.387837	0	0.09375	0.046875	0.634173	0.669514	0.669514	0.00246417	0.046875	0.204054	0.612163	0.612163	0.0832763	0.115081	0.345242	0	0.0264872	0.578595	0.192865	0	0.118065	0	0	0	0.75	0.046875	0	0.0169271	0.000425551	1	
75	0.612163	0.387837	0	0.09375	0.046875	0.635293	0.744488	0.744488	0.00614825	0.046875	0.204054	0.612163	0.612163	0.0832763	0.115081	0.345242	0	0.0264872	0.471591	0	0.157197	0.0962302	0	0	0	0.75	0.046875	0	0.00911458	0.00030348	0	
76	0.837261	0.162739	0	0.15625	0.078125	0.577975	0.583107	0.583107	2.39469e-05	0.078125	0.167452	0.674522	0.674522	0.0682526	0.0957804	0.384008	0	0.0221195	0.395073	0	0.131691	0.11026	0	0	0	0.8125	0.078125	0	0.0360577	0.000803208	0	
76	0.162739	0.837261	0	0.15625	0.078125	0.581667	0.607831	0.607831	0.000246651	0.078125	0.0325478	0.162739	0.162739	0.00423743	0.0197835	0.0989177	0	0.00156555	0.588146	0.196049	0	0.0319047	0	0	1	0.8125	0.078125	0	0.0180288	0.000782984	0	
76	0.575045	0.424955	0	0.15625	0.078125	0.576022	0.591727	0.591727	0.000131753	0.078125	0.115009	0.575045	0.575045	0.0529083	0.0669774	0.334887	0	0.0179439	0.582454	0.194151	0	0.111646	0	0	1	0.8125	0.078125	0	0.0180288	0.000858104	0	
76	0.325478	0.674522	0	0.125	0.0625	0.61249	0.688488	0.688488	0.00209623	0.0625	0.0813695	0.162739	0.162739	0.00662099	0.0483859	0.0989177	0	0.0023435	0.67493	0	0.224977	0.073225	0	0	1	0.8125	0.0625	0	0.0180288	0.000520063	1	
77	0.761278	0.238722	0	0.28125	0.140625	0.612046	0.736011	0.736011	0.00206556	0.140625	0.0845865	0.761278	0.761278	0.057239	0.051785	0.466065	0	0.0214535	0.452101	0	0.1507	0.114725	0	0	0	0.625	0.140625	0	0.0484375	0.00256104	1	
78	0.184708	0.815292	0	0.21875	0.109375	0.574423	0.580726	0.580726	1.88777e-05	0.109375	0.0263869	0.184708	0.184708	0.00417761	0.0152014	0.10641	0	0.00138649	0.575618	0.191873	0	0.0354405	0	0	1	0.625	0.109375	0	0.0609375	0.0019751	1	
78	0.815292	0.184708	0	0.28125	0.140625	0.60833	0.736011	0.736011	0.00321886	0.140625	0.090588	0.815292	0.815292	0.0656494	0.0525992	0.473392	0	0.0221334	0.547059	0	0.182353	0.148671	0	0	1	0.625	0.140625	0	0.0609375	0.00256104	0	
78	0.0121795	0.987821	0	0.03125	0.015625	0.649216	0.649216	0.649216	0	0.015625	0.0121795	0.0121795	0.0121795	0	0.00790712	0.00790712	0.00790712	0	0.425326	0.141775	0	0.00172675	0	0	0	0.625	0.015625	0	0.00625	5.85937e-05	0	
79	0.937245	0.0627546	0	0.15625	0.078125	0.595733	0.612214	0.612214	0.00019793	0.078125	0.187449	0.681553	0.681553	0.0708414	0.108255	0.389973	0	0.0232751	0.588146	0.196049	0	0.183746	0	0	1	0.875	0.078125	0	0.0234375	0.000828334	0	
79	0.636895	0.363105	0	0.25	0.125	0.611973	0.736011	0.736011	0.00350175	0.125	0.0796118	0.318447	0.318447	0.0190141	0.0461349	0.184931	0	0.00638533	0.547059	0	0.182353	0.11614	0	0	1	0.875	0.125	0	0.0457589	0.00165542	1	
79	0.318447	0.681553	0	0.1875	0.09375	0.576997	0.583107	0.583107	2.04074e-05	0.09375	0.0530745	0.318447	0.318447	0.0140845	0.0306914	0.184149	0	0.00470983	0.475394	0.158465	0	0.0504626	0	0	0	0.875	0.09375	0	0.0390625	0.00124686	0	
80	0.576282	0.423718	0	0.25	0.125	0.587417	0.688488	0.688488	0.00149499	0.125	0.0720353	0.576282	0.576282	0.0363236	0.0412664	0.330131	0	0.0119204	0.560292	0	0.186764	0.107629	0	0	1	0.625	0.125	0	0.0484375	0.00241455	1	
80	0.960502	0.0394979	0	0.15625	0.078125	0.591185	0.61207	0.61207	0.000119415	0.078125	0.1921	0.960502	0.960502	0.14761	0.112109	0.560543	0	0.0502733	0.465529	0.155176	0	0.149047	0	0	1	0.625	0.078125	0	0.0328125	0.000852051	0	
80	0.423718	0.576282	0	0.25	0.125	0.578705	0.607677	0.607677	0.000157154	0.125	0.0529647	0.423718	0.423718	0.0196368	0.0306762	0.24541	0	0.00658722	0.475394	0.158465	0	0.0671443	0	0	0	0.625	0.125	0	0.05	0.00282227	1	
80	0.0394979	0.960502	0	0.25	0.125	0.580364	0.595933	0.595933	0.000117228	0.125	0.00493724	0.0394979	0.0394979	0.000170635	0.00289702	0.0231762	0	5.87492e-05	0.673774	0.224591	0	0.0088709	0	0	1	0.625	0.125	0	0.0484375	0.00212158	0	
81	0.768042	0.231958	0	0.03125	0.015625	0.580642	0.580642	0.580642	0	0.015625	0.768042	0.768042	0.768042	0	0.445957	0.445957	0.445957	0	0.395073	0	0.131691	0.101144	0	0	0	0.625	0.015625	0	0.003125	3.90625e-05	1	
81	0.919866	0.0801344	0	0.09375	0.046875	0.609772	0.688488	0.688488	0.00316786	0.046875	0.306622	0.768042	0.768042	0.110296	0.177002	0.445957	0	0.0373739	0.560292	0	0.186764	0.171798	0	0	1	0.625	0.046875	0	0.0109375	0.000344238	0	
81	0.919866	0.0801344	0	0.09375	0.046875	0.609772	0.688488	0.688488	0.00316786	0.046875	0.306622	0.768042	0.768042	0.110296	0.177002	0.445957	0	0.0373739	0.547059	0	0.182353	0.16774	0	0	1	0.625	0.046875	0	0.0109375	0.000344238	0	
81	0.0801344	0.919866	0	0.03125	0.015625	0.603815	0.603815	0.603815	0	0.015625	0.0801344	0.0801344	0.0801344	0	0.0483863	0.0483863	0.0483863	0	0.354265	0.118088	0	0.00946295	0	0	0	0.625	0.015625	0	0.003125	3.90625e-05	0	
81	0.0801344	0.919866	0	0.03125	0.015625	0.603815	0.603815	0.603815	0	0.015625	0.0801344	0.0801344	0.0801344	0	0.0483863	0.0483863	0.0483863	0	0.318994	0.106331	0	0.00852078	0	0	0	0.625	0.015625	0	0.003125	3.90625e-05	0	
81	0.0801344	0.919866	0	0.03125	0.015625	0.603815	0.603815	0.603815	0	0.015625	0.0801344	0.0801344	0.0801344	0	0.0483863	0.0483863	0.0483863	0	0.413888	0.137963	0	0.0110555	0	0	0	0.625	0.015625	0	0.003125	3.90625e-05	0	
81	0.0801344	0.919866	0	0.03125	0.015625	0.603815	0.603815	0.603815	0	0.015625	0.0801344	0.0801344	0.0801344	0	0.0483863	0.0483863	0.0483863	0	0.304287	0.101429	0	0.00812795	0	0	0	0.625	0.015625	0	0.003125	3.90625e-05	0	
82	0.90995	0.0900498	0	0.21875	0.109375	0.589406	0.654897	0.654897	0.000733094	0.109375	0.129993	0.639801	0.639801	0.045055	0.0754355	0.364241	0	0.0145444	0.395073	0	0.131691	0.119832	0	0	0	1.0625	0.109375	0	0.0496324	0.00150032	0	
82	1	1.11022e-16	0.0953718	0.34375	0.171875	0.618038	0.773403	0.773403	0.00419272	0.171875	0.0909091	0.639801	0.639801	0.0318974	0.0526086	0.364241	0	0.0103421	0.575618	0.191873	0	0.191873	0	0	1	1.0625	0.171875	0	0.0744485	0.00369168	0	
82	0.0900498	0.90995	0	0.125	0.0625	0.694364	0.773403	0.773403	0.00234226	0.0625	0.0225125	0.0900498	0.0900498	0.00152043	0.0147433	0.0589734	0	0.000652099	0.560662	0.186887	0	0.0168292	0	0	0	1.0625	0.0625	0	0.0137868	0.000542347	1	
82	0.136784	0.863216	0	0.125	0.0625	0.591049	0.61207	0.61207	0.000149177	0.0625	0.034196	0.0900498	0.0900498	0.0014039	0.0202616	0.052442	0	0.000481562	0.465529	0.155176	0	0.0212256	0	0	1	1.0625	0.0625	0	0.0193015	0.000589655	0	
82	0.046734	0.953266	0	0.1875	0.09375	0.644359	0.736011	0.736011	0.00273829	0.09375	0.00778901	0.046734	0.046734	0.000303343	0.00476742	0.0286045	0	0.000113641	0.67493	0	0.224977	0.0105141	0	0	1	1.0625	0.09375	0	0.0229779	0.000979942	0	
82	0.0433158	0.956684	0	0.09375	0.046875	0.633394	0.691091	0.691091	0.00169295	0.046875	0.0144386	0.0433158	0.0433158	0.000416946	0.00882319	0.0264696	0	0.000155697	0.50401	0	0.168003	0.0072772	0	0	0	1.0625	0.046875	0	0.00735294	0.000233159	0	
82	0.0433158	0.956684	0	0.1875	0.09375	0.619165	0.691091	0.691091	0.0014294	0.09375	0.0072193	0.0433158	0.0433158	0.000260591	0.0044116	0.0264696	0	9.73109e-05	0.569185	0	0.189728	0.00821824	0	0	0	1.0625	0.09375	0	0.0174632	0.00103063	0	
83	0.874347	0.125653	0	0.0625	0.03125	0.623096	0.669514	0.669514	0.00215465	0.03125	0.437173	0.874347	0.874347	0.191121	0.252108	0.504216	0	0.0635585	0.370095	0.123365	0	0.107864	0	0	0	0.5625	0.03125	0	0.0138889	0.000241127	1	
83	0.910155	0.0898447	0	0.21875	0.109375	0.58788	0.611084	0.611084	0.000145755	0.109375	0.130022	0.910155	0.910155	0.101435	0.0794544	0.556181	0	0.037878	0.452101	0	0.1507	0.137161	0	0	0	0.5625	0.109375	0	0.0451389	0.00186873	0	
83	0.125653	0.874347	0	0.03125	0.015625	0.582671	0.582671	0.582671	0	0.015625	0.125653	0.125653	0.125653	0	0.0732145	0.0732145	0.0732145	0	0.53248	0	0.177493	0.0223026	0	0	1	0.5625	0.015625	0	0.00694444	6.02816e-05	1	
84	0.929835	0.0701645	0	0.1875	0.09375	0.578491	0.583107	0.583107	2.12863e-05	0.09375	0.154973	0.446781	0.446781	0.0242794	0.0890146	0.254354	0	0.00789105	0.395073	0	0.131691	0.122451	0	0	0	1.0625	0.09375	0	0.0404412	0.00135164	1	
84	0.553219	0.446781	0	0.15625	0.078125	0.583793	0.595933	0.595933	0.000161967	0.078125	0.110644	0.27661	0.27661	0.0183631	0.0643285	0.164503	0	0.00621265	0.588146	0.196049	0	0.108458	0	0	1	1.0625	0.078125	0	0.0211397	0.000773816	0	
84	0.793555	0.206445	0	0.21875	0.109375	0.577309	0.583107	0.583107	1.80771e-05	0.109375	0.113365	0.446781	0.446781	0.0231596	0.0649945	0.254354	0	0.00752527	0.475394	0.158465	0	0.12575	0	0	0	1.0625	0.109375	0	0.0431985	0.00170983	0	
85	0.668709	0.331291	0	0.15625	0.078125	0.577975	0.583107	0.583107	2.39469e-05	0.078125	0.133742	0.668709	0.668709	0.0715474	0.0761397	0.380698	0	0.023189	0.395073	0	0.131691	0.0880628	0	0	0	0.75	0.078125	0	0.0182292	0.00101047	0	
85	0.331291	0.668709	0	0.25	0.125	0.587417	0.688488	0.688488	0.00149499	0.125	0.0414114	0.331291	0.331291	0.0120043	0.0237231	0.189785	0	0.0039395	0.560292	0	0.186764	0.0618733	0	0	1	0.75	0.125	0	0.0286458	0.00231255	0	
85	0.331291	0.668709	0	0.28125	0.140625	0.606219	0.736011	0.736011	0.00337755	0.140625	0.0368101	0.331291	0.331291	0.0108399	0.0210872	0.189785	0	0.00355736	0.547059	0	0.182353	0.060412	0	0	1	0.75	0.140625	0	0.0338542	0.00276015	1	
85	0.668709	0.331291	0	0.15625	0.078125	0.576182	0.583107	0.583107	2.05066e-05	0.078125	0.133742	0.668709	0.668709	0.0715474	0.0761397	0.380698	0	0.023189	0.475394	0.158465	0	0.105967	0	0	0	0.75	0.078125	0	0.0195312	0.00114441	1	
85	0.811691	0.188309	0	0.15625	0.078125	0.62614	0.673398	0.673398	0.000558748	0.078125	0.162338	0.811691	0.811691	0.105415	0.0998696	0.499348	0	0.0398957	0.53248	0	0.177493	0.14407	0	0	1	0.75	0.078125	0	0.0286458	0.00105116	0	
86	0.742661	0.257339	0	0.1875	0.09375	0.573629	0.580726	0.580726	1.76187e-05	0.09375	0.123777	0.742661	0.742661	0.0766036	0.0709073	0.425444	0	0.0251392	0.575618	0.191873	0	0.142496	0	0	1	0.6875	0.09375	0	0.0340909	0.00167872	1	
86	0.827204	0.172796	0	0.1875	0.09375	0.577587	0.58677	0.58677	0.000107996	0.09375	0.137867	0.827204	0.827204	0.095037	0.0783779	0.470267	0	0.0307155	0.673774	0.224591	0	0.185783	0	0	1	0.6875	0.09375	0	0.0298295	0.00121869	0	
86	0.172796	0.827204	0	0.09375	0.046875	0.619243	0.691091	0.691091	0.00272489	0.046875	0.0575987	0.172796	0.172796	0.00663521	0.0327524	0.0982571	0	0.00214543	0.569185	0	0.189728	0.0327843	0	0	0	0.6875	0.046875	0	0.0113636	0.00031476	0	
87	0.387837	0.612163	0	0.125	0.0625	0.575126	0.591727	0.591727	9.43984e-05	0.0625	0.0969593	0.387837	0.387837	0.0282033	0.0554785	0.221914	0	0.0092336	0.588146	0.196049	0	0.0760349	0	0	1	0.6875	0.0625	0	0.0142045	0.000552847	0	
87	0.387837	0.612163	0	0.09375	0.046875	0.614044	0.688488	0.688488	0.00278532	0.046875	0.129279	0.387837	0.387837	0.0334261	0.0739714	0.221914	0	0.0109435	0.67493	0	0.224977	0.0872544	0	0	1	0.6875	0.046875	0	0.015625	0.000310724	0	
87	0.764782	0.235218	0	0.125	0.0625	0.572765	0.582367	0.582367	9.57199e-05	0.0625	0.191195	0.764782	0.764782	0.109667	0.111346	0.445383	0	0.0371937	0.673774	0.224591	0	0.171763	0	0	1	0.6875	0.0625	0	0.0142045	0.000552847	1	
87	0.612163	0.387837	0	0.09375	0.046875	0.634173	0.669514	0.669514	0.00246417	0.046875	0.204054	0.612163	0.612163	0.0832763	0.115081	0.345242	0	0.0264872	0.578595	0.192865	0	0.118065	0	0	0	0.6875	0.046875	0	0.0184659	0.000435821	0	
87	0.612163	0.387837	0	0.09375	0.046875	0.635293	0.744488	0.744488	0.00614825	0.046875	0.204054	0.612163	0.612163	0.0832763	0.115081	0.345242	0	0.0264872	0.471591	0	0.157197	0.0962302	0	0	0	0.6875	0.046875	0	0.00994318	0.000322831	0	
88	0.319319	0.680681	0	0.25	0.125	0.587417	0.688488	0.688488	0.00149499	0.125	0.0399149	0.319319	0.319319	0.0111524	0.0228658	0.182927	0	0.00365992	0.560292	0	0.186764	0.0596373	0	0	1	0.75	0.125	0	0.0403646	0.00250075	1	
88	0.680681	0.319319	0	0.1875	0.09375	0.576682	0.583107	0.583107	1.83392e-05	0.09375	0.113447	0.680681	0.680681	0.0643509	0.0657064	0.394238	0	0.0215866	0.475394	0.158465	0	0.107864	0	0	0	0.75	0.09375	0	0.0338542	0.0017022	0	
88	0.832008	0.167992	0	0.15625	0.078125	0.62614	0.673398	0.673398	0.000558748	0.078125	0.166402	0.832008	0.832008	0.110758	0.102369	0.511847	0	0.0419179	0.53248	0	0.177493	0.147676	0	0	1	0.75	0.078125	0	0.0286458	0.00105116	0	
89	0.621507	0.378493	0	0.0625	0.03125	0.5727	0.576096	0.576096	1.15337e-05	0.03125	0.310754	0.319319	0.319319	7.33707e-05	0.177998	0.183959	0.172037	3.55325e-05	0.395073	0	0.131691	0.0818468	0	0	0	0.6875	0.03125	0	0.0113636	0.000225981	0	
89	0.697812	0.302188	0	0.09375	0.046875	0.572961	0.576096	0.576096	1.15693e-05	0.046875	0.232604	0.378493	0.378493	0.0276359	0.133807	0.217464	0	0.00913932	0.560292	0	0.186764	0.130326	0	0	1	0.6875	0.046875	0	0.015625	0.000443892	0	
89	1	1.11022e-16	0.012857	0.09375	0.046875	0.584042	0.586167	0.586167	2.50774e-06	0.046875	0.333333	1	1	0.222222	0.194122	0.582367	0	0.0753669	0.465529	0.155176	0	0.155176	0	0	1	0.6875	0.046875	0	0.0255682	0.000411609	0	
89	1	1.11022e-16	-0.000459226	0.125	0.0625	0.577865	0.58677	0.58677	0.000124613	0.0625	0.25	1	1	0.1875	0.145592	0.582367	0	0.0635908	0.582454	0.194151	0	0.194151	0	0	1	0.6875	0.0625	0	0.03125	0.000710227	0	
89	0.680681	0.319319	0	0.0625	0.03125	0.571928	0.574552	0.574552	6.88642e-06	0.03125	0.34034	0.378493	0.378493	0.0014556	0.19475	0.217464	0.172037	0.000515902	0.475394	0.158465	0	0.107864	0	0	0	0.6875	0.03125	0	0.0113636	0.000225981	1	
89	1	1.11022e-16	0	0.1875	0.09375	0.579747	0.58677	0.58677	9.20757e-05	0.09375	0.166667	1	1	0.138889	0.0970611	0.582367	0	0.0471043	0.673774	0.224591	0	0.224591	0	0	1	0.6875	0.09375	0	0.0397727	0.00121465	0	
90	0.00303483	0.996965	0	0.1875	0.09375	0.591922	0.61207	0.61207	0.000102227	0.09375	0.000505805	0.00303483	0.00303483	1.27919e-06	0.000294564	0.00176738	0	4.33839e-07	0.465529	0.155176	0	0.000470933	0	0	1	0.5625	0.09375	0	0.0399306	0.00136236	0	
90	0.496586	0.503414	0	0.125	0.0625	0.627929	0.744488	0.744488	0.00477389	0.0625	0.124147	0.496586	0.496586	0.0462371	0.0752124	0.30085	0	0.0169707	0.471591	0	0.157197	0.0780619	0	0	0	0.5625	0.0625	0	0.0225694	0.000711323	1	
91	0.562191	0.437809	0	0.15625	0.078125	0.576022	0.591727	0.591727	0.000131753	0.078125	0.112438	0.562191	0.562191	0.0505694	0.0654803	0.327401	0	0.0171507	0.582454	0.194151	0	0.10915	0	0	1	0.5625	0.078125	0	0.0260417	0.00103082	0	
91	0.148396	0.851604	0	0.09375	0.046875	0.649248	0.744488	0.744488	0.00454716	0.046875	0.0494654	0.148396	0.148396	0.00489365	0.0299679	0.0899037	0	0.00179615	0.531432	0	0.177144	0.0262875	0	0	0	0.5625	0.046875	0	0.0138889	0.000349633	1	
92	0.444785	0.555215	0	0.09375	0.046875	0.579155	0.580726	0.580726	4.67888e-06	0.046875	0.148262	0.444785	0.444785	0.0439631	0.085413	0.256239	0	0.0145908	0.395073	0	0.131691	0.0585742	0	0	0	0.8125	0.046875	0	0.0204327	0.000390047	0	
92	0.555215	0.444785	0	0.15625	0.078125	0.581667	0.607831	0.607831	0.000246651	0.078125	0.111043	0.555215	0.555215	0.0493221	0.063537	0.317685	0	0.0161478	0.588146	0.196049	0	0.108849	0	0	1	0.8125	0.078125	0	0.0180288	0.000782984	1	
92	0.994926	0.00507436	0	0.15625	0.078125	0.576022	0.591727	0.591727	0.000131753	0.078125	0.198985	0.994926	0.994926	0.15838	0.115882	0.579411	0	0.0537148	0.582454	0.194151	0	0.193166	0	0	1	0.8125	0.078125	0	0.0180288	0.000858104	0	
92	0.555215	0.444785	0	0.125	0.0625	0.61249	0.688488	0.688488	0.00209623	0.0625	0.138804	0.555215	0.555215	0.0577994	0.0794212	0.317685	0	0.0189232	0.67493	0	0.224977	0.12491	0	0	1	0.8125	0.0625	0	0.0192308	0.00049406	0	
93	0.00303483	0.996965	0	0.1875	0.09375	0.591922	0.61207	0.61207	0.000102227	0.09375	0.000505805	0.00303483	0.00303483	1.27919e-06	0.000294564	0.00176738	0	4.33839e-07	0.465529	0.155176	0	0.000470933	0	0	1	0.6875	0.09375	0	0.0298295	0.00126307	1	
94	0.99748	0.00251988	0	0.1875	0.09375	0.591085	0.688488	0.688488	0.00193834	0.09375	0.166247	0.99748	0.99748	0.13819	0.0952367	0.57142	0	0.0453502	0.560292	0	0.186764	0.186293	0	0	1	0.5	0.09375	0	0.0273438	0.00114441	0	
94	0.00251988	0.99748	0	0.03125	0.015625	0.672121	0.672121	0.672121	0	0.015625	0.00251988	0.00251988	0.00251988	0	0.00169366	0.00169366	0.00169366	0	0.560662	0.186887	0	0.000470933	0	0	0	0.5	0.015625	0	0.00585938	5.72205e-05	1	
95	0.0300536	0.969946	0	0.03125	0.015625	0.603815	0.603815	0.603815	0	0.015625	0.0300536	0.0300536	0.0300536	0	0.0181468	0.0181468	0.0181468	0	0.354265	0.118088	0	0.00354899	0	0	0	0.9375	0.015625	0	0.00208333	2.82118e-05	1	
95	0.469946	0.530054	0	0.09375	0.046875	0.634173	0.669514	0.669514	0.00246417	0.046875	0.156649	0.469946	0.469946	0.0490777	0.0883454	0.265036	0	0.0156098	0.578595	0.192865	0	0.0906362	0	0	0	0.9375	0.046875	0	0.0135417	0.000386285	0	
95	0.0300536	0.969946	0	0.03125	0.015625	0.603815	0.603815	0.603815	0	0.015625	0.0300536	0.0300536	0.0300536	0	0.0181468	0.0181468	0.0181468	0	0.318994	0.106331	0	0.00319564	0	0	0	0.9375	0.015625	0	0.00208333	2.82118e-05	1	
95	0.0300536	0.969946	0	0.03125	0.015625	0.603815	0.603815	0.603815	0	0.015625	0.0300536	0.0300536	0.0300536	0	0.0181468	0.0181468	0.0181468	0	0.413888	0.137963	0	0.00414628	0	0	0	0.9375	0.015625	0	0.00208333	2.82118e-05	1	
95	0.0300536	0.969946	0	0.03125	0.015625	0.603815	0.603815	0.603815	0	0.015625	0.0300536	0.0300536	0.0300536	0	0.0181468	0.0181468	0.0181468	0	0.304287	0.101429	0	0.00304831	0	0	0	0.9375	0.015625	0	0.00208333	2.82118e-05	1	
95	0.469946	0.530054	0	0.09375	0.046875	0.635293	0.744488	0.744488	0.00614825	0.046875	0.156649	0.469946	0.469946	0.0490777	0.0883454	0.265036	0	0.0156098	0.471591	0	0.157197	0.0738742	0	0	0	0.9375	0.046875	0	0.00729167	0.000256076	0	
95	0.768499	0.231501	0	0.125	0.0625	0.62922	0.673398	0.673398	0.00065099	0.0625	0.192125	0.768499	0.768499	0.110736	0.118194	0.472776	0	0.0419095	0.53248	0	0.177493	0.136404	0	0	1	0.9375	0.0625	0	0.0177083	0.000646701	1	
96	0.998254	0.0017464	0	0.1875	0.09375	0.591085	0.688488	0.688488	0.00193834	0.09375	0.166376	0.998254	0.998254	0.138404	0.0953106	0.571863	0	0.0454205	0.560292	0	0.186764	0.186438	0	0	1	0.75	0.09375	0	0.0221354	0.000954522	0	
96	0.998254	0.0017464	0	0.15625	0.078125	0.610061	0.72404	0.72404	0.00358732	0.078125	0.199651	0.998254	0.998254	0.159442	0.117149	0.585745	0	0.0548955	0.582454	0.194151	0	0.193812	0	0	1	0.75	0.078125	0	0.0286458	0.00080702	0	
96	0.0017464	0.998254	0	0.03125	0.015625	0.603815	0.603815	0.603815	0	0.015625	0.0017464	0.0017464	0.0017464	0	0.0010545	0.0010545	0.0010545	0	0.354265	0.118088	0	0.000206229	0	0	0	0.75	0.015625	0	0.00260417	3.39084e-05	1	
96	0.0017464	0.998254	0	0.03125	0.015625	0.603815	0.603815	0.603815	0	0.015625	0.0017464	0.0017464	0.0017464	0	0.0010545	0.0010545	0.0010545	0	0.318994	0.106331	0	0.000185697	0	0	0	0.75	0.015625	0	0.00260417	3.39084e-05	0	
96	0.0017464	0.998254	0	0.03125	0.015625	0.603815	0.603815	0.603815	0	0.015625	0.0017464	0.0017464	0.0017464	0	0.0010545	0.0010545	0.0010545	0	0.413888	0.137963	0	0.000240937	0	0	0	0.75	0.015625	0	0.00260417	3.39084e-05	1	
96	0.0017464	0.998254	0	0.03125	0.015625	0.603815	0.603815	0.603815	0	0.015625	0.0017464	0.0017464	0.0017464	0	0.0010545	0.0010545	0.0010545	0	0.304287	0.101429	0	0.000177135	0	0	0	0.75	0.015625	0	0.00260417	3.39084e-05	0	
97	0.998234	0.00176624	0	0.1875	0.09375	0.591085	0.688488	0.688488	0.00193834	0.09375	0.166372	0.998234	0.998234	0.138399	0.0953087	0.571852	0	0.0454187	0.560292	0	0.186764	0.186434	0	0	1	0.875	0.09375	0	0.0189732	0.000878159	0	
97	0.000883122	0.999117	0	0.125	0.0625	0.686889	0.75081	0.75081	0.00514687	0.0625	0.00022078	0.000883122	0.000883122	1.46232e-07	0.000165708	0.00066283	0	8.2377e-08	0.370095	0.123365	0	0.000108946	0	0	0	0.875	0.0625	0	0.0122768	0.000494509	0	
97	0.000883122	0.999117	0	0.1875	0.09375	0.666543	0.75081	0.75081	0.00488066	0.09375	0.000147187	0.000883122	0.000883122	1.0832e-07	0.000110472	0.00066283	0	6.102e-08	0.379033	0.126344	0	0.000111577	0	0	1	0.875	0.09375	0	0.0178571	0.00111109	1	
97	0.00176624	0.998234	0	0.1875	0.09375	0.681544	0.75081	0.75081	0.0023979	0.09375	0.000294374	0.000883122	0.000883122	1.73312e-07	0.000204824	0.00066283	0	8.46853e-08	0.425326	0.141775	0	0.00025041	0	0	0	0.875	0.09375	0	0.0245536	0.00114098	1	
98	0.543433	0.456567	0	0.15625	0.078125	0.577975	0.583107	0.583107	2.39469e-05	0.078125	0.108687	0.271716	0.271716	0.0177191	0.0628655	0.157793	0	0.00592827	0.395073	0	0.131691	0.0715651	0	0	0	0.6875	0.078125	0	0.0369318	0.000944279	0	
98	0.728284	0.271716	0	0.125	0.0625	0.584958	0.607831	0.607831	0.000254154	0.0625	0.182071	0.456567	0.456567	0.037421	0.106599	0.26124	0	0.0125174	0.588146	0.196049	0	0.142779	0	0	1	0.6875	0.0625	0	0.0198864	0.000581095	0	
98	0.728284	0.271716	0	0.15625	0.078125	0.576022	0.591727	0.591727	0.000131753	0.078125	0.145657	0.728284	0.728284	0.0848635	0.0848256	0.424128	0	0.0287815	0.582454	0.194151	0	0.141397	0	0	1	0.6875	0.078125	0	0.0213068	0.000944279	1	
98	0.747587	0.252413	0	0.125	0.0625	0.627089	0.669514	0.669514	0.00199869	0.0625	0.186897	0.747587	0.747587	0.104791	0.113229	0.452915	0	0.0384622	0.578595	0.192865	0	0.144183	0	0	0	0.6875	0.0625	0	0.0184659	0.000746546	0	
99	0.819319	0.180681	0	0.15625	0.078125	0.577975	0.583107	0.583107	2.39469e-05	0.078125	0.163864	0.319319	0.319319	0.0204637	0.0949504	0.185437	0	0.00684995	0.395073	0	0.131691	0.107897	0	0	0	1	0.078125	0	0.0332031	0.00103378	0	
99	0.680681	0.319319	0	0.1875	0.09375	0.576682	0.583107	0.583107	1.83392e-05	0.09375	0.113447	0.319319	0.319319	0.0150058	0.0656366	0.184653	0	0.00502071	0.475394	0.158465	0	0.107864	0	0	0	1	0.09375	0	0.0361328	0.00133419	1	
99	0.0434358	0.956564	0	0.09375	0.046875	0.644479	0.692018	0.692018	0.00327616	0.046875	0.0144786	0.0434358	0.0434358	0.000419259	0.0100194	0.0300583	0	0.000200778	0.471591	0	0.157197	0.00682798	0	0	0	1	0.046875	0	0.0117188	0.000350952	0	
100	0.996228	0.00377185	0	0.1875	0.09375	0.591085	0.688488	0.688488	0.00193834	0.09375	0.166038	0.996228	0.996228	0.137843	0.0951172	0.570703	0	0.0452364	0.560292	0	0.186764	0.186059	0	0	1	0.8125	0.09375	0	0.0204327	0.000915888	0	
100	0.00188592	0.998114	0	0.09375	0.046875	0.634587	0.669514	0.669514	0.00170055	0.046875	0.000628642	0.00188592	0.00188592	7.90381e-07	0.000362524	0.00108757	0	2.62847e-07	0.370095	0.123365	0	0.000232657	0	0	0	0.8125	0.046875	0	0.00961538	0.000320705	0	
100	0.00188592	0.998114	0	0.21875	0.109375	0.64681	0.706698	0.706698	0.00201336	0.109375	0.000269418	0.00188592	0.00188592	4.35516e-07	0.000155367	0.00108757	0	1.44834e-07	0.379033	0.126344	0	0.000238276	0	0	1	0.8125	0.109375	0	0.0252404	0.00171043	1	
100	0.00188592	0.998114	0	0.125	0.0625	0.624474	0.669514	0.669514	0.00201153	0.0625	0.000471481	0.00188592	0.00188592	6.66884e-07	0.000271893	0.00108757	0	2.21777e-07	0.341063	0	0.113688	0.000214407	0	0	1	0.8125	0.0625	0	0.0120192	0.00053162	0	
101	0.687789	0.312211	0	0.25	0.125	0.630713	0.736011	0.736011	0.00268913	0.125	0.0859737	0.655617	0.655617	0.0464672	0.0521141	0.398504	0	0.0171772	0.67493	0	0.224977	0.154737	0	0	1	0.875	0.125	0	0.0368304	0.00179991	0	
101	0.687789	0.312211	0	0.28125	0.140625	0.615577	0.736011	0.736011	0.0021626	0.140625	0.0764211	0.655617	0.655617	0.0420342	0.0465846	0.400404	0	0.0156831	0.452101	0	0.1507	0.10365	0	0	0	0.875	0.140625	0	0.0412946	0.00246258	0	
101	0.312211	0.687789	0	0.125	0.0625	0.624474	0.669514	0.669514	0.00201153	0.0625	0.0780526	0.312211	0.312211	0.0182766	0.045479	0.181916	0	0.00620503	0.379033	0.126344	0	0.0394461	0	0	1	0.875	0.0625	0	0.015625	0.000662667	0	
101	0.655617	0.344383	0	0.09375	0.046875	0.604936	0.63545	0.63545	0.000760918	0.046875	0.218539	0.655617	0.655617	0.0955187	0.133468	0.400404	0	0.0356273	0.569185	0	0.189728	0.124389	0	0	0	0.875	0.046875	0	0.00892857	0.000269053	1	
101	0.312211	0.687789	0	0.125	0.0625	0.624474	0.669514	0.669514	0.00201153	0.0625	0.0780526	0.312211	0.312211	0.0182766	0.045479	0.181916	0	0.00620503	0.341063	0	0.113688	0.0354945	0	0	1	0.875	0.0625	0	0.015625	0.000662667	0	
101	0.312211	0.687789	0	0.03125	0.015625	0.582671	0.582671	0.582671	0	0.015625	0.312211	0.312211	0.312211	0	0.181916	0.181916	0.181916	0	0.53248	0	0.177493	0.0554153	0	0	1	0.875	0.015625	0	0.00334821	4.11053e-05	0	
102	0.950526	0.0494744	0	0.25	0.125	0.573989	0.58107	0.58107	4.28012e-05	0.125	0.118816	0.418714	0.418714	0.0256275	0.0676955	0.234558	0	0.00823834	0.560292	0	0.186764	0.177524	0	0	1	1	0.125	0	0.0517578	0.00206661	1	
102	0.581286	0.418714	0	0.15625	0.078125	0.583793	0.595933	0.595933	0.000161967	0.078125	0.116257	0.290643	0.290643	0.0202736	0.0675921	0.172848	0	0.00685902	0.588146	0.196049	0	0.11396	0	0	1	1	0.078125	0	0.0224609	0.000792503	0	
102	0.758831	0.241169	0	0.25	0.125	0.57538	0.583107	0.583107	4.18744e-05	0.125	0.0948539	0.468188	0.468188	0.028962	0.0543265	0.266541	0	0.00946013	0.475394	0.158465	0	0.120248	0	0	0	1	0.125	0	0.0498047	0.00205135	0	
103	0.338809	0.661191	0	0.15625	0.078125	0.577975	0.583107	0.583107	2.39469e-05	0.078125	0.0677619	0.338809	0.338809	0.0183667	0.0385771	0.192886	0	0.00595277	0.395073	0	0.131691	0.0446181	0	0	0	0.5625	0.078125	0	0.0329861	0.00105493	1	
103	0.661191	0.338809	0	0.1875	0.09375	0.578547	0.591727	0.591727	0.000130554	0.09375	0.110198	0.661191	0.661191	0.0607185	0.0643111	0.385866	0	0.0206796	0.582454	0.194151	0	0.128371	0	0	1	0.5625	0.09375	0	0.0364583	0.00119358	0	
103	0.338809	0.661191	0	0.15625	0.078125	0.576182	0.583107	0.583107	2.05066e-05	0.078125	0.0677619	0.338809	0.338809	0.0183667	0.0385771	0.192886	0	0.00595277	0.475394	0.158465	0	0.0536893	0	0	0	0.5625	0.078125	0	0.0329861	0.00116344	1	
103	0.661191	0.338809	0	0.1875	0.09375	0.577587	0.58677	0.58677	0.000107996	0.09375	0.110198	0.661191	0.661191	0.0607185	0.0626481	0.375888	0	0.0196239	0.673774	0.224591	0	0.148498	0	0	1	0.5625	0.09375	0	0.0364583	0.00124783	0	
103	0.933328	0.0666718	0	0.15625	0.078125	0.62614	0.673398	0.673398	0.000558748	0.078125	0.186666	0.933328	0.933328	0.139376	0.114836	0.574178	0	0.0527489	0.53248	0	0.177493	0.16566	0	0	1	0.5625	0.078125	0	0.0295139	0.00127194	1	
104	0.264499	0.735501	0	0.15625	0.078125	0.580168	0.59613	0.59613	0.000169795	0.078125	0.0528997	0.264499	0.264499	0.0111935	0.0315351	0.157676	0	0.00397786	0.588146	0.196049	0	0.0518546	0	0	1	0.875	0.078125	0	0.0256696	0.000858229	0	
104	0.0269459	0.973054	0	0.03125	0.015625	0.603815	0.603815	0.603815	0	0.015625	0.0269459	0.0269459	0.0269459	0	0.0162704	0.0162704	0.0162704	0	0.354265	0.118088	0	0.003182	0	0	0	0.875	0.015625	0	0.00223214	2.98948e-05	0	
104	0.208555	0.791445	0	0.09375	0.046875	0.634173	0.669514	0.669514	0.00246417	0.046875	0.0695184	0.208555	0.208555	0.00966563	0.0392064	0.117619	0	0.00307428	0.578595	0.192865	0	0.040223	0	0	0	0.875	0.046875	0	0.0122768	0.000389878	0	
104	0.0269459	0.973054	0	0.03125	0.015625	0.603815	0.603815	0.603815	0	0.015625	0.0269459	0.0269459	0.0269459	0	0.0162704	0.0162704	0.0162704	0	0.318994	0.106331	0	0.00286519	0	0	0	0.875	0.015625	0	0.00223214	2.98948e-05	0	
104	0.0269459	0.973054	0	0.03125	0.015625	0.603815	0.603815	0.603815	0	0.015625	0.0269459	0.0269459	0.0269459	0	0.0162704	0.0162704	0.0162704	0	0.413888	0.137963	0	0.00371753	0	0	0	0.875	0.015625	0	0.00223214	2.98948e-05	0	
104	0.0269459	0.973054	0	0.03125	0.015625	0.603815	0.603815	0.603815	0	0.015625	0.0269459	0.0269459	0.0269459	0	0.0162704	0.0162704	0.0162704	0	0.304287	0.101429	0	0.0027331	0	0	0	0.875	0.015625	0	0.00223214	2.98948e-05	0	
104	0.208555	0.791445	0	0.09375	0.046875	0.635293	0.744488	0.744488	0.00614825	0.046875	0.0695184	0.208555	0.208555	0.00966563	0.0392064	0.117619	0	0.00307428	0.471591	0	0.157197	0.0327843	0	0	0	0.875	0.046875	0	0.0078125	0.000270299	1	
105	0.545794	0.454206	0	0.15625	0.078125	0.576022	0.591727	0.591727	0.000131753	0.078125	0.109159	0.545794	0.545794	0.0476626	0.0635705	0.317852	0	0.0161648	0.582454	0.194151	0	0.105967	0	0	1	0.6875	0.078125	0	0.0241477	0.000903926	0	
105	0.766232	0.233768	0	0.15625	0.078125	0.62614	0.673398	0.673398	0.000558748	0.078125	0.153246	0.766232	0.766232	0.0939379	0.0942764	0.471382	0	0.0355521	0.53248	0	0.177493	0.136001	0	0	1	0.6875	0.078125	0	0.03125	0.00106534	1	
106	0.789427	0.210573	0	0.03125	0.015625	0.576096	0.576096	0.576096	0	0.015625	0.789427	0.789427	0.789427	0	0.454786	0.454786	0.454786	0	0.395073	0	0.131691	0.10396	0	0	0	0.75	0.015625	0	0.00390625	4.57764e-05	1	
106	0.996025	0.00397479	0	0.0625	0.03125	0.572165	0.576096	0.576096	1.54542e-05	0.03125	0.498013	0.789427	0.789427	0.0849222	0.286091	0.454786	0.117396	0.0284579	0.575618	0.191873	0	0.19111	0	0	1	0.75	0.03125	0	0.0078125	0.000183105	0	
106	0.996025	0.00397479	0	0.0625	0.03125	0.572165	0.576096	0.576096	1.54542e-05	0.03125	0.498013	0.789427	0.789427	0.0849222	0.286091	0.454786	0.117396	0.0284579	0.560292	0	0.186764	0.186022	0	0	1	0.75	0.03125	0	0.0078125	0.000183105	0	
106	0.00794958	0.99205	0	0.15625	0.078125	0.591185	0.61207	0.61207	0.000119415	0.078125	0.00158992	0.00794958	0.00794958	1.01113e-05	0.000927865	0.00463932	0	3.44373e-06	0.465529	0.155176	0	0.00123359	0	0	1	0.75	0.078125	0	0.0390625	0.000671387	0	
107	1	2.22045e-16	0.0253161	0.1875	0.09375	0.589598	0.607831	0.607831	9.75147e-05	0.09375	0.166667	0.454206	0.454206	0.0340392	0.0969178	0.26424	0	0.0115272	0.465529	0.155176	0	0.155176	0	0	1	0.5625	0.09375	0	0.0434028	0.00156129	0	
107	0.545794	0.454206	0	0.15625	0.078125	0.576022	0.591727	0.591727	0.000131753	0.078125	0.109159	0.361365	0.361365	0.0210041	0.0634533	0.210447	0	0.00711335	0.582454	0.194151	0	0.105967	0	0	1	0.5625	0.078125	0	0.0295139	0.000946422	0	
107	0.815571	0.184429	0	0.125	0.0625	0.61249	0.688488	0.688488	0.00209623	0.0625	0.203893	0.815571	0.815571	0.124717	0.116664	0.466657	0	0.0408316	0.67493	0	0.224977	0.183485	0	0	1	0.5625	0.0625	0	0.0277778	0.000530478	1	
108	0.671301	0.328699	0	0.125	0.0625	0.600327	0.63545	0.63545	0.00063075	0.0625	0.167825	0.671301	0.671301	0.084496	0.0960269	0.384108	0	0.0276635	0.67493	0	0.224977	0.151027	0	0	1	0.6875	0.0625	0	0.0227273	0.000593201	0	
108	0.0238513	0.976149	0	0.03125	0.015625	0.603815	0.603815	0.603815	0	0.015625	0.0238513	0.0238513	0.0238513	0	0.0144018	0.0144018	0.0144018	0	0.354265	0.118088	0	0.00281657	0	0	0	0.6875	0.015625	0	0.00284091	3.63184e-05	1	
108	0.140498	0.859502	0	0.09375	0.046875	0.634173	0.669514	0.669514	0.00246417	0.046875	0.0468327	0.140498	0.140498	0.0043866	0.0264123	0.0792369	0	0.00139522	0.578595	0.192865	0	0.0270972	0	0	0	0.6875	0.046875	0	0.0127841	0.000435821	0	
108	0.0238513	0.976149	0	0.03125	0.015625	0.603815	0.603815	0.603815	0	0.015625	0.0238513	0.0238513	0.0238513	0	0.0144018	0.0144018	0.0144018	0	0.318994	0.106331	0	0.00253614	0	0	0	0.6875	0.015625	0	0.00284091	3.63184e-05	1	
108	0.0238513	0.976149	0	0.03125	0.015625	0.603815	0.603815	0.603815	0	0.015625	0.0238513	0.0238513	0.0238513	0	0.0144018	0.0144018	0.0144018	0	0.413888	0.137963	0	0.00329059	0	0	0	0.6875	0.015625	0	0.00284091	3.63184e-05	1	
108	0.0238513	0.976149	0	0.03125	0.015625	0.603815	0.603815	0.603815	0	0.015625	0.0238513	0.0238513	0.0238513	0	0.0144018	0.0144018	0.0144018	0	0.304287	0.101429	0	0.00241922	0	0	0	0.6875	0.015625	0	0.00284091	3.63184e-05	1	
108	0.140498	0.859502	0	0.03125	0.015625	0.563971	0.563971	0.563971	0	0.015625	0.140498	0.140498	0.140498	0	0.0792369	0.0792369	0.0792369	0	0.471591	0	0.157197	0.0220859	0	0	0	0.6875	0.015625	0	0.00426136	4.84246e-05	0	
109	0.648399	0.351601	0	0.15625	0.078125	0.583793	0.595933	0.595933	0.000161967	0.078125	0.12968	0.3242	0.3242	0.0252253	0.075396	0.192805	0	0.00853429	0.588146	0.196049	0	0.127118	0	0	1	1	0.078125	0	0.0214844	0.00082016	0	
109	0.6758	0.3242	0	0.25	0.125	0.57538	0.583107	0.583107	4.18744e-05	0.125	0.084475	0.351601	0.351601	0.021455	0.0484553	0.200168	0	0.00705383	0.475394	0.158465	0	0.10709	0	0	0	1	0.125	0	0.0527344	0.00188828	0	
109	0.938686	0.0613139	0	0.21875	0.109375	0.58788	0.611084	0.611084	0.000145755	0.109375	0.134098	0.938686	0.938686	0.107894	0.0819451	0.573616	0	0.04029	0.452101	0	0.1507	0.14146	0	0	0	1	0.109375	0	0.0292969	0.00146103	1	
110	0.248949	0.751051	0	0.15625	0.078125	0.577975	0.583107	0.583107	2.39469e-05	0.078125	0.0497898	0.248949	0.248949	0.00991609	0.0283455	0.141728	0	0.00321387	0.395073	0	0.131691	0.0327843	0	0	0	0.5625	0.078125	0	0.0347222	0.00107301	0	
110	0.661191	0.338809	0	0.1875	0.09375	0.578547	0.591727	0.591727	0.000130554	0.09375	0.110198	0.661191	0.661191	0.0607185	0.0643111	0.385866	0	0.0206796	0.582454	0.194151	0	0.128371	0	0	1	0.5625	0.09375	0	0.0364583	0.00119358	0	
110	0.338809	0.661191	0	0.1875	0.09375	0.573797	0.583107	0.583107	4.55217e-05	0.09375	0.0564682	0.248949	0.248949	0.00848642	0.0320363	0.141728	0	0.00274634	0.475394	0.158465	0	0.0536893	0	0	0	0.5625	0.09375	0	0.0399306	0.00152513	1	
110	0.661191	0.338809	0	0.1875	0.09375	0.577587	0.58677	0.58677	0.000107996	0.09375	0.110198	0.661191	0.661191	0.0607185	0.0626481	0.375888	0	0.0196239	0.673774	0.224591	0	0.148498	0	0	1	0.5625	0.09375	0	0.0364583	0.00124783	0	
111	0.00303483	0.996965	0	0.15625	0.078125	0.591185	0.61207	0.61207	0.000119415	0.078125	0.000606966	0.00303483	0.00303483	1.47363e-06	0.000353476	0.00176738	0	4.99782e-07	0.465529	0.155176	0	0.000470933	0	0	1	0.5	0.078125	0	0.0351562	0.000900269	0	
111	0.818871	0.181129	0	0.125	0.0625	0.627929	0.744488	0.744488	0.00477389	0.0625	0.204718	0.818871	0.818871	0.125728	0.124025	0.496101	0	0.0461469	0.471591	0	0.157197	0.128724	0	0	0	0.5	0.0625	0	0.0253906	0.000728607	1	
112	0.607355	0.392645	0	0.1875	0.09375	0.577587	0.58677	0.58677	0.000107996	0.09375	0.101226	0.607355	0.607355	0.0512333	0.0575471	0.345283	0	0.0165584	0.673774	0.224591	0	0.136407	0	0	1	0.8125	0.09375	0	0.0288462	0.00112102	1	
112	0.172796	0.827204	0	0.09375	0.046875	0.619243	0.691091	0.691091	0.00272489	0.046875	0.0575987	0.172796	0.172796	0.00663521	0.0327524	0.0982571	0	0.00214543	0.569185	0	0.189728	0.0327843	0	0	0	0.8125	0.046875	0	0.00961538	0.000283145	0	
113	0.432962	0.567038	0	0.09375	0.046875	0.57549	0.58107	0.58107	2.3258e-05	0.046875	0.144321	0.263721	0.263721	0.011902	0.0831967	0.15324	0	0.00400027	0.395073	0	0.131691	0.0570172	0	0	0	0.625	0.046875	0	0.021875	0.000498047	0	
113	0.736279	0.263721	0	0.125	0.0625	0.572046	0.576096	0.576096	1.11843e-05	0.0625	0.18407	0.567038	0.567038	0.0536619	0.105536	0.325793	0	0.0177183	0.575618	0.191873	0	0.141272	0	0	1	0.625	0.0625	0	0.0265625	0.000783691	1	
113	0.830759	0.169241	0	0.125	0.0625	0.574988	0.58107	0.58107	2.10077e-05	0.0625	0.20769	0.567038	0.567038	0.0546351	0.119758	0.325793	0	0.0180638	0.560292	0	0.186764	0.155156	0	0	1	0.625	0.0625	0	0.0265625	0.000783691	0	
114	1	1.11022e-16	0	0.1875	0.09375	0.578491	0.583107	0.583107	2.12863e-05	0.09375	0.166667	0.646154	0.646154	0.0497334	0.0954344	0.367858	0	0.0160859	0.395073	0	0.131691	0.131691	0	0	0	1.125	0.09375	0	0.0416667	0.0011122	0	
114	1	1.11022e-16	0.0438847	0.3125	0.15625	0.601574	0.735338	0.735338	0.00318765	0.15625	0.1	0.677603	0.677603	0.0403732	0.0565478	0.379584	0	0.0126922	0.560292	0	0.186764	0.186764	0	0	1	1.125	0.15625	0	0.0668403	0.00306005	0	
114	0.0943482	0.905652	0	0.15625	0.078125	0.619907	0.735338	0.735338	0.0034504	0.078125	0.0188696	0.0628988	0.0628988	0.000633002	0.0111759	0.0366302	0	0.00021756	0.465529	0.155176	0	0.0146406	0	0	1	1.125	0.078125	0	0.0243056	0.00090121	0	
114	0.0628988	0.937101	0	0.25	0.125	0.671642	0.753667	0.753667	0.00428692	0.125	0.00786235	0.0314494	0.0314494	0.00018545	0.00536759	0.0236914	0	8.76663e-05	0.67493	0	0.224977	0.0141508	0	0	1	1.125	0.125	0	0.0303819	0.00177605	1	
114	0.16515	0.83485	0	0.15625	0.078125	0.64749	0.691091	0.691091	0.000706266	0.078125	0.03303	0.16515	0.16515	0.00436392	0.0200716	0.100358	0	0.00161147	0.425326	0.141775	0	0.0234142	0	0	0	1.125	0.078125	0	0.0199653	0.000808527	0	
115	0.148842	0.851158	0	0.0625	0.03125	0.623096	0.669514	0.669514	0.00215465	0.03125	0.0744209	0.148842	0.148842	0.00553848	0.0429169	0.0858338	0	0.00184186	0.370095	0.123365	0	0.0183619	0	0	0	0.75	0.03125	0	0.00911458	0.00018141	0	
115	0.657532	0.342468	0	0.09375	0.046875	0.614044	0.688488	0.688488	0.00278532	0.046875	0.219177	0.657532	0.657532	0.0960775	0.12541	0.376229	0	0.0314552	0.67493	0	0.224977	0.14793	0	0	1	0.75	0.046875	0	0.0143229	0.00030348	1	
115	0.148842	0.851158	0	0.125	0.0625	0.624474	0.669514	0.669514	0.00201153	0.0625	0.0372105	0.148842	0.148842	0.00415386	0.0214584	0.0858338	0	0.00138139	0.379033	0.126344	0	0.0188053	0	0	1	0.75	0.0625	0	0.0182292	0.00072564	0	
115	0.148842	0.851158	0	0.125	0.0625	0.624474	0.669514	0.669514	0.00201153	0.0625	0.0372105	0.148842	0.148842	0.00415386	0.0214584	0.0858338	0	0.00138139	0.341063	0	0.113688	0.0169215	0	0	1	0.75	0.0625	0	0.0182292	0.00072564	0	
116	0.543433	0.456567	0	0.15625	0.078125	0.577975	0.583107	0.583107	2.39469e-05	0.078125	0.108687	0.271716	0.271716	0.0177191	0.0628655	0.157793	0	0.00592827	0.395073	0	0.131691	0.0715651	0	0	0	0.75	0.078125	0	0.0338542	0.000969781	0	
116	0.456567	0.543433	0	0.125	0.0625	0.584958	0.607831	0.607831	0.000254154	0.0625	0.114142	0.456567	0.456567	0.0390851	0.0653101	0.26124	0	0.0127962	0.588146	0.196049	0	0.0895094	0	0	1	0.75	0.0625	0	0.0208333	0.000542535	0	
116	0.75026	0.24974	0	0.125	0.0625	0.627089	0.669514	0.669514	0.00199869	0.0625	0.187565	0.75026	0.75026	0.105542	0.113634	0.454534	0	0.0387377	0.578595	0.192865	0	0.144699	0	0	0	0.75	0.0625	0	0.0169271	0.000710381	1	
117	0.267253	0.732747	0	0.125	0.0625	0.584958	0.607831	0.607831	0.000254154	0.0625	0.0668133	0.267253	0.267253	0.013392	0.0382295	0.152918	0	0.00438448	0.588146	0.196049	0	0.0523946	0	0	1	0.75	0.0625	0	0.0130208	0.000400119	1	
117	0.732747	0.267253	0	0.15625	0.078125	0.611646	0.688488	0.688488	0.00167983	0.078125	0.146549	0.267253	0.267253	0.0144766	0.0859647	0.152918	0	0.00495842	0.67493	0	0.224977	0.164851	0	0	1	0.75	0.078125	0	0.0208333	0.000745985	0	
118	0.648399	0.351601	0	0.15625	0.078125	0.583793	0.595933	0.595933	0.000161967	0.078125	0.12968	0.3242	0.3242	0.0252253	0.075396	0.192805	0	0.00853429	0.588146	0.196049	0	0.127118	0	0	1	0.9375	0.078125	0	0.0229167	0.000842014	1	
118	0.6758	0.3242	0	0.25	0.125	0.57538	0.583107	0.583107	4.18744e-05	0.125	0.084475	0.351601	0.351601	0.021455	0.0484553	0.200168	0	0.00705383	0.475394	0.158465	0	0.10709	0	0	0	0.9375	0.125	0	0.0447917	0.00191623	1	
119	0.840093	0.159907	0	0.28125	0.140625	0.625689	0.736011	0.736011	0.00245472	0.140625	0.0933436	0.680185	0.680185	0.0455339	0.0564351	0.416419	0	0.0170125	0.67493	0	0.224977	0.189001	0	0	1	0.75	0.140625	0	0.0416667	0.00237359	1	
120	0.00303483	0.996965	0	0.15625	0.078125	0.591185	0.61207	0.61207	0.000119415	0.078125	0.000606966	0.00303483	0.00303483	1.47363e-06	0.000353476	0.00176738	0	4.99782e-07	0.465529	0.155176	0	0.000470933	0	0	1	0.5	0.078125	0	0.0292969	0.00100327	1	
121	0.242617	0.757383	0	0.09375	0.046875	0.626072	0.688488	0.688488	0.00206766	0.046875	0.0808723	0.121308	0.121308	0.00327017	0.0481081	0.0737883	0	0.00115896	0.67493	0	0.224977	0.0545832	0	0	1	0.75	0.046875	0	0.0143229	0.00026279	1	
121	0.378692	0.621308	0	0.125	0.0625	0.624474	0.669514	0.669514	0.00201153	0.0625	0.0946729	0.378692	0.378692	0.0268889	0.0551632	0.220653	0	0.00912893	0.379033	0.126344	0	0.0478456	0	0	1	0.75	0.0625	0	0.0130208	0.00056288	1	
121	0.378692	0.621308	0	0.15625	0.078125	0.62268	0.669514	0.669514	0.00162209	0.078125	0.0757383	0.378692	0.378692	0.0229452	0.0441305	0.220653	0	0.00779002	0.341063	0	0.113688	0.0430526	0	0	1	0.75	0.078125	0	0.015625	0.000854492	0	
121	0.378692	0.621308	0	0.0625	0.03125	0.599088	0.615504	0.615504	0.000269497	0.03125	0.189346	0.378692	0.378692	0.0358518	0.110326	0.220653	0	0.0121719	0.53248	0	0.177493	0.0672153	0	0	1	0.75	0.03125	0	0.00520833	0.000135634	0	
122	0.99748	0.00251988	0	0.0625	0.03125	0.572165	0.576096	0.576096	1.54542e-05	0.03125	0.49874	0.99748	0.99748	0.248742	0.287322	0.574644	0	0.082554	0.560292	0	0.186764	0.186293	0	0	1	0.5	0.03125	0	0.00976562	0.000179291	1	
122	0.00251988	0.99748	0	0.03125	0.015625	0.654897	0.654897	0.654897	0	0.015625	0.00251988	0.00251988	0.00251988	0	0.00165026	0.00165026	0.00165026	0	0.560662	0.186887	0	0.000470933	0	0	0	0.5	0.015625	0	0.00585938	5.72205e-05	0	
123	0.373458	0.626542	0	0.125	0.0625	0.624474	0.669514	0.669514	0.00201153	0.0625	0.0933646	0.373458	0.373458	0.0261508	0.0544009	0.217603	0	0.00887837	0.379033	0.126344	0	0.0471844	0	0	1	0.75	0.0625	0	0.0130208	0.00056288	0	
123	0.5	0.5	0	0.15625	0.078125	0.62268	0.669514	0.669514	0.00162209	0.078125	0.1	0.373458	0.373458	0.0210968	0.0590981	0.217603	0	0.00719095	0.341063	0	0.113688	0.0568439	0	0	1	0.75	0.078125	0	0.015625	0.000854492	0	
123	0.126542	0.873458	0	0.0625	0.03125	0.679996	0.744488	0.744488	0.00415923	0.03125	0.0632708	0.126542	0.126542	0.0040032	0.0389434	0.0778869	0	0.00151659	0.456619	0	0.152206	0.0192604	0	0	0	0.75	0.03125	0	0.00651042	0.00014072	1	
123	0.5	0.5	0	0.0625	0.03125	0.599088	0.615504	0.615504	0.000269497	0.03125	0.25	0.373458	0.373458	0.015242	0.147745	0.217603	0.0778869	0.00488018	0.53248	0	0.177493	0.0887467	0	0	1	0.75	0.03125	0	0.00520833	0.000135634	0	
124	0.545794	0.454206	0	0.15625	0.078125	0.576022	0.591727	0.591727	0.000131753	0.078125	0.109159	0.545794	0.545794	0.0476626	0.0635705	0.317852	0	0.0161648	0.582454	0.194151	0	0.105967	0	0	1	0.6875	0.078125	0	0.0241477	0.000903926	0	
124	0.772462	0.227538	0	0.1875	0.09375	0.592628	0.688488	0.688488	0.0018847	0.09375	0.128744	0.772462	0.772462	0.0828747	0.0737526	0.442516	0	0.0271972	0.547059	0	0.182353	0.140861	0	0	1	0.6875	0.09375	0	0.0326705	0.00130746	1	
125	0.987526	0.0124737	0	0.15625	0.078125	0.610061	0.72404	0.72404	0.00358732	0.078125	0.197505	0.987526	0.987526	0.156033	0.11589	0.579451	0	0.0537221	0.582454	0.194151	0	0.19173	0	0	1	0.75	0.078125	0	0.0234375	0.000752767	0	
125	0.00623683	0.993763	0	0.03125	0.015625	0.603815	0.603815	0.603815	0	0.015625	0.00623683	0.00623683	0.00623683	0	0.00376589	0.00376589	0.00376589	0	0.354265	0.118088	0	0.000736497	0	0	0	0.75	0.015625	0	0.00260417	3.39084e-05	1	
125	0.00623683	0.993763	0	0.03125	0.015625	0.603815	0.603815	0.603815	0	0.015625	0.00623683	0.00623683	0.00623683	0	0.00376589	0.00376589	0.00376589	0	0.318994	0.106331	0	0.000663169	0	0	0	0.75	0.015625	0	0.00260417	3.39084e-05	1	
125	0.00623683	0.993763	0	0.03125	0.015625	0.603815	0.603815	0.603815	0	0.015625	0.00623683	0.00623683	0.00623683	0	0.00376589	0.00376589	0.00376589	0	0.413888	0.137963	0	0.000860449	0	0	0	0.75	0.015625	0	0.00260417	3.39084e-05	1	
125	0.00623683	0.993763	0	0.03125	0.015625	0.603815	0.603815	0.603815	0	0.015625	0.00623683	0.00623683	0.00623683	0	0.00376589	0.00376589	0.00376589	0	0.304287	0.101429	0	0.000632595	0	0	0	0.75	0.015625	0	0.00260417	3.39084e-05	1	
126	0.386351	0.613649	0	0.15625	0.078125	0.583793	0.595933	0.595933	0.000161967	0.078125	0.0772702	0.193175	0.193175	0.00895603	0.044925	0.114883	0	0.00303003	0.588146	0.196049	0	0.0757436	0	0	1	1	0.078125	0	0.0214844	0.00082016	1	
127	0.545794	0.454206	0	0.15625	0.078125	0.576022	0.591727	0.591727	0.000131753	0.078125	0.109159	0.545794	0.545794	0.0476626	0.0635705	0.317852	0	0.0161648	0.582454	0.194151	0	0.105967	0	0	1	0.75	0.078125	0	0.0221354	0.000873142	0	
127	0.635034	0.364966	0	0.15625	0.078125	0.616026	0.673398	0.673398	0.00101962	0.078125	0.127007	0.635034	0.635034	0.0645229	0.0781338	0.390669	0	0.0244196	0.341063	0	0.113688	0.0721956	0	0	1	0.75	0.078125	0	0.0260417	0.00103082	1	
128	0.00251988	0.99748	0	0.09375	0.046875	0.663293	0.667491	0.667491	3.52438e-05	0.046875	0.00083996	0.00251988	0.00251988	1.41106e-06	0.000560665	0.001682	0	6.28691e-07	0.560662	0.186887	0	0.000470933	0	0	0	0.8125	0.046875	0	0.0144231	0.000355376	1	
129	0.827204	0.172796	0	0.1875	0.09375	0.578547	0.591727	0.591727	0.000130554	0.09375	0.137867	0.654408	0.654408	0.057344	0.0806927	0.381908	0	0.0195401	0.582454	0.194151	0	0.160603	0	0	1	0.6875	0.09375	0	0.0340909	0.00110166	1	
129	0.567562	0.432438	0	0.1875	0.09375	0.624043	0.669514	0.669514	0.00118251	0.09375	0.0945937	0.567562	0.567562	0.0447398	0.0581935	0.349161	0	0.0169324	0.379033	0.126344	0	0.0717083	0	0	1	0.6875	0.09375	0	0.0284091	0.00167872	0	
129	0.172796	0.827204	0	0.09375	0.046875	0.619243	0.691091	0.691091	0.00272489	0.046875	0.0575987	0.172796	0.172796	0.00663521	0.0327524	0.0982571	0	0.00214543	0.569185	0	0.189728	0.0327843	0	0	0	0.6875	0.046875	0	0.0113636	0.00031476	0	
130	0.000883122	0.999117	0	0.09375	0.046875	0.665582	0.750554	0.750554	0.00504655	0.046875	0.000294374	0.000883122	0.000883122	1.73312e-07	0.000220943	0.00066283	0	9.7632e-08	0.370095	0.123365	0	0.000108946	0	0	0	0.8125	0.046875	0	0.00961538	0.000320705	1	
130	0.000883122	0.999117	0	0.15625	0.078125	0.64969	0.750554	0.750554	0.00415259	0.078125	0.000176624	0.000883122	0.000883122	1.24785e-07	0.000132566	0.00066283	0	7.0295e-08	0.379033	0.126344	0	0.000111577	0	0	1	0.8125	0.078125	0	0.015625	0.000863882	0	
130	0.00176624	0.998234	0	0.125	0.0625	0.672397	0.750554	0.750554	0.00204674	0.0625	0.000441561	0.000883122	0.000883122	1.94976e-07	0.000307236	0.00066283	0	9.55632e-08	0.425326	0.141775	0	0.00025041	0	0	0	0.8125	0.0625	0	0.0180288	0.000595183	1	
131	0.00332169	0.996678	0	0.09375	0.046875	0.646345	0.649216	0.649216	1.41156e-05	0.046875	0.00110723	0.00110723	0.00110723	0	0.000715652	0.000718832	0.000709776	1.73052e-11	0.425326	0.141775	0	0.000470933	0	0	0	0.8125	0.046875	0	0.0144231	0.000355376	1	
132	1	2.22045e-16	-0.143335	0.25	0.125	0.634791	0.725572	0.725572	0.00461467	0.125	0.125	0.993562	0.993562	0.107772	0.0716075	0.5685	0	0.035272	0.588146	0.196049	0	0.196049	0	0	1	0.8125	0.125	0	0.0444712	0.00217271	0	
132	0.00128763	0.998712	0	0.1875	0.09375	0.709654	0.85259	0.85259	0.00755244	0.09375	0.000214605	0.00128763	0.00128763	2.30277e-07	0.000167699	0.00100619	0	1.40614e-07	0.379033	0.126344	0	0.000162685	0	0	1	0.8125	0.09375	0	0.0216346	0.00114703	1	
132	0.00128763	0.998712	0	0.09375	0.046875	0.796569	0.85259	0.85259	0.00167959	0.046875	0.000429211	0.00128763	0.00128763	3.68443e-07	0.000335397	0.00100619	0	2.24983e-07	0.413888	0.137963	0	0.000177645	0	0	0	0.8125	0.046875	0	0.00841346	0.000286035	0	
132	0.00128763	0.998712	0	0.0625	0.03125	0.768558	0.781428	0.781428	0.000165633	0.03125	0.000643816	0.00128763	0.00128763	4.14499e-07	0.000503096	0.00100619	0	2.53106e-07	0.304287	0.101429	0	0.000130603	0	0	0	0.8125	0.03125	0	0.00480769	0.000127126	0	
132	0.00128763	0.998712	0	0.125	0.0625	0.743094	0.85259	0.85259	0.00983822	0.0625	0.000321908	0.00128763	0.00128763	3.10874e-07	0.000251548	0.00100619	0	1.89829e-07	0.53248	0	0.177493	0.000228546	0	0	1	0.8125	0.0625	0	0.0108173	0.000502727	0	
133	0.00136217	0.998638	0	0.03125	0.015625	0.940572	0.940572	0.940572	0	0.015625	0.00136217	0.00136217	0.00136217	0	0.00128122	0.00128122	0.00128122	0	0.3371	0	0.112367	0.000153063	0	0	0	0.8125	0.015625	0	0.00240385	3.17816e-05	0	
133	0.00136217	0.998638	0	0.03125	0.015625	0.940572	0.940572	0.940572	0	0.015625	0.00136217	0.00136217	0.00136217	0	0.00128122	0.00128122	0.00128122	0	0.318994	0.106331	0	0.000144841	0	0	0	0.8125	0.015625	0	0.00240385	3.17816e-05	0	
133	0.00136217	0.998638	0	0.09375	0.046875	0.846917	0.940572	0.940572	0.00569996	0.046875	0.000454057	0.00136217	0.00136217	4.12335e-07	0.000427073	0.00128122	0	3.64783e-07	0.413888	0.137963	0	0.000187929	0	0	0	0.8125	0.046875	0	0.00841346	0.000286035	1	
133	0.00136217	0.998638	0	0.0625	0.03125	0.84813	0.940572	0.940572	0.00854552	0.03125	0.000681085	0.00136217	0.00136217	4.63877e-07	0.00064061	0.00128122	0	4.10381e-07	0.304287	0.101429	0	0.000138164	0	0	0	0.8125	0.03125	0	0.00480769	0.000127126	0	
134	0.545794	0.454206	0	0.15625	0.078125	0.576022	0.591727	0.591727	0.000131753	0.078125	0.109159	0.545794	0.545794	0.0476626	0.0635705	0.317852	0	0.0161648	0.582454	0.194151	0	0.105967	0	0	1	0.6875	0.078125	0	0.0241477	0.000903926	1	
135	0.302029	0.697971	0	0.125	0.0625	0.601428	0.615194	0.615194	0.000239396	0.0625	0.0755073	0.302029	0.302029	0.0171041	0.0464517	0.185807	0	0.00647327	0.379033	0.126344	0	0.0381597	0	0	1	0.75	0.0625	0	0.0208333	0.000664605	1	
